{"text": "The large screen gives you the option to comfortably watch movies or TV shows on your computer instead of buying an additional TV for your dorm room .", "tokens": ["The", "large", "screen", "gives", "you", "the", "option", "to", "comfortably", "watch", "movies", "or", "TV", "shows", "on", "your", "computer", "instead", "of", "buying", "an", "additional", "TV", "for", "your", "dorm", "room", "."], "record": "<extra_id_0> <extra_id_0> opinion <extra_id_5> large <extra_id_1> <extra_id_0> aspect <extra_id_5> screen <extra_id_0> positive <extra_id_5> large <extra_id_1> <extra_id_1> <extra_id_1>", "entity": [{"type": "aspect", "offset": [2], "text": "screen"}, {"type": "opinion", "offset": [1], "text": "large"}], "relation": [{"type": "positive", "args": [{"type": "aspect", "offset": [2], "text": "screen"}, {"type": "opinion", "offset": [1], "text": "large"}]}], "event": [], "spot": ["aspect", "opinion"], "asoc": ["positive"], "spot_asoc": [{"span": "large", "label": "opinion", "asoc": []}, {"span": "screen", "label": "aspect", "asoc": [["positive", "large"]]}]}
{"text": "I 've also had to have the keyboard replaced at my expense .", "tokens": ["I", "'ve", "also", "had", "to", "have", "the", "keyboard", "replaced", "at", "my", "expense", "."], "record": "<extra_id_0> <extra_id_0> aspect <extra_id_5> keyboard <extra_id_0> negative <extra_id_5> replaced <extra_id_1> <extra_id_1> <extra_id_0> opinion <extra_id_5> replaced <extra_id_1> <extra_id_1>", "entity": [{"type": "aspect", "offset": [7], "text": "keyboard"}, {"type": "opinion", "offset": [8], "text": "replaced"}], "relation": [{"type": "negative", "args": [{"type": "aspect", "offset": [7], "text": "keyboard"}, {"type": "opinion", "offset": [8], "text": "replaced"}]}], "event": [], "spot": ["aspect", "opinion"], "asoc": ["negative"], "spot_asoc": [{"span": "keyboard", "label": "aspect", "asoc": [["negative", "replaced"]]}, {"span": "replaced", "label": "opinion", "asoc": []}]}
{"text": "The shop will definitely push the problem to the service center .", "tokens": ["The", "shop", "will", "definitely", "push", "the", "problem", "to", "the", "service", "center", "."], "record": "<extra_id_0> <extra_id_0> opinion <extra_id_5> problem <extra_id_1> <extra_id_0> aspect <extra_id_5> service center <extra_id_0> neutral <extra_id_5> problem <extra_id_1> <extra_id_1> <extra_id_1>", "entity": [{"type": "aspect", "offset": [9, 10], "text": "service center"}, {"type": "opinion", "offset": [6], "text": "problem"}], "relation": [{"type": "neutral", "args": [{"type": "aspect", "offset": [9, 10], "text": "service center"}, {"type": "opinion", "offset": [6], "text": "problem"}]}], "event": [], "spot": ["aspect", "opinion"], "asoc": ["neutral"], "spot_asoc": [{"span": "problem", "label": "opinion", "asoc": []}, {"span": "service center", "label": "aspect", "asoc": [["neutral", "problem"]]}]}
