{"text": "The menu prices are a bit expensive for what you get in quality and portion size .", "tokens": ["The", "menu", "prices", "are", "a", "bit", "expensive", "for", "what", "you", "get", "in", "quality", "and", "portion", "size", "."], "record": "<extra_id_0> <extra_id_0> aspect <extra_id_5> menu prices <extra_id_0> negative <extra_id_5> expensive <extra_id_1> <extra_id_1> <extra_id_0> opinion <extra_id_5> expensive <extra_id_1> <extra_id_1>", "entity": [{"type": "aspect", "offset": [1, 2], "text": "menu prices"}, {"type": "opinion", "offset": [6], "text": "expensive"}], "relation": [{"type": "negative", "args": [{"type": "aspect", "offset": [1, 2], "text": "menu prices"}, {"type": "opinion", "offset": [6], "text": "expensive"}]}], "event": [], "spot": ["aspect", "opinion"], "asoc": ["negative"], "spot_asoc": [{"span": "menu prices", "label": "aspect", "asoc": [["negative", "expensive"]]}, {"span": "expensive", "label": "opinion", "asoc": []}]}
{"text": "The menu choices are similar but the taste lacked more flavor than it looked .", "tokens": ["The", "menu", "choices", "are", "similar", "but", "the", "taste", "lacked", "more", "flavor", "than", "it", "looked", "."], "record": "<extra_id_0> <extra_id_0> aspect <extra_id_5> menu choices <extra_id_0> neutral <extra_id_5> similar <extra_id_1> <extra_id_1> <extra_id_0> opinion <extra_id_5> similar <extra_id_1> <extra_id_0> aspect <extra_id_5> taste <extra_id_0> negative <extra_id_5> lacked <extra_id_1> <extra_id_1> <extra_id_0> opinion <extra_id_5> lacked <extra_id_1> <extra_id_0> aspect <extra_id_5> flavor <extra_id_0> negative <extra_id_5> lacked <extra_id_1> <extra_id_1> <extra_id_1>", "entity": [{"type": "aspect", "offset": [7], "text": "taste"}, {"type": "aspect", "offset": [1, 2], "text": "menu choices"}, {"type": "aspect", "offset": [10], "text": "flavor"}, {"type": "opinion", "offset": [8], "text": "lacked"}, {"type": "opinion", "offset": [4], "text": "similar"}], "relation": [{"type": "negative", "args": [{"type": "aspect", "offset": [7], "text": "taste"}, {"type": "opinion", "offset": [8], "text": "lacked"}]}, {"type": "neutral", "args": [{"type": "aspect", "offset": [1, 2], "text": "menu choices"}, {"type": "opinion", "offset": [4], "text": "similar"}]}, {"type": "negative", "args": [{"type": "aspect", "offset": [10], "text": "flavor"}, {"type": "opinion", "offset": [8], "text": "lacked"}]}], "event": [], "spot": ["aspect", "opinion"], "asoc": ["neutral", "negative"], "spot_asoc": [{"span": "menu choices", "label": "aspect", "asoc": [["neutral", "similar"]]}, {"span": "similar", "label": "opinion", "asoc": []}, {"span": "taste", "label": "aspect", "asoc": [["negative", "lacked"]]}, {"span": "lacked", "label": "opinion", "asoc": []}, {"span": "flavor", "label": "aspect", "asoc": [["negative", "lacked"]]}]}
{"text": "Wait staff is blantently unappreciative of your business but its the best pie on the UWS !", "tokens": ["Wait", "staff", "is", "blantently", "unappreciative", "of", "your", "business", "but", "its", "the", "best", "pie", "on", "the", "UWS", "!"], "record": "<extra_id_0> <extra_id_0> aspect <extra_id_5> Wait staff <extra_id_0> negative <extra_id_5> unappreciative <extra_id_1> <extra_id_1> <extra_id_0> opinion <extra_id_5> unappreciative <extra_id_1> <extra_id_0> opinion <extra_id_5> best <extra_id_1> <extra_id_0> aspect <extra_id_5> pie <extra_id_0> positive <extra_id_5> best <extra_id_1> <extra_id_1> <extra_id_1>", "entity": [{"type": "aspect", "offset": [0, 1], "text": "Wait staff"}, {"type": "aspect", "offset": [12], "text": "pie"}, {"type": "opinion", "offset": [4], "text": "unappreciative"}, {"type": "opinion", "offset": [11], "text": "best"}], "relation": [{"type": "negative", "args": [{"type": "aspect", "offset": [0, 1], "text": "Wait staff"}, {"type": "opinion", "offset": [4], "text": "unappreciative"}]}, {"type": "positive", "args": [{"type": "aspect", "offset": [12], "text": "pie"}, {"type": "opinion", "offset": [11], "text": "best"}]}], "event": [], "spot": ["aspect", "opinion"], "asoc": ["positive", "negative"], "spot_asoc": [{"span": "Wait staff", "label": "aspect", "asoc": [["negative", "unappreciative"]]}, {"span": "unappreciative", "label": "opinion", "asoc": []}, {"span": "best", "label": "opinion", "asoc": []}, {"span": "pie", "label": "aspect", "asoc": [["positive", "best"]]}]}
{"text": "The appetizers are just OK and the main courses were decidedly subpar .", "tokens": ["The", "appetizers", "are", "just", "OK", "and", "the", "main", "courses", "were", "decidedly", "subpar", "."], "record": "<extra_id_0> <extra_id_0> aspect <extra_id_5> appetizers <extra_id_0> neutral <extra_id_5> OK <extra_id_1> <extra_id_1> <extra_id_0> opinion <extra_id_5> OK <extra_id_1> <extra_id_0> aspect <extra_id_5> main courses <extra_id_0> negative <extra_id_5> subpar <extra_id_1> <extra_id_1> <extra_id_0> opinion <extra_id_5> subpar <extra_id_1> <extra_id_1>", "entity": [{"type": "aspect", "offset": [1], "text": "appetizers"}, {"type": "aspect", "offset": [7, 8], "text": "main courses"}, {"type": "opinion", "offset": [4], "text": "OK"}, {"type": "opinion", "offset": [11], "text": "subpar"}], "relation": [{"type": "neutral", "args": [{"type": "aspect", "offset": [1], "text": "appetizers"}, {"type": "opinion", "offset": [4], "text": "OK"}]}, {"type": "negative", "args": [{"type": "aspect", "offset": [7, 8], "text": "main courses"}, {"type": "opinion", "offset": [11], "text": "subpar"}]}], "event": [], "spot": ["aspect", "opinion"], "asoc": ["negative", "neutral"], "spot_asoc": [{"span": "appetizers", "label": "aspect", "asoc": [["neutral", "OK"]]}, {"span": "OK", "label": "opinion", "asoc": []}, {"span": "main courses", "label": "aspect", "asoc": [["negative", "subpar"]]}, {"span": "subpar", "label": "opinion", "asoc": []}]}
{"text": "The service is decent even when this small place is packed .", "tokens": ["The", "service", "is", "decent", "even", "when", "this", "small", "place", "is", "packed", "."], "record": "<extra_id_0> <extra_id_0> aspect <extra_id_5> service <extra_id_0> positive <extra_id_5> decent <extra_id_1> <extra_id_1> <extra_id_0> opinion <extra_id_5> decent <extra_id_1> <extra_id_0> opinion <extra_id_5> small <extra_id_1> <extra_id_0> aspect <extra_id_5> place <extra_id_0> negative <extra_id_5> small <extra_id_1> <extra_id_0> negative <extra_id_5> packed <extra_id_1> <extra_id_1> <extra_id_0> opinion <extra_id_5> packed <extra_id_1> <extra_id_1>", "entity": [{"type": "aspect", "offset": [1], "text": "service"}, {"type": "aspect", "offset": [8], "text": "place"}, {"type": "opinion", "offset": [3], "text": "decent"}, {"type": "opinion", "offset": [7], "text": "small"}, {"type": "opinion", "offset": [10], "text": "packed"}], "relation": [{"type": "positive", "args": [{"type": "aspect", "offset": [1], "text": "service"}, {"type": "opinion", "offset": [3], "text": "decent"}]}, {"type": "negative", "args": [{"type": "aspect", "offset": [8], "text": "place"}, {"type": "opinion", "offset": [7], "text": "small"}]}, {"type": "negative", "args": [{"type": "aspect", "offset": [8], "text": "place"}, {"type": "opinion", "offset": [10], "text": "packed"}]}], "event": [], "spot": ["aspect", "opinion"], "asoc": ["positive", "negative"], "spot_asoc": [{"span": "service", "label": "aspect", "asoc": [["positive", "decent"]]}, {"span": "decent", "label": "opinion", "asoc": []}, {"span": "small", "label": "opinion", "asoc": []}, {"span": "place", "label": "aspect", "asoc": [["negative", "small"], ["negative", "packed"]]}, {"span": "packed", "label": "opinion", "asoc": []}]}
{"text": "It 's a place for people who pay a lot for mediocre food , noise and a chance to be with their fellow bridge and tunnel folks .", "tokens": ["It", "'s", "a", "place", "for", "people", "who", "pay", "a", "lot", "for", "mediocre", "food", ",", "noise", "and", "a", "chance", "to", "be", "with", "their", "fellow", "bridge", "and", "tunnel", "folks", "."], "record": "<extra_id_0> <extra_id_0> opinion <extra_id_5> mediocre <extra_id_1> <extra_id_0> aspect <extra_id_5> food <extra_id_0> neutral <extra_id_5> mediocre <extra_id_1> <extra_id_1> <extra_id_0> aspect <extra_id_5> noise <extra_id_0> negative <extra_id_5> mediocre <extra_id_1> <extra_id_1> <extra_id_1>", "entity": [{"type": "aspect", "offset": [12], "text": "food"}, {"type": "aspect", "offset": [14], "text": "noise"}, {"type": "opinion", "offset": [11], "text": "mediocre"}], "relation": [{"type": "neutral", "args": [{"type": "aspect", "offset": [12], "text": "food"}, {"type": "opinion", "offset": [11], "text": "mediocre"}]}, {"type": "negative", "args": [{"type": "aspect", "offset": [14], "text": "noise"}, {"type": "opinion", "offset": [11], "text": "mediocre"}]}], "event": [], "spot": ["aspect", "opinion"], "asoc": ["negative", "neutral"], "spot_asoc": [{"span": "mediocre", "label": "opinion", "asoc": []}, {"span": "food", "label": "aspect", "asoc": [["neutral", "mediocre"]]}, {"span": "noise", "label": "aspect", "asoc": [["negative", "mediocre"]]}]}
{"text": "Faan 's got a great concept but a little rough on the delivery .", "tokens": ["Faan", "'s", "got", "a", "great", "concept", "but", "a", "little", "rough", "on", "the", "delivery", "."], "record": "<extra_id_0> <extra_id_0> opinion <extra_id_5> rough <extra_id_1> <extra_id_0> aspect <extra_id_5> delivery <extra_id_0> negative <extra_id_5> rough <extra_id_1> <extra_id_1> <extra_id_1>", "entity": [{"type": "aspect", "offset": [12], "text": "delivery"}, {"type": "opinion", "offset": [9], "text": "rough"}], "relation": [{"type": "negative", "args": [{"type": "aspect", "offset": [12], "text": "delivery"}, {"type": "opinion", "offset": [9], "text": "rough"}]}], "event": [], "spot": ["aspect", "opinion"], "asoc": ["negative"], "spot_asoc": [{"span": "rough", "label": "opinion", "asoc": []}, {"span": "delivery", "label": "aspect", "asoc": [["negative", "rough"]]}]}
{"text": "The place is a little tight and on a cold day , the seating by the entranceway can be pretty drafty .", "tokens": ["The", "place", "is", "a", "little", "tight", "and", "on", "a", "cold", "day", ",", "the", "seating", "by", "the", "entranceway", "can", "be", "pretty", "drafty", "."], "record": "<extra_id_0> <extra_id_0> aspect <extra_id_5> place <extra_id_0> negative <extra_id_5> tight <extra_id_1> <extra_id_1> <extra_id_0> opinion <extra_id_5> tight <extra_id_1> <extra_id_0> aspect <extra_id_5> seating <extra_id_0> negative <extra_id_5> drafty <extra_id_1> <extra_id_1> <extra_id_0> opinion <extra_id_5> drafty <extra_id_1> <extra_id_1>", "entity": [{"type": "aspect", "offset": [13], "text": "seating"}, {"type": "aspect", "offset": [1], "text": "place"}, {"type": "opinion", "offset": [20], "text": "drafty"}, {"type": "opinion", "offset": [5], "text": "tight"}], "relation": [{"type": "negative", "args": [{"type": "aspect", "offset": [13], "text": "seating"}, {"type": "opinion", "offset": [20], "text": "drafty"}]}, {"type": "negative", "args": [{"type": "aspect", "offset": [1], "text": "place"}, {"type": "opinion", "offset": [5], "text": "tight"}]}], "event": [], "spot": ["aspect", "opinion"], "asoc": ["negative"], "spot_asoc": [{"span": "place", "label": "aspect", "asoc": [["negative", "tight"]]}, {"span": "tight", "label": "opinion", "asoc": []}, {"span": "seating", "label": "aspect", "asoc": [["negative", "drafty"]]}, {"span": "drafty", "label": "opinion", "asoc": []}]}
{"text": "I am relatively new to the area and tried Pick a bgel on 2nd and was disappointed with the service and I thought the food was overated and on the pricey side .", "tokens": ["I", "am", "relatively", "new", "to", "the", "area", "and", "tried", "Pick", "a", "bgel", "on", "2nd", "and", "was", "disappointed", "with", "the", "service", "and", "I", "thought", "the", "food", "was", "overated", "and", "on", "the", "pricey", "side", "."], "record": "<extra_id_0> <extra_id_0> opinion <extra_id_5> disappointed <extra_id_1> <extra_id_0> aspect <extra_id_5> service <extra_id_0> negative <extra_id_5> disappointed <extra_id_1> <extra_id_1> <extra_id_0> aspect <extra_id_5> food <extra_id_0> negative <extra_id_5> overated <extra_id_1> <extra_id_0> negative <extra_id_5> pricey <extra_id_1> <extra_id_1> <extra_id_0> opinion <extra_id_5> overated <extra_id_1> <extra_id_0> opinion <extra_id_5> pricey <extra_id_1> <extra_id_1>", "entity": [{"type": "aspect", "offset": [19], "text": "service"}, {"type": "aspect", "offset": [24], "text": "food"}, {"type": "opinion", "offset": [16], "text": "disappointed"}, {"type": "opinion", "offset": [26], "text": "overated"}, {"type": "opinion", "offset": [30], "text": "pricey"}], "relation": [{"type": "negative", "args": [{"type": "aspect", "offset": [19], "text": "service"}, {"type": "opinion", "offset": [16], "text": "disappointed"}]}, {"type": "negative", "args": [{"type": "aspect", "offset": [24], "text": "food"}, {"type": "opinion", "offset": [26], "text": "overated"}]}, {"type": "negative", "args": [{"type": "aspect", "offset": [24], "text": "food"}, {"type": "opinion", "offset": [30], "text": "pricey"}]}], "event": [], "spot": ["aspect", "opinion"], "asoc": ["negative"], "spot_asoc": [{"span": "disappointed", "label": "opinion", "asoc": []}, {"span": "service", "label": "aspect", "asoc": [["negative", "disappointed"]]}, {"span": "food", "label": "aspect", "asoc": [["negative", "overated"], ["negative", "pricey"]]}, {"span": "overated", "label": "opinion", "asoc": []}, {"span": "pricey", "label": "opinion", "asoc": []}]}
{"text": "For some reason , all the seafood on the menu was unavailable except for the Salmon .", "tokens": ["For", "some", "reason", ",", "all", "the", "seafood", "on", "the", "menu", "was", "unavailable", "except", "for", "the", "Salmon", "."], "record": "<extra_id_0> <extra_id_0> aspect <extra_id_5> seafood <extra_id_0> negative <extra_id_5> unavailable <extra_id_1> <extra_id_1> <extra_id_0> aspect <extra_id_5> menu <extra_id_0> negative <extra_id_5> unavailable <extra_id_1> <extra_id_1> <extra_id_0> opinion <extra_id_5> unavailable <extra_id_1> <extra_id_0> opinion <extra_id_5> except <extra_id_1> <extra_id_0> aspect <extra_id_5> Salmon <extra_id_0> neutral <extra_id_5> except <extra_id_1> <extra_id_1> <extra_id_1>", "entity": [{"type": "aspect", "offset": [6], "text": "seafood"}, {"type": "aspect", "offset": [9], "text": "menu"}, {"type": "aspect", "offset": [15], "text": "Salmon"}, {"type": "opinion", "offset": [11], "text": "unavailable"}, {"type": "opinion", "offset": [12], "text": "except"}], "relation": [{"type": "negative", "args": [{"type": "aspect", "offset": [6], "text": "seafood"}, {"type": "opinion", "offset": [11], "text": "unavailable"}]}, {"type": "negative", "args": [{"type": "aspect", "offset": [9], "text": "menu"}, {"type": "opinion", "offset": [11], "text": "unavailable"}]}, {"type": "neutral", "args": [{"type": "aspect", "offset": [15], "text": "Salmon"}, {"type": "opinion", "offset": [12], "text": "except"}]}], "event": [], "spot": ["aspect", "opinion"], "asoc": ["neutral", "negative"], "spot_asoc": [{"span": "seafood", "label": "aspect", "asoc": [["negative", "unavailable"]]}, {"span": "menu", "label": "aspect", "asoc": [["negative", "unavailable"]]}, {"span": "unavailable", "label": "opinion", "asoc": []}, {"span": "except", "label": "opinion", "asoc": []}, {"span": "Salmon", "label": "aspect", "asoc": [["neutral", "except"]]}]}
{"text": "This is a consistently great place to dine for lunch or dinner .", "tokens": ["This", "is", "a", "consistently", "great", "place", "to", "dine", "for", "lunch", "or", "dinner", "."], "record": "<extra_id_0> <extra_id_0> opinion <extra_id_5> great <extra_id_1> <extra_id_0> aspect <extra_id_5> dine <extra_id_0> positive <extra_id_5> great <extra_id_1> <extra_id_1> <extra_id_1>", "entity": [{"type": "aspect", "offset": [7], "text": "dine"}, {"type": "opinion", "offset": [4], "text": "great"}], "relation": [{"type": "positive", "args": [{"type": "aspect", "offset": [7], "text": "dine"}, {"type": "opinion", "offset": [4], "text": "great"}]}], "event": [], "spot": ["aspect", "opinion"], "asoc": ["positive"], "spot_asoc": [{"span": "great", "label": "opinion", "asoc": []}, {"span": "dine", "label": "aspect", "asoc": [["positive", "great"]]}]}
{"text": "very good breads as well .", "tokens": ["very", "good", "breads", "as", "well", "."], "record": "<extra_id_0> <extra_id_0> opinion <extra_id_5> good <extra_id_1> <extra_id_0> aspect <extra_id_5> breads <extra_id_0> positive <extra_id_5> good <extra_id_1> <extra_id_1> <extra_id_1>", "entity": [{"type": "aspect", "offset": [2], "text": "breads"}, {"type": "opinion", "offset": [1], "text": "good"}], "relation": [{"type": "positive", "args": [{"type": "aspect", "offset": [2], "text": "breads"}, {"type": "opinion", "offset": [1], "text": "good"}]}], "event": [], "spot": ["aspect", "opinion"], "asoc": ["positive"], "spot_asoc": [{"span": "good", "label": "opinion", "asoc": []}, {"span": "breads", "label": "aspect", "asoc": [["positive", "good"]]}]}
{"text": "I would highly recommend this place to anyone looking for a casual atmosphere that whisks you away to the left bank of the river Seine .", "tokens": ["I", "would", "highly", "recommend", "this", "place", "to", "anyone", "looking", "for", "a", "casual", "atmosphere", "that", "whisks", "you", "away", "to", "the", "left", "bank", "of", "the", "river", "Seine", "."], "record": "<extra_id_0> <extra_id_0> opinion <extra_id_5> casual <extra_id_1> <extra_id_0> aspect <extra_id_5> atmosphere <extra_id_0> positive <extra_id_5> casual <extra_id_1> <extra_id_1> <extra_id_1>", "entity": [{"type": "aspect", "offset": [12], "text": "atmosphere"}, {"type": "opinion", "offset": [11], "text": "casual"}], "relation": [{"type": "positive", "args": [{"type": "aspect", "offset": [12], "text": "atmosphere"}, {"type": "opinion", "offset": [11], "text": "casual"}]}], "event": [], "spot": ["aspect", "opinion"], "asoc": ["positive"], "spot_asoc": [{"span": "casual", "label": "opinion", "asoc": []}, {"span": "atmosphere", "label": "aspect", "asoc": [["positive", "casual"]]}]}
{"text": "We all had the tasting menu and unlike some of the other reviews , I felt there was more than enough food .", "tokens": ["We", "all", "had", "the", "tasting", "menu", "and", "unlike", "some", "of", "the", "other", "reviews", ",", "I", "felt", "there", "was", "more", "than", "enough", "food", "."], "record": "<extra_id_0> <extra_id_0> opinion <extra_id_5> more than enough <extra_id_1> <extra_id_0> aspect <extra_id_5> food <extra_id_0> positive <extra_id_5> more than enough <extra_id_1> <extra_id_1> <extra_id_1>", "entity": [{"type": "aspect", "offset": [21], "text": "food"}, {"type": "opinion", "offset": [18, 19, 20], "text": "more than enough"}], "relation": [{"type": "positive", "args": [{"type": "aspect", "offset": [21], "text": "food"}, {"type": "opinion", "offset": [18, 19, 20], "text": "more than enough"}]}], "event": [], "spot": ["aspect", "opinion"], "asoc": ["positive"], "spot_asoc": [{"span": "more than enough", "label": "opinion", "asoc": []}, {"span": "food", "label": "aspect", "asoc": [["positive", "more than enough"]]}]}
{"text": "My suggestion is to eat family style because you 'll want to try the other dishes .", "tokens": ["My", "suggestion", "is", "to", "eat", "family", "style", "because", "you", "'ll", "want", "to", "try", "the", "other", "dishes", "."], "record": "<extra_id_0> <extra_id_0> opinion <extra_id_5> suggestion <extra_id_1> <extra_id_0> aspect <extra_id_5> eat family style <extra_id_0> positive <extra_id_5> suggestion <extra_id_1> <extra_id_1> <extra_id_1>", "entity": [{"type": "aspect", "offset": [4, 5, 6], "text": "eat family style"}, {"type": "opinion", "offset": [1], "text": "suggestion"}], "relation": [{"type": "positive", "args": [{"type": "aspect", "offset": [4, 5, 6], "text": "eat family style"}, {"type": "opinion", "offset": [1], "text": "suggestion"}]}], "event": [], "spot": ["aspect", "opinion"], "asoc": ["positive"], "spot_asoc": [{"span": "suggestion", "label": "opinion", "asoc": []}, {"span": "eat family style", "label": "aspect", "asoc": [["positive", "suggestion"]]}]}
{"text": "The dim sum is delectable while the prices are quite easy on the wallet .", "tokens": ["The", "dim", "sum", "is", "delectable", "while", "the", "prices", "are", "quite", "easy", "on", "the", "wallet", "."], "record": "<extra_id_0> <extra_id_0> aspect <extra_id_5> dim sum <extra_id_0> positive <extra_id_5> delectable <extra_id_1> <extra_id_1> <extra_id_0> opinion <extra_id_5> delectable <extra_id_1> <extra_id_0> aspect <extra_id_5> prices <extra_id_0> positive <extra_id_5> easy <extra_id_1> <extra_id_1> <extra_id_0> opinion <extra_id_5> easy <extra_id_1> <extra_id_1>", "entity": [{"type": "aspect", "offset": [1, 2], "text": "dim sum"}, {"type": "aspect", "offset": [7], "text": "prices"}, {"type": "opinion", "offset": [4], "text": "delectable"}, {"type": "opinion", "offset": [10], "text": "easy"}], "relation": [{"type": "positive", "args": [{"type": "aspect", "offset": [1, 2], "text": "dim sum"}, {"type": "opinion", "offset": [4], "text": "delectable"}]}, {"type": "positive", "args": [{"type": "aspect", "offset": [7], "text": "prices"}, {"type": "opinion", "offset": [10], "text": "easy"}]}], "event": [], "spot": ["aspect", "opinion"], "asoc": ["positive"], "spot_asoc": [{"span": "dim sum", "label": "aspect", "asoc": [["positive", "delectable"]]}, {"span": "delectable", "label": "opinion", "asoc": []}, {"span": "prices", "label": "aspect", "asoc": [["positive", "easy"]]}, {"span": "easy", "label": "opinion", "asoc": []}]}
{"text": "Yes , they use fancy ingredients , but even fancy ingredients do n't make for good pizza unless someone knows how to get the crust right .", "tokens": ["Yes", ",", "they", "use", "fancy", "ingredients", ",", "but", "even", "fancy", "ingredients", "do", "n't", "make", "for", "good", "pizza", "unless", "someone", "knows", "how", "to", "get", "the", "crust", "right", "."], "record": "<extra_id_0> <extra_id_0> opinion <extra_id_5> fancy <extra_id_1> <extra_id_0> aspect <extra_id_5> ingredients <extra_id_0> positive <extra_id_5> fancy <extra_id_1> <extra_id_1> <extra_id_0> opinion <extra_id_5> good <extra_id_1> <extra_id_0> aspect <extra_id_5> pizza <extra_id_0> negative <extra_id_5> good <extra_id_1> <extra_id_1> <extra_id_1>", "entity": [{"type": "aspect", "offset": [5], "text": "ingredients"}, {"type": "aspect", "offset": [16], "text": "pizza"}, {"type": "opinion", "offset": [4], "text": "fancy"}, {"type": "opinion", "offset": [15], "text": "good"}], "relation": [{"type": "positive", "args": [{"type": "aspect", "offset": [5], "text": "ingredients"}, {"type": "opinion", "offset": [4], "text": "fancy"}]}, {"type": "negative", "args": [{"type": "aspect", "offset": [16], "text": "pizza"}, {"type": "opinion", "offset": [15], "text": "good"}]}], "event": [], "spot": ["aspect", "opinion"], "asoc": ["positive", "negative"], "spot_asoc": [{"span": "fancy", "label": "opinion", "asoc": []}, {"span": "ingredients", "label": "aspect", "asoc": [["positive", "fancy"]]}, {"span": "good", "label": "opinion", "asoc": []}, {"span": "pizza", "label": "aspect", "asoc": [["negative", "good"]]}]}
{"text": "The staff makes you feel at home , the food is great and the atmosphere is WONDERFUL !", "tokens": ["The", "staff", "makes", "you", "feel", "at", "home", ",", "the", "food", "is", "great", "and", "the", "atmosphere", "is", "WONDERFUL", "!"], "record": "<extra_id_0> <extra_id_0> aspect <extra_id_5> staff <extra_id_0> positive <extra_id_5> great <extra_id_1> <extra_id_1> <extra_id_0> aspect <extra_id_5> food <extra_id_0> positive <extra_id_5> great <extra_id_1> <extra_id_1> <extra_id_0> opinion <extra_id_5> great <extra_id_1> <extra_id_0> aspect <extra_id_5> atmosphere <extra_id_0> positive <extra_id_5> great <extra_id_1> <extra_id_1> <extra_id_1>", "entity": [{"type": "aspect", "offset": [1], "text": "staff"}, {"type": "aspect", "offset": [9], "text": "food"}, {"type": "aspect", "offset": [14], "text": "atmosphere"}, {"type": "opinion", "offset": [11], "text": "great"}], "relation": [{"type": "positive", "args": [{"type": "aspect", "offset": [1], "text": "staff"}, {"type": "opinion", "offset": [11], "text": "great"}]}, {"type": "positive", "args": [{"type": "aspect", "offset": [9], "text": "food"}, {"type": "opinion", "offset": [11], "text": "great"}]}, {"type": "positive", "args": [{"type": "aspect", "offset": [14], "text": "atmosphere"}, {"type": "opinion", "offset": [11], "text": "great"}]}], "event": [], "spot": ["aspect", "opinion"], "asoc": ["positive"], "spot_asoc": [{"span": "staff", "label": "aspect", "asoc": [["positive", "great"]]}, {"span": "food", "label": "aspect", "asoc": [["positive", "great"]]}, {"span": "great", "label": "opinion", "asoc": []}, {"span": "atmosphere", "label": "aspect", "asoc": [["positive", "great"]]}]}
{"text": "All in all , this midtown gem instantly became one of my favorite sushi restaurants in the city .", "tokens": ["All", "in", "all", ",", "this", "midtown", "gem", "instantly", "became", "one", "of", "my", "favorite", "sushi", "restaurants", "in", "the", "city", "."], "record": "<extra_id_0> <extra_id_0> opinion <extra_id_5> favorite <extra_id_1> <extra_id_0> aspect <extra_id_5> sushi <extra_id_0> positive <extra_id_5> favorite <extra_id_1> <extra_id_1> <extra_id_1>", "entity": [{"type": "aspect", "offset": [13], "text": "sushi"}, {"type": "opinion", "offset": [12], "text": "favorite"}], "relation": [{"type": "positive", "args": [{"type": "aspect", "offset": [13], "text": "sushi"}, {"type": "opinion", "offset": [12], "text": "favorite"}]}], "event": [], "spot": ["aspect", "opinion"], "asoc": ["positive"], "spot_asoc": [{"span": "favorite", "label": "opinion", "asoc": []}, {"span": "sushi", "label": "aspect", "asoc": [["positive", "favorite"]]}]}
{"text": "Try the hot dogs too , they 're snappy and delicious .", "tokens": ["Try", "the", "hot", "dogs", "too", ",", "they", "'re", "snappy", "and", "delicious", "."], "record": "<extra_id_0> <extra_id_0> opinion <extra_id_5> Try <extra_id_1> <extra_id_0> aspect <extra_id_5> hot dogs <extra_id_0> positive <extra_id_5> Try <extra_id_1> <extra_id_0> positive <extra_id_5> snappy <extra_id_1> <extra_id_0> positive <extra_id_5> delicious <extra_id_1> <extra_id_1> <extra_id_0> opinion <extra_id_5> snappy <extra_id_1> <extra_id_0> opinion <extra_id_5> delicious <extra_id_1> <extra_id_1>", "entity": [{"type": "aspect", "offset": [2, 3], "text": "hot dogs"}, {"type": "opinion", "offset": [0], "text": "Try"}, {"type": "opinion", "offset": [8], "text": "snappy"}, {"type": "opinion", "offset": [10], "text": "delicious"}], "relation": [{"type": "positive", "args": [{"type": "aspect", "offset": [2, 3], "text": "hot dogs"}, {"type": "opinion", "offset": [0], "text": "Try"}]}, {"type": "positive", "args": [{"type": "aspect", "offset": [2, 3], "text": "hot dogs"}, {"type": "opinion", "offset": [8], "text": "snappy"}]}, {"type": "positive", "args": [{"type": "aspect", "offset": [2, 3], "text": "hot dogs"}, {"type": "opinion", "offset": [10], "text": "delicious"}]}], "event": [], "spot": ["aspect", "opinion"], "asoc": ["positive"], "spot_asoc": [{"span": "Try", "label": "opinion", "asoc": []}, {"span": "hot dogs", "label": "aspect", "asoc": [["positive", "Try"], ["positive", "snappy"], ["positive", "delicious"]]}, {"span": "snappy", "label": "opinion", "asoc": []}, {"span": "delicious", "label": "opinion", "asoc": []}]}
{"text": "Bagels are ok , but be sure not to make any special requests !", "tokens": ["Bagels", "are", "ok", ",", "but", "be", "sure", "not", "to", "make", "any", "special", "requests", "!"], "record": "<extra_id_0> <extra_id_0> aspect <extra_id_5> Bagels <extra_id_0> neutral <extra_id_5> ok <extra_id_1> <extra_id_1> <extra_id_0> opinion <extra_id_5> ok <extra_id_1> <extra_id_1>", "entity": [{"type": "aspect", "offset": [0], "text": "Bagels"}, {"type": "opinion", "offset": [2], "text": "ok"}], "relation": [{"type": "neutral", "args": [{"type": "aspect", "offset": [0], "text": "Bagels"}, {"type": "opinion", "offset": [2], "text": "ok"}]}], "event": [], "spot": ["aspect", "opinion"], "asoc": ["neutral"], "spot_asoc": [{"span": "Bagels", "label": "aspect", "asoc": [["neutral", "ok"]]}, {"span": "ok", "label": "opinion", "asoc": []}]}
{"text": "We had a party in their private room and they made it truly memorable and were very helpful in the planning .", "tokens": ["We", "had", "a", "party", "in", "their", "private", "room", "and", "they", "made", "it", "truly", "memorable", "and", "were", "very", "helpful", "in", "the", "planning", "."], "record": "<extra_id_0> <extra_id_0> aspect <extra_id_5> private room <extra_id_0> neutral <extra_id_5> truly memorable <extra_id_1> <extra_id_1> <extra_id_0> opinion <extra_id_5> truly memorable <extra_id_1> <extra_id_1>", "entity": [{"type": "aspect", "offset": [6, 7], "text": "private room"}, {"type": "opinion", "offset": [12, 13], "text": "truly memorable"}], "relation": [{"type": "neutral", "args": [{"type": "aspect", "offset": [6, 7], "text": "private room"}, {"type": "opinion", "offset": [12, 13], "text": "truly memorable"}]}], "event": [], "spot": ["aspect", "opinion"], "asoc": ["neutral"], "spot_asoc": [{"span": "private room", "label": "aspect", "asoc": [["neutral", "truly memorable"]]}, {"span": "truly memorable", "label": "opinion", "asoc": []}]}
{"text": "It takes forever to get a drink and they almost always forget to bring something ( although they dont forget to charge you for it .", "tokens": ["It", "takes", "forever", "to", "get", "a", "drink", "and", "they", "almost", "always", "forget", "to", "bring", "something", "(", "although", "they", "dont", "forget", "to", "charge", "you", "for", "it", "."], "record": "<extra_id_0> <extra_id_0> opinion <extra_id_5> forever <extra_id_1> <extra_id_0> aspect <extra_id_5> drink <extra_id_0> neutral <extra_id_5> forever <extra_id_1> <extra_id_1> <extra_id_1>", "entity": [{"type": "aspect", "offset": [6], "text": "drink"}, {"type": "opinion", "offset": [2], "text": "forever"}], "relation": [{"type": "neutral", "args": [{"type": "aspect", "offset": [6], "text": "drink"}, {"type": "opinion", "offset": [2], "text": "forever"}]}], "event": [], "spot": ["aspect", "opinion"], "asoc": ["neutral"], "spot_asoc": [{"span": "forever", "label": "opinion", "asoc": []}, {"span": "drink", "label": "aspect", "asoc": [["neutral", "forever"]]}]}
{"text": "The prices are about $ 9 for an entree for dinner and even less for lunch .", "tokens": ["The", "prices", "are", "about", "$", "9", "for", "an", "entree", "for", "dinner", "and", "even", "less", "for", "lunch", "."], "record": "<extra_id_0> <extra_id_0> aspect <extra_id_5> prices <extra_id_0> positive <extra_id_5> less <extra_id_1> <extra_id_1> <extra_id_0> aspect <extra_id_5> entree <extra_id_0> positive <extra_id_5> less <extra_id_1> <extra_id_1> <extra_id_0> aspect <extra_id_5> dinner <extra_id_0> neutral <extra_id_5> less <extra_id_1> <extra_id_1> <extra_id_0> opinion <extra_id_5> less <extra_id_1> <extra_id_0> aspect <extra_id_5> lunch <extra_id_0> positive <extra_id_5> less <extra_id_1> <extra_id_1> <extra_id_1>", "entity": [{"type": "aspect", "offset": [1], "text": "prices"}, {"type": "aspect", "offset": [8], "text": "entree"}, {"type": "aspect", "offset": [10], "text": "dinner"}, {"type": "aspect", "offset": [15], "text": "lunch"}, {"type": "opinion", "offset": [13], "text": "less"}], "relation": [{"type": "positive", "args": [{"type": "aspect", "offset": [1], "text": "prices"}, {"type": "opinion", "offset": [13], "text": "less"}]}, {"type": "positive", "args": [{"type": "aspect", "offset": [8], "text": "entree"}, {"type": "opinion", "offset": [13], "text": "less"}]}, {"type": "neutral", "args": [{"type": "aspect", "offset": [10], "text": "dinner"}, {"type": "opinion", "offset": [13], "text": "less"}]}, {"type": "positive", "args": [{"type": "aspect", "offset": [15], "text": "lunch"}, {"type": "opinion", "offset": [13], "text": "less"}]}], "event": [], "spot": ["aspect", "opinion"], "asoc": ["positive", "neutral"], "spot_asoc": [{"span": "prices", "label": "aspect", "asoc": [["positive", "less"]]}, {"span": "entree", "label": "aspect", "asoc": [["positive", "less"]]}, {"span": "dinner", "label": "aspect", "asoc": [["neutral", "less"]]}, {"span": "less", "label": "opinion", "asoc": []}, {"span": "lunch", "label": "aspect", "asoc": [["positive", "less"]]}]}
{"text": "After we got our sashimi order , I could not believe how small the portions were !", "tokens": ["After", "we", "got", "our", "sashimi", "order", ",", "I", "could", "not", "believe", "how", "small", "the", "portions", "were", "!"], "record": "<extra_id_0> <extra_id_0> aspect <extra_id_5> sashimi <extra_id_0> neutral <extra_id_5> small <extra_id_1> <extra_id_1> <extra_id_0> opinion <extra_id_5> small <extra_id_1> <extra_id_0> aspect <extra_id_5> portions <extra_id_0> negative <extra_id_5> small <extra_id_1> <extra_id_1> <extra_id_1>", "entity": [{"type": "aspect", "offset": [4], "text": "sashimi"}, {"type": "aspect", "offset": [14], "text": "portions"}, {"type": "opinion", "offset": [12], "text": "small"}], "relation": [{"type": "neutral", "args": [{"type": "aspect", "offset": [4], "text": "sashimi"}, {"type": "opinion", "offset": [12], "text": "small"}]}, {"type": "negative", "args": [{"type": "aspect", "offset": [14], "text": "portions"}, {"type": "opinion", "offset": [12], "text": "small"}]}], "event": [], "spot": ["aspect", "opinion"], "asoc": ["negative", "neutral"], "spot_asoc": [{"span": "sashimi", "label": "aspect", "asoc": [["neutral", "small"]]}, {"span": "small", "label": "opinion", "asoc": []}, {"span": "portions", "label": "aspect", "asoc": [["negative", "small"]]}]}
{"text": "The staff is excellent , special : that girl behind the bar , european chic .", "tokens": ["The", "staff", "is", "excellent", ",", "special", ":", "that", "girl", "behind", "the", "bar", ",", "european", "chic", "."], "record": "<extra_id_0> <extra_id_0> aspect <extra_id_5> staff <extra_id_0> positive <extra_id_5> excellent <extra_id_1> <extra_id_1> <extra_id_0> opinion <extra_id_5> excellent <extra_id_1> <extra_id_0> opinion <extra_id_5> special <extra_id_1> <extra_id_0> aspect <extra_id_5> bar <extra_id_0> neutral <extra_id_5> special <extra_id_1> <extra_id_1> <extra_id_1>", "entity": [{"type": "aspect", "offset": [1], "text": "staff"}, {"type": "aspect", "offset": [11], "text": "bar"}, {"type": "opinion", "offset": [3], "text": "excellent"}, {"type": "opinion", "offset": [5], "text": "special"}], "relation": [{"type": "positive", "args": [{"type": "aspect", "offset": [1], "text": "staff"}, {"type": "opinion", "offset": [3], "text": "excellent"}]}, {"type": "neutral", "args": [{"type": "aspect", "offset": [11], "text": "bar"}, {"type": "opinion", "offset": [5], "text": "special"}]}], "event": [], "spot": ["aspect", "opinion"], "asoc": ["positive", "neutral"], "spot_asoc": [{"span": "staff", "label": "aspect", "asoc": [["positive", "excellent"]]}, {"span": "excellent", "label": "opinion", "asoc": []}, {"span": "special", "label": "opinion", "asoc": []}, {"span": "bar", "label": "aspect", "asoc": [["neutral", "special"]]}]}
{"text": "There was a long wait for a table outside , but it was a little too hot in the sun anyway so our insde table was very nice .", "tokens": ["There", "was", "a", "long", "wait", "for", "a", "table", "outside", ",", "but", "it", "was", "a", "little", "too", "hot", "in", "the", "sun", "anyway", "so", "our", "insde", "table", "was", "very", "nice", "."], "record": "<extra_id_0> <extra_id_0> opinion <extra_id_5> long <extra_id_1> <extra_id_0> opinion <extra_id_5> long wait <extra_id_1> <extra_id_0> aspect <extra_id_5> wait <extra_id_0> negative <extra_id_5> long <extra_id_1> <extra_id_1> <extra_id_0> aspect <extra_id_5> table <extra_id_0> neutral <extra_id_5> long wait <extra_id_1> <extra_id_1> <extra_id_0> aspect <extra_id_5> insde table <extra_id_0> positive <extra_id_5> nice <extra_id_1> <extra_id_1> <extra_id_0> opinion <extra_id_5> nice <extra_id_1> <extra_id_1>", "entity": [{"type": "aspect", "offset": [7], "text": "table"}, {"type": "aspect", "offset": [23, 24], "text": "insde table"}, {"type": "aspect", "offset": [4], "text": "wait"}, {"type": "opinion", "offset": [3, 4], "text": "long wait"}, {"type": "opinion", "offset": [27], "text": "nice"}, {"type": "opinion", "offset": [3], "text": "long"}], "relation": [{"type": "neutral", "args": [{"type": "aspect", "offset": [7], "text": "table"}, {"type": "opinion", "offset": [3, 4], "text": "long wait"}]}, {"type": "positive", "args": [{"type": "aspect", "offset": [23, 24], "text": "insde table"}, {"type": "opinion", "offset": [27], "text": "nice"}]}, {"type": "negative", "args": [{"type": "aspect", "offset": [4], "text": "wait"}, {"type": "opinion", "offset": [3], "text": "long"}]}], "event": [], "spot": ["aspect", "opinion"], "asoc": ["negative", "positive", "neutral"], "spot_asoc": [{"span": "long", "label": "opinion", "asoc": []}, {"span": "long wait", "label": "opinion", "asoc": []}, {"span": "wait", "label": "aspect", "asoc": [["negative", "long"]]}, {"span": "table", "label": "aspect", "asoc": [["neutral", "long wait"]]}, {"span": "insde table", "label": "aspect", "asoc": [["positive", "nice"]]}, {"span": "nice", "label": "opinion", "asoc": []}]}
{"text": "The menu choices are similar but the taste lacked more flavor than it looked .", "tokens": ["The", "menu", "choices", "are", "similar", "but", "the", "taste", "lacked", "more", "flavor", "than", "it", "looked", "."], "record": "<extra_id_0> <extra_id_0> aspect <extra_id_5> menu choices <extra_id_0> neutral <extra_id_5> similar <extra_id_1> <extra_id_1> <extra_id_0> opinion <extra_id_5> similar <extra_id_1> <extra_id_0> aspect <extra_id_5> taste <extra_id_0> negative <extra_id_5> lacked <extra_id_1> <extra_id_1> <extra_id_0> opinion <extra_id_5> lacked <extra_id_1> <extra_id_0> aspect <extra_id_5> flavor <extra_id_0> negative <extra_id_5> lacked <extra_id_1> <extra_id_1> <extra_id_1>", "entity": [{"type": "aspect", "offset": [7], "text": "taste"}, {"type": "aspect", "offset": [1, 2], "text": "menu choices"}, {"type": "aspect", "offset": [10], "text": "flavor"}, {"type": "opinion", "offset": [8], "text": "lacked"}, {"type": "opinion", "offset": [4], "text": "similar"}], "relation": [{"type": "negative", "args": [{"type": "aspect", "offset": [7], "text": "taste"}, {"type": "opinion", "offset": [8], "text": "lacked"}]}, {"type": "neutral", "args": [{"type": "aspect", "offset": [1, 2], "text": "menu choices"}, {"type": "opinion", "offset": [4], "text": "similar"}]}, {"type": "negative", "args": [{"type": "aspect", "offset": [10], "text": "flavor"}, {"type": "opinion", "offset": [8], "text": "lacked"}]}], "event": [], "spot": ["aspect", "opinion"], "asoc": ["neutral", "negative"], "spot_asoc": [{"span": "menu choices", "label": "aspect", "asoc": [["neutral", "similar"]]}, {"span": "similar", "label": "opinion", "asoc": []}, {"span": "taste", "label": "aspect", "asoc": [["negative", "lacked"]]}, {"span": "lacked", "label": "opinion", "asoc": []}, {"span": "flavor", "label": "aspect", "asoc": [["negative", "lacked"]]}]}
{"text": "On the other hand , if you are not fooled easily , you will find hundreds of restaurants that will give you service and ambiance that is on par with Alain Ducasse , and food that will outshine in presentaion , taste , choice , quality and quantity .", "tokens": ["On", "the", "other", "hand", ",", "if", "you", "are", "not", "fooled", "easily", ",", "you", "will", "find", "hundreds", "of", "restaurants", "that", "will", "give", "you", "service", "and", "ambiance", "that", "is", "on", "par", "with", "Alain", "Ducasse", ",", "and", "food", "that", "will", "outshine", "in", "presentaion", ",", "taste", ",", "choice", ",", "quality", "and", "quantity", "."], "record": "<extra_id_0> <extra_id_0> aspect <extra_id_5> service <extra_id_0> neutral <extra_id_5> on par <extra_id_1> <extra_id_1> <extra_id_0> aspect <extra_id_5> ambiance <extra_id_0> neutral <extra_id_5> on par <extra_id_1> <extra_id_1> <extra_id_0> opinion <extra_id_5> on par <extra_id_1> <extra_id_0> aspect <extra_id_5> food <extra_id_0> negative <extra_id_5> outshine <extra_id_1> <extra_id_1> <extra_id_0> opinion <extra_id_5> outshine <extra_id_1> <extra_id_1>", "entity": [{"type": "aspect", "offset": [22], "text": "service"}, {"type": "aspect", "offset": [24], "text": "ambiance"}, {"type": "aspect", "offset": [34], "text": "food"}, {"type": "opinion", "offset": [27, 28], "text": "on par"}, {"type": "opinion", "offset": [37], "text": "outshine"}], "relation": [{"type": "neutral", "args": [{"type": "aspect", "offset": [22], "text": "service"}, {"type": "opinion", "offset": [27, 28], "text": "on par"}]}, {"type": "neutral", "args": [{"type": "aspect", "offset": [24], "text": "ambiance"}, {"type": "opinion", "offset": [27, 28], "text": "on par"}]}, {"type": "negative", "args": [{"type": "aspect", "offset": [34], "text": "food"}, {"type": "opinion", "offset": [37], "text": "outshine"}]}], "event": [], "spot": ["aspect", "opinion"], "asoc": ["negative", "neutral"], "spot_asoc": [{"span": "service", "label": "aspect", "asoc": [["neutral", "on par"]]}, {"span": "ambiance", "label": "aspect", "asoc": [["neutral", "on par"]]}, {"span": "on par", "label": "opinion", "asoc": []}, {"span": "food", "label": "aspect", "asoc": [["negative", "outshine"]]}, {"span": "outshine", "label": "opinion", "asoc": []}]}
{"text": "While the prices are nothing special , the portions are huge .", "tokens": ["While", "the", "prices", "are", "nothing", "special", ",", "the", "portions", "are", "huge", "."], "record": "<extra_id_0> <extra_id_0> aspect <extra_id_5> prices <extra_id_0> neutral <extra_id_5> special <extra_id_1> <extra_id_1> <extra_id_0> opinion <extra_id_5> special <extra_id_1> <extra_id_0> aspect <extra_id_5> portions <extra_id_0> positive <extra_id_5> special <extra_id_1> <extra_id_1> <extra_id_1>", "entity": [{"type": "aspect", "offset": [2], "text": "prices"}, {"type": "aspect", "offset": [8], "text": "portions"}, {"type": "opinion", "offset": [5], "text": "special"}], "relation": [{"type": "neutral", "args": [{"type": "aspect", "offset": [2], "text": "prices"}, {"type": "opinion", "offset": [5], "text": "special"}]}, {"type": "positive", "args": [{"type": "aspect", "offset": [8], "text": "portions"}, {"type": "opinion", "offset": [5], "text": "special"}]}], "event": [], "spot": ["aspect", "opinion"], "asoc": ["positive", "neutral"], "spot_asoc": [{"span": "prices", "label": "aspect", "asoc": [["neutral", "special"]]}, {"span": "special", "label": "opinion", "asoc": []}, {"span": "portions", "label": "aspect", "asoc": [["positive", "special"]]}]}
