{"text": "The food was terrific and the service classy , attentive , without being overbearing .", "tokens": ["The", "food", "was", "terrific", "and", "the", "service", "classy", ",", "attentive", ",", "without", "being", "overbearing", "."], "record": "<extra_id_0> <extra_id_0> aspect <extra_id_5> food <extra_id_0> positive <extra_id_5> terrific <extra_id_1> <extra_id_1> <extra_id_0> opinion <extra_id_5> terrific <extra_id_1> <extra_id_0> aspect <extra_id_5> service <extra_id_0> positive <extra_id_5> classy <extra_id_1> <extra_id_0> positive <extra_id_5> attentive <extra_id_1> <extra_id_0> positive <extra_id_5> without being overbearing <extra_id_1> <extra_id_1> <extra_id_0> opinion <extra_id_5> classy <extra_id_1> <extra_id_0> opinion <extra_id_5> attentive <extra_id_1> <extra_id_0> opinion <extra_id_5> without being overbearing <extra_id_1> <extra_id_1>", "entity": [{"type": "aspect", "offset": [1], "text": "food"}, {"type": "aspect", "offset": [6], "text": "service"}, {"type": "opinion", "offset": [3], "text": "terrific"}, {"type": "opinion", "offset": [7], "text": "classy"}, {"type": "opinion", "offset": [9], "text": "attentive"}, {"type": "opinion", "offset": [11, 12, 13], "text": "without being overbearing"}], "relation": [{"type": "positive", "args": [{"type": "aspect", "offset": [1], "text": "food"}, {"type": "opinion", "offset": [3], "text": "terrific"}]}, {"type": "positive", "args": [{"type": "aspect", "offset": [6], "text": "service"}, {"type": "opinion", "offset": [7], "text": "classy"}]}, {"type": "positive", "args": [{"type": "aspect", "offset": [6], "text": "service"}, {"type": "opinion", "offset": [9], "text": "attentive"}]}, {"type": "positive", "args": [{"type": "aspect", "offset": [6], "text": "service"}, {"type": "opinion", "offset": [11, 12, 13], "text": "without being overbearing"}]}], "event": [], "spot": ["aspect", "opinion"], "asoc": ["positive"], "spot_asoc": [{"span": "food", "label": "aspect", "asoc": [["positive", "terrific"]]}, {"span": "terrific", "label": "opinion", "asoc": []}, {"span": "service", "label": "aspect", "asoc": [["positive", "classy"], ["positive", "attentive"], ["positive", "without being overbearing"]]}, {"span": "classy", "label": "opinion", "asoc": []}, {"span": "attentive", "label": "opinion", "asoc": []}, {"span": "without being overbearing", "label": "opinion", "asoc": []}]}
{"text": "( food was delivered by a busboy , not waiter ) We got no cheese offered for the pasta , our water and wine glasses remained EMPTY our entire meal , when we would have easily spent another $ 20 on wine .", "tokens": ["(", "food", "was", "delivered", "by", "a", "busboy", ",", "not", "waiter", ")", "We", "got", "no", "cheese", "offered", "for", "the", "pasta", ",", "our", "water", "and", "wine", "glasses", "remained", "EMPTY", "our", "entire", "meal", ",", "when", "we", "would", "have", "easily", "spent", "another", "$", "20", "on", "wine", "."], "record": "<extra_id_0> <extra_id_0> aspect <extra_id_5> water and wine glasses <extra_id_0> negative <extra_id_5> EMPTY <extra_id_1> <extra_id_1> <extra_id_0> opinion <extra_id_5> EMPTY <extra_id_1> <extra_id_1>", "entity": [{"type": "aspect", "offset": [21, 22, 23, 24], "text": "water and wine glasses"}, {"type": "opinion", "offset": [26], "text": "EMPTY"}], "relation": [{"type": "negative", "args": [{"type": "aspect", "offset": [21, 22, 23, 24], "text": "water and wine glasses"}, {"type": "opinion", "offset": [26], "text": "EMPTY"}]}], "event": [], "spot": ["aspect", "opinion"], "asoc": ["negative"], "spot_asoc": [{"span": "water and wine glasses", "label": "aspect", "asoc": [["negative", "EMPTY"]]}, {"span": "EMPTY", "label": "opinion", "asoc": []}]}
{"text": "There is actually space to breathe and the decor sets the tone for an intimate dinner .", "tokens": ["There", "is", "actually", "space", "to", "breathe", "and", "the", "decor", "sets", "the", "tone", "for", "an", "intimate", "dinner", "."], "record": "<extra_id_0> <extra_id_0> opinion <extra_id_5> intimate <extra_id_1> <extra_id_0> aspect <extra_id_5> dinner <extra_id_0> neutral <extra_id_5> intimate <extra_id_1> <extra_id_1> <extra_id_1>", "entity": [{"type": "aspect", "offset": [15], "text": "dinner"}, {"type": "opinion", "offset": [14], "text": "intimate"}], "relation": [{"type": "neutral", "args": [{"type": "aspect", "offset": [15], "text": "dinner"}, {"type": "opinion", "offset": [14], "text": "intimate"}]}], "event": [], "spot": ["aspect", "opinion"], "asoc": ["neutral"], "spot_asoc": [{"span": "intimate", "label": "opinion", "asoc": []}, {"span": "dinner", "label": "aspect", "asoc": [["neutral", "intimate"]]}]}
