{"text": "Do n't waste money on decor .", "tokens": ["Do", "n't", "waste", "money", "on", "decor", "."], "record": "<extra_id_0> <extra_id_0> opinion <extra_id_5> waste <extra_id_1> <extra_id_0> aspect <extra_id_5> decor <extra_id_0> neutral <extra_id_5> waste <extra_id_1> <extra_id_1> <extra_id_1>", "entity": [{"type": "aspect", "offset": [5], "text": "decor"}, {"type": "opinion", "offset": [2], "text": "waste"}], "relation": [{"type": "neutral", "args": [{"type": "aspect", "offset": [5], "text": "decor"}, {"type": "opinion", "offset": [2], "text": "waste"}]}], "event": [], "spot": ["aspect", "opinion"], "asoc": ["neutral"], "spot_asoc": [{"span": "waste", "label": "opinion", "asoc": []}, {"span": "decor", "label": "aspect", "asoc": [["neutral", "waste"]]}]}
{"text": "Our agreed favorite is the orrechiete with sausage and chicken ( usually the waiters are kind enough to split the dish in half so you get to sample both meats ) .", "tokens": ["Our", "agreed", "favorite", "is", "the", "orrechiete", "with", "sausage", "and", "chicken", "(", "usually", "the", "waiters", "are", "kind", "enough", "to", "split", "the", "dish", "in", "half", "so", "you", "get", "to", "sample", "both", "meats", ")", "."], "record": "<extra_id_0> <extra_id_0> opinion <extra_id_5> favorite <extra_id_1> <extra_id_0> aspect <extra_id_5> orrechiete with sausage and chicken <extra_id_0> positive <extra_id_5> favorite <extra_id_1> <extra_id_1> <extra_id_0> aspect <extra_id_5> waiters <extra_id_0> positive <extra_id_5> kind <extra_id_1> <extra_id_1> <extra_id_0> opinion <extra_id_5> kind <extra_id_1> <extra_id_1>", "entity": [{"type": "aspect", "offset": [5, 6, 7, 8, 9], "text": "orrechiete with sausage and chicken"}, {"type": "aspect", "offset": [13], "text": "waiters"}, {"type": "opinion", "offset": [2], "text": "favorite"}, {"type": "opinion", "offset": [15], "text": "kind"}], "relation": [{"type": "positive", "args": [{"type": "aspect", "offset": [5, 6, 7, 8, 9], "text": "orrechiete with sausage and chicken"}, {"type": "opinion", "offset": [2], "text": "favorite"}]}, {"type": "positive", "args": [{"type": "aspect", "offset": [13], "text": "waiters"}, {"type": "opinion", "offset": [15], "text": "kind"}]}], "event": [], "spot": ["aspect", "opinion"], "asoc": ["positive"], "spot_asoc": [{"span": "favorite", "label": "opinion", "asoc": []}, {"span": "orrechiete with sausage and chicken", "label": "aspect", "asoc": [["positive", "favorite"]]}, {"span": "waiters", "label": "aspect", "asoc": [["positive", "kind"]]}, {"span": "kind", "label": "opinion", "asoc": []}]}
{"text": "Drinks got screwed up , she acted put upon .", "tokens": ["Drinks", "got", "screwed", "up", ",", "she", "acted", "put", "upon", "."], "record": "<extra_id_0> <extra_id_0> aspect <extra_id_5> Drinks <extra_id_0> negative <extra_id_5> screwed up <extra_id_1> <extra_id_1> <extra_id_0> opinion <extra_id_5> screwed up <extra_id_1> <extra_id_1>", "entity": [{"type": "aspect", "offset": [0], "text": "Drinks"}, {"type": "opinion", "offset": [2, 3], "text": "screwed up"}], "relation": [{"type": "negative", "args": [{"type": "aspect", "offset": [0], "text": "Drinks"}, {"type": "opinion", "offset": [2, 3], "text": "screwed up"}]}], "event": [], "spot": ["aspect", "opinion"], "asoc": ["negative"], "spot_asoc": [{"span": "Drinks", "label": "aspect", "asoc": [["negative", "screwed up"]]}, {"span": "screwed up", "label": "opinion", "asoc": []}]}
