{"text": "The screen is bright and clear , the operating system is solid and friendly to a novice .", "tokens": ["The", "screen", "is", "bright", "and", "clear", ",", "the", "operating", "system", "is", "solid", "and", "friendly", "to", "a", "novice", "."], "record": "<extra_id_0> <extra_id_0> aspect <extra_id_5> screen <extra_id_0> positive <extra_id_5> bright <extra_id_1> <extra_id_0> positive <extra_id_5> clear <extra_id_1> <extra_id_1> <extra_id_0> opinion <extra_id_5> bright <extra_id_1> <extra_id_0> opinion <extra_id_5> clear <extra_id_1> <extra_id_0> aspect <extra_id_5> operating system <extra_id_0> positive <extra_id_5> solid <extra_id_1> <extra_id_0> positive <extra_id_5> friendly <extra_id_1> <extra_id_1> <extra_id_0> opinion <extra_id_5> solid <extra_id_1> <extra_id_0> opinion <extra_id_5> friendly <extra_id_1> <extra_id_1>", "entity": [{"type": "aspect", "offset": [1], "text": "screen"}, {"type": "aspect", "offset": [8, 9], "text": "operating system"}, {"type": "opinion", "offset": [3], "text": "bright"}, {"type": "opinion", "offset": [5], "text": "clear"}, {"type": "opinion", "offset": [11], "text": "solid"}, {"type": "opinion", "offset": [13], "text": "friendly"}], "relation": [{"type": "positive", "args": [{"type": "aspect", "offset": [1], "text": "screen"}, {"type": "opinion", "offset": [3], "text": "bright"}]}, {"type": "positive", "args": [{"type": "aspect", "offset": [1], "text": "screen"}, {"type": "opinion", "offset": [5], "text": "clear"}]}, {"type": "positive", "args": [{"type": "aspect", "offset": [8, 9], "text": "operating system"}, {"type": "opinion", "offset": [11], "text": "solid"}]}, {"type": "positive", "args": [{"type": "aspect", "offset": [8, 9], "text": "operating system"}, {"type": "opinion", "offset": [13], "text": "friendly"}]}], "event": [], "spot": ["aspect", "opinion"], "asoc": ["positive"], "spot_asoc": [{"span": "screen", "label": "aspect", "asoc": [["positive", "bright"], ["positive", "clear"]]}, {"span": "bright", "label": "opinion", "asoc": []}, {"span": "clear", "label": "opinion", "asoc": []}, {"span": "operating system", "label": "aspect", "asoc": [["positive", "solid"], ["positive", "friendly"]]}, {"span": "solid", "label": "opinion", "asoc": []}, {"span": "friendly", "label": "opinion", "asoc": []}]}
{"text": "My one complaint with this laptop is that I 've noticed an electronic fuzz sound coming out of the headphone jack when headphones are plugged in .", "tokens": ["My", "one", "complaint", "with", "this", "laptop", "is", "that", "I", "'ve", "noticed", "an", "electronic", "fuzz", "sound", "coming", "out", "of", "the", "headphone", "jack", "when", "headphones", "are", "plugged", "in", "."], "record": "<extra_id_0> <extra_id_0> opinion <extra_id_5> complaint <extra_id_1> <extra_id_0> aspect <extra_id_5> electronic fuzz sound <extra_id_0> negative <extra_id_5> complaint <extra_id_1> <extra_id_1> <extra_id_0> aspect <extra_id_5> headphone jack <extra_id_0> negative <extra_id_5> complaint <extra_id_1> <extra_id_1> <extra_id_1>", "entity": [{"type": "aspect", "offset": [12, 13, 14], "text": "electronic fuzz sound"}, {"type": "aspect", "offset": [19, 20], "text": "headphone jack"}, {"type": "opinion", "offset": [2], "text": "complaint"}], "relation": [{"type": "negative", "args": [{"type": "aspect", "offset": [12, 13, 14], "text": "electronic fuzz sound"}, {"type": "opinion", "offset": [2], "text": "complaint"}]}, {"type": "negative", "args": [{"type": "aspect", "offset": [19, 20], "text": "headphone jack"}, {"type": "opinion", "offset": [2], "text": "complaint"}]}], "event": [], "spot": ["aspect", "opinion"], "asoc": ["negative"], "spot_asoc": [{"span": "complaint", "label": "opinion", "asoc": []}, {"span": "electronic fuzz sound", "label": "aspect", "asoc": [["negative", "complaint"]]}, {"span": "headphone jack", "label": "aspect", "asoc": [["negative", "complaint"]]}]}
{"text": "everything about a mac is wonderful , it takes a little used to learning and getting used to the new system , but you will learn fast and its all worth it .", "tokens": ["everything", "about", "a", "mac", "is", "wonderful", ",", "it", "takes", "a", "little", "used", "to", "learning", "and", "getting", "used", "to", "the", "new", "system", ",", "but", "you", "will", "learn", "fast", "and", "its", "all", "worth", "it", "."], "record": "<extra_id_0> <extra_id_0> opinion <extra_id_5> new <extra_id_1> <extra_id_0> aspect <extra_id_5> system <extra_id_0> neutral <extra_id_5> new <extra_id_1> <extra_id_0> neutral <extra_id_5> learn fast <extra_id_1> <extra_id_0> neutral <extra_id_5> worth <extra_id_1> <extra_id_1> <extra_id_0> opinion <extra_id_5> learn fast <extra_id_1> <extra_id_0> opinion <extra_id_5> worth <extra_id_1> <extra_id_1>", "entity": [{"type": "aspect", "offset": [20], "text": "system"}, {"type": "opinion", "offset": [19], "text": "new"}, {"type": "opinion", "offset": [25, 26], "text": "learn fast"}, {"type": "opinion", "offset": [30], "text": "worth"}], "relation": [{"type": "neutral", "args": [{"type": "aspect", "offset": [20], "text": "system"}, {"type": "opinion", "offset": [19], "text": "new"}]}, {"type": "neutral", "args": [{"type": "aspect", "offset": [20], "text": "system"}, {"type": "opinion", "offset": [25, 26], "text": "learn fast"}]}, {"type": "neutral", "args": [{"type": "aspect", "offset": [20], "text": "system"}, {"type": "opinion", "offset": [30], "text": "worth"}]}], "event": [], "spot": ["aspect", "opinion"], "asoc": ["neutral"], "spot_asoc": [{"span": "new", "label": "opinion", "asoc": []}, {"span": "system", "label": "aspect", "asoc": [["neutral", "new"], ["neutral", "learn fast"], ["neutral", "worth"]]}, {"span": "learn fast", "label": "opinion", "asoc": []}, {"span": "worth", "label": "opinion", "asoc": []}]}
