{"text": "We had Pam 's special fried fish and it was amazing .", "tokens": ["We", "had", "Pam", "'s", "special", "fried", "fish", "and", "it", "was", "amazing", "."], "record": "<extra_id_0> <extra_id_0> aspect <extra_id_5> Pam 's special fried fish <extra_id_0> positive <extra_id_5> amazing <extra_id_1> <extra_id_1> <extra_id_0> opinion <extra_id_5> amazing <extra_id_1> <extra_id_1>", "entity": [{"type": "aspect", "offset": [2, 3, 4, 5, 6], "text": "Pam 's special fried fish"}, {"type": "opinion", "offset": [10], "text": "amazing"}], "relation": [{"type": "positive", "args": [{"type": "aspect", "offset": [2, 3, 4, 5, 6], "text": "Pam 's special fried fish"}, {"type": "opinion", "offset": [10], "text": "amazing"}]}], "event": [], "spot": ["aspect", "opinion"], "asoc": ["positive"], "spot_asoc": [{"span": "Pam 's special fried fish", "label": "aspect", "asoc": [["positive", "amazing"]]}, {"span": "amazing", "label": "opinion", "asoc": []}]}
{"text": "Shockingly easy to throw a group dinner here : simple contract , deposit only to hold the date the entire 2nd fl mezz for our grp of 20 .", "tokens": ["Shockingly", "easy", "to", "throw", "a", "group", "dinner", "here", ":", "simple", "contract", ",", "deposit", "only", "to", "hold", "the", "date", "the", "entire", "2nd", "fl", "mezz", "for", "our", "grp", "of", "20", "."], "record": "<extra_id_0> <extra_id_0> opinion <extra_id_5> easy <extra_id_1> <extra_id_0> aspect <extra_id_5> group dinner <extra_id_0> neutral <extra_id_5> easy <extra_id_1> <extra_id_1> <extra_id_1>", "entity": [{"type": "aspect", "offset": [5, 6], "text": "group dinner"}, {"type": "opinion", "offset": [1], "text": "easy"}], "relation": [{"type": "neutral", "args": [{"type": "aspect", "offset": [5, 6], "text": "group dinner"}, {"type": "opinion", "offset": [1], "text": "easy"}]}], "event": [], "spot": ["aspect", "opinion"], "asoc": ["neutral"], "spot_asoc": [{"span": "easy", "label": "opinion", "asoc": []}, {"span": "group dinner", "label": "aspect", "asoc": [["neutral", "easy"]]}]}
{"text": "I have been a longtime fan of Holy Basil in the East Village , and while I do believe their food has slightly slipped in quality , I have been hesitant to be disloyal .", "tokens": ["I", "have", "been", "a", "longtime", "fan", "of", "Holy", "Basil", "in", "the", "East", "Village", ",", "and", "while", "I", "do", "believe", "their", "food", "has", "slightly", "slipped", "in", "quality", ",", "I", "have", "been", "hesitant", "to", "be", "disloyal", "."], "record": "<extra_id_0> <extra_id_0> opinion <extra_id_5> slipped <extra_id_1> <extra_id_0> aspect <extra_id_5> quality <extra_id_0> negative <extra_id_5> slipped <extra_id_1> <extra_id_1> <extra_id_1>", "entity": [{"type": "aspect", "offset": [25], "text": "quality"}, {"type": "opinion", "offset": [23], "text": "slipped"}], "relation": [{"type": "negative", "args": [{"type": "aspect", "offset": [25], "text": "quality"}, {"type": "opinion", "offset": [23], "text": "slipped"}]}], "event": [], "spot": ["aspect", "opinion"], "asoc": ["negative"], "spot_asoc": [{"span": "slipped", "label": "opinion", "asoc": []}, {"span": "quality", "label": "aspect", "asoc": [["negative", "slipped"]]}]}
