{"text": "Service was very good - prompt , attentive and non-intrusive .", "tokens": ["Service", "was", "very", "good", "-", "prompt", ",", "attentive", "and", "non-intrusive", "."], "record": "<extra_id_0> <extra_id_0> aspect <extra_id_5> Service <extra_id_0> positive <extra_id_5> good <extra_id_1> <extra_id_0> positive <extra_id_5> prompt <extra_id_1> <extra_id_0> positive <extra_id_5> attentive <extra_id_1> <extra_id_0> positive <extra_id_5> non-intrusive <extra_id_1> <extra_id_1> <extra_id_0> opinion <extra_id_5> good <extra_id_1> <extra_id_0> opinion <extra_id_5> prompt <extra_id_1> <extra_id_0> opinion <extra_id_5> attentive <extra_id_1> <extra_id_0> opinion <extra_id_5> non-intrusive <extra_id_1> <extra_id_1>", "entity": [{"type": "aspect", "offset": [0], "text": "Service"}, {"type": "opinion", "offset": [3], "text": "good"}, {"type": "opinion", "offset": [5], "text": "prompt"}, {"type": "opinion", "offset": [7], "text": "attentive"}, {"type": "opinion", "offset": [9], "text": "non-intrusive"}], "relation": [{"type": "positive", "args": [{"type": "aspect", "offset": [0], "text": "Service"}, {"type": "opinion", "offset": [3], "text": "good"}]}, {"type": "positive", "args": [{"type": "aspect", "offset": [0], "text": "Service"}, {"type": "opinion", "offset": [5], "text": "prompt"}]}, {"type": "positive", "args": [{"type": "aspect", "offset": [0], "text": "Service"}, {"type": "opinion", "offset": [7], "text": "attentive"}]}, {"type": "positive", "args": [{"type": "aspect", "offset": [0], "text": "Service"}, {"type": "opinion", "offset": [9], "text": "non-intrusive"}]}], "event": [], "spot": ["aspect", "opinion"], "asoc": ["positive"], "spot_asoc": [{"span": "Service", "label": "aspect", "asoc": [["positive", "good"], ["positive", "prompt"], ["positive", "attentive"], ["positive", "non-intrusive"]]}, {"span": "good", "label": "opinion", "asoc": []}, {"span": "prompt", "label": "opinion", "asoc": []}, {"span": "attentive", "label": "opinion", "asoc": []}, {"span": "non-intrusive", "label": "opinion", "asoc": []}]}
{"text": "Total hipster-wannabe attitude in an otherwise sweet spot .", "tokens": ["Total", "hipster-wannabe", "attitude", "in", "an", "otherwise", "sweet", "spot", "."], "record": "<extra_id_0> <extra_id_0> opinion <extra_id_5> sweet <extra_id_1> <extra_id_0> aspect <extra_id_5> spot <extra_id_0> positive <extra_id_5> sweet <extra_id_1> <extra_id_1> <extra_id_1>", "entity": [{"type": "aspect", "offset": [7], "text": "spot"}, {"type": "opinion", "offset": [6], "text": "sweet"}], "relation": [{"type": "positive", "args": [{"type": "aspect", "offset": [7], "text": "spot"}, {"type": "opinion", "offset": [6], "text": "sweet"}]}], "event": [], "spot": ["aspect", "opinion"], "asoc": ["positive"], "spot_asoc": [{"span": "sweet", "label": "opinion", "asoc": []}, {"span": "spot", "label": "aspect", "asoc": [["positive", "sweet"]]}]}
{"text": "While this can hardly be called a restaurant , it is possibly the best deal in Manhatten : $ 4 for a plate heaped with rice and 2-3 entrees .", "tokens": ["While", "this", "can", "hardly", "be", "called", "a", "restaurant", ",", "it", "is", "possibly", "the", "best", "deal", "in", "Manhatten", ":", "$", "4", "for", "a", "plate", "heaped", "with", "rice", "and", "2-3", "entrees", "."], "record": "<extra_id_0> <extra_id_0> opinion <extra_id_5> best <extra_id_1> <extra_id_0> aspect <extra_id_5> rice <extra_id_0> positive <extra_id_5> best <extra_id_1> <extra_id_1> <extra_id_0> aspect <extra_id_5> entrees <extra_id_0> positive <extra_id_5> best <extra_id_1> <extra_id_1> <extra_id_1>", "entity": [{"type": "aspect", "offset": [25], "text": "rice"}, {"type": "aspect", "offset": [28], "text": "entrees"}, {"type": "opinion", "offset": [13], "text": "best"}], "relation": [{"type": "positive", "args": [{"type": "aspect", "offset": [25], "text": "rice"}, {"type": "opinion", "offset": [13], "text": "best"}]}, {"type": "positive", "args": [{"type": "aspect", "offset": [28], "text": "entrees"}, {"type": "opinion", "offset": [13], "text": "best"}]}], "event": [], "spot": ["aspect", "opinion"], "asoc": ["positive"], "spot_asoc": [{"span": "best", "label": "opinion", "asoc": []}, {"span": "rice", "label": "aspect", "asoc": [["positive", "best"]]}, {"span": "entrees", "label": "aspect", "asoc": [["positive", "best"]]}]}
{"text": "it 's the only place you can get yummy authentic japanese comfort food .", "tokens": ["it", "'s", "the", "only", "place", "you", "can", "get", "yummy", "authentic", "japanese", "comfort", "food", "."], "record": "<extra_id_0> <extra_id_0> opinion <extra_id_5> yummy authentic <extra_id_1> <extra_id_0> aspect <extra_id_5> japanese comfort food <extra_id_0> positive <extra_id_5> yummy authentic <extra_id_1> <extra_id_1> <extra_id_1>", "entity": [{"type": "aspect", "offset": [10, 11, 12], "text": "japanese comfort food"}, {"type": "opinion", "offset": [8, 9], "text": "yummy authentic"}], "relation": [{"type": "positive", "args": [{"type": "aspect", "offset": [10, 11, 12], "text": "japanese comfort food"}, {"type": "opinion", "offset": [8, 9], "text": "yummy authentic"}]}], "event": [], "spot": ["aspect", "opinion"], "asoc": ["positive"], "spot_asoc": [{"span": "yummy authentic", "label": "opinion", "asoc": []}, {"span": "japanese comfort food", "label": "aspect", "asoc": [["positive", "yummy authentic"]]}]}
{"text": "The food is outstanding and the service is quick , friendly and very professional .", "tokens": ["The", "food", "is", "outstanding", "and", "the", "service", "is", "quick", ",", "friendly", "and", "very", "professional", "."], "record": "<extra_id_0> <extra_id_0> aspect <extra_id_5> food <extra_id_0> positive <extra_id_5> outstanding <extra_id_1> <extra_id_1> <extra_id_0> opinion <extra_id_5> outstanding <extra_id_1> <extra_id_0> aspect <extra_id_5> service <extra_id_0> positive <extra_id_5> quick <extra_id_1> <extra_id_0> positive <extra_id_5> friendly <extra_id_1> <extra_id_0> positive <extra_id_5> professional <extra_id_1> <extra_id_1> <extra_id_0> opinion <extra_id_5> quick <extra_id_1> <extra_id_0> opinion <extra_id_5> friendly <extra_id_1> <extra_id_0> opinion <extra_id_5> professional <extra_id_1> <extra_id_1>", "entity": [{"type": "aspect", "offset": [1], "text": "food"}, {"type": "aspect", "offset": [6], "text": "service"}, {"type": "opinion", "offset": [3], "text": "outstanding"}, {"type": "opinion", "offset": [8], "text": "quick"}, {"type": "opinion", "offset": [10], "text": "friendly"}, {"type": "opinion", "offset": [13], "text": "professional"}], "relation": [{"type": "positive", "args": [{"type": "aspect", "offset": [1], "text": "food"}, {"type": "opinion", "offset": [3], "text": "outstanding"}]}, {"type": "positive", "args": [{"type": "aspect", "offset": [6], "text": "service"}, {"type": "opinion", "offset": [8], "text": "quick"}]}, {"type": "positive", "args": [{"type": "aspect", "offset": [6], "text": "service"}, {"type": "opinion", "offset": [10], "text": "friendly"}]}, {"type": "positive", "args": [{"type": "aspect", "offset": [6], "text": "service"}, {"type": "opinion", "offset": [13], "text": "professional"}]}], "event": [], "spot": ["aspect", "opinion"], "asoc": ["positive"], "spot_asoc": [{"span": "food", "label": "aspect", "asoc": [["positive", "outstanding"]]}, {"span": "outstanding", "label": "opinion", "asoc": []}, {"span": "service", "label": "aspect", "asoc": [["positive", "quick"], ["positive", "friendly"], ["positive", "professional"]]}, {"span": "quick", "label": "opinion", "asoc": []}, {"span": "friendly", "label": "opinion", "asoc": []}, {"span": "professional", "label": "opinion", "asoc": []}]}
{"text": "Well , their deliveries take for ever and the food is usually cold .", "tokens": ["Well", ",", "their", "deliveries", "take", "for", "ever", "and", "the", "food", "is", "usually", "cold", "."], "record": "<extra_id_0> <extra_id_0> aspect <extra_id_5> deliveries <extra_id_0> negative <extra_id_5> for ever <extra_id_1> <extra_id_1> <extra_id_0> opinion <extra_id_5> for ever <extra_id_1> <extra_id_0> aspect <extra_id_5> food <extra_id_0> negative <extra_id_5> cold <extra_id_1> <extra_id_1> <extra_id_0> opinion <extra_id_5> cold <extra_id_1> <extra_id_1>", "entity": [{"type": "aspect", "offset": [3], "text": "deliveries"}, {"type": "aspect", "offset": [9], "text": "food"}, {"type": "opinion", "offset": [5, 6], "text": "for ever"}, {"type": "opinion", "offset": [12], "text": "cold"}], "relation": [{"type": "negative", "args": [{"type": "aspect", "offset": [3], "text": "deliveries"}, {"type": "opinion", "offset": [5, 6], "text": "for ever"}]}, {"type": "negative", "args": [{"type": "aspect", "offset": [9], "text": "food"}, {"type": "opinion", "offset": [12], "text": "cold"}]}], "event": [], "spot": ["aspect", "opinion"], "asoc": ["negative"], "spot_asoc": [{"span": "deliveries", "label": "aspect", "asoc": [["negative", "for ever"]]}, {"span": "for ever", "label": "opinion", "asoc": []}, {"span": "food", "label": "aspect", "asoc": [["negative", "cold"]]}, {"span": "cold", "label": "opinion", "asoc": []}]}
{"text": "They smell like they stuff them with old canned vegetables like the spinach mushroom calzone .", "tokens": ["They", "smell", "like", "they", "stuff", "them", "with", "old", "canned", "vegetables", "like", "the", "spinach", "mushroom", "calzone", "."], "record": "<extra_id_0> <extra_id_0> opinion <extra_id_5> old <extra_id_1> <extra_id_0> aspect <extra_id_5> canned vegetables <extra_id_0> negative <extra_id_5> old <extra_id_1> <extra_id_1> <extra_id_0> aspect <extra_id_5> spinach mushroom calzone <extra_id_0> negative <extra_id_5> old <extra_id_1> <extra_id_1> <extra_id_1>", "entity": [{"type": "aspect", "offset": [12, 13, 14], "text": "spinach mushroom calzone"}, {"type": "aspect", "offset": [8, 9], "text": "canned vegetables"}, {"type": "opinion", "offset": [7], "text": "old"}], "relation": [{"type": "negative", "args": [{"type": "aspect", "offset": [12, 13, 14], "text": "spinach mushroom calzone"}, {"type": "opinion", "offset": [7], "text": "old"}]}, {"type": "negative", "args": [{"type": "aspect", "offset": [8, 9], "text": "canned vegetables"}, {"type": "opinion", "offset": [7], "text": "old"}]}], "event": [], "spot": ["aspect", "opinion"], "asoc": ["negative"], "spot_asoc": [{"span": "old", "label": "opinion", "asoc": []}, {"span": "canned vegetables", "label": "aspect", "asoc": [["negative", "old"]]}, {"span": "spinach mushroom calzone", "label": "aspect", "asoc": [["negative", "old"]]}]}
{"text": "We ordered the special , grilled branzino , that was so infused with bone , it was difficult to eat .", "tokens": ["We", "ordered", "the", "special", ",", "grilled", "branzino", ",", "that", "was", "so", "infused", "with", "bone", ",", "it", "was", "difficult", "to", "eat", "."], "record": "<extra_id_0> <extra_id_0> aspect <extra_id_5> grilled branzino <extra_id_0> negative <extra_id_5> difficult to eat <extra_id_1> <extra_id_1> <extra_id_0> opinion <extra_id_5> difficult to eat <extra_id_1> <extra_id_1>", "entity": [{"type": "aspect", "offset": [5, 6], "text": "grilled branzino"}, {"type": "opinion", "offset": [17, 18, 19], "text": "difficult to eat"}], "relation": [{"type": "negative", "args": [{"type": "aspect", "offset": [5, 6], "text": "grilled branzino"}, {"type": "opinion", "offset": [17, 18, 19], "text": "difficult to eat"}]}], "event": [], "spot": ["aspect", "opinion"], "asoc": ["negative"], "spot_asoc": [{"span": "grilled branzino", "label": "aspect", "asoc": [["negative", "difficult to eat"]]}, {"span": "difficult to eat", "label": "opinion", "asoc": []}]}
{"text": "After we got our sashimi order , I could not believe how small the portions were !", "tokens": ["After", "we", "got", "our", "sashimi", "order", ",", "I", "could", "not", "believe", "how", "small", "the", "portions", "were", "!"], "record": "<extra_id_0> <extra_id_0> aspect <extra_id_5> sashimi <extra_id_0> neutral <extra_id_5> small <extra_id_1> <extra_id_1> <extra_id_0> opinion <extra_id_5> small <extra_id_1> <extra_id_0> aspect <extra_id_5> portions <extra_id_0> negative <extra_id_5> small <extra_id_1> <extra_id_1> <extra_id_1>", "entity": [{"type": "aspect", "offset": [4], "text": "sashimi"}, {"type": "aspect", "offset": [14], "text": "portions"}, {"type": "opinion", "offset": [12], "text": "small"}], "relation": [{"type": "neutral", "args": [{"type": "aspect", "offset": [4], "text": "sashimi"}, {"type": "opinion", "offset": [12], "text": "small"}]}, {"type": "negative", "args": [{"type": "aspect", "offset": [14], "text": "portions"}, {"type": "opinion", "offset": [12], "text": "small"}]}], "event": [], "spot": ["aspect", "opinion"], "asoc": ["negative", "neutral"], "spot_asoc": [{"span": "sashimi", "label": "aspect", "asoc": [["neutral", "small"]]}, {"span": "small", "label": "opinion", "asoc": []}, {"span": "portions", "label": "aspect", "asoc": [["negative", "small"]]}]}
{"text": "This place is really trendi but they have forgotten about the most important part of a restaurant , the food .", "tokens": ["This", "place", "is", "really", "trendi", "but", "they", "have", "forgotten", "about", "the", "most", "important", "part", "of", "a", "restaurant", ",", "the", "food", "."], "record": "<extra_id_0> <extra_id_0> opinion <extra_id_5> forgotten <extra_id_1> <extra_id_0> aspect <extra_id_5> food <extra_id_0> negative <extra_id_5> forgotten <extra_id_1> <extra_id_1> <extra_id_1>", "entity": [{"type": "aspect", "offset": [19], "text": "food"}, {"type": "opinion", "offset": [8], "text": "forgotten"}], "relation": [{"type": "negative", "args": [{"type": "aspect", "offset": [19], "text": "food"}, {"type": "opinion", "offset": [8], "text": "forgotten"}]}], "event": [], "spot": ["aspect", "opinion"], "asoc": ["negative"], "spot_asoc": [{"span": "forgotten", "label": "opinion", "asoc": []}, {"span": "food", "label": "aspect", "asoc": [["negative", "forgotten"]]}]}
{"text": "all the food was excellent - considering the quality of food in most moderately priced restaurants is mediocre this was slightly more pricey and well worth it .", "tokens": ["all", "the", "food", "was", "excellent", "-", "considering", "the", "quality", "of", "food", "in", "most", "moderately", "priced", "restaurants", "is", "mediocre", "this", "was", "slightly", "more", "pricey", "and", "well", "worth", "it", "."], "record": "<extra_id_0> <extra_id_0> aspect <extra_id_5> food <extra_id_0> positive <extra_id_5> excellent <extra_id_1> <extra_id_1> <extra_id_0> opinion <extra_id_5> excellent <extra_id_1> <extra_id_0> aspect <extra_id_5> quality of food <extra_id_0> positive <extra_id_5> mediocre <extra_id_1> <extra_id_1> <extra_id_0> opinion <extra_id_5> moderately <extra_id_1> <extra_id_0> aspect <extra_id_5> priced <extra_id_0> neutral <extra_id_5> moderately <extra_id_1> <extra_id_1> <extra_id_0> opinion <extra_id_5> mediocre <extra_id_1> <extra_id_1>", "entity": [{"type": "aspect", "offset": [2], "text": "food"}, {"type": "aspect", "offset": [8, 9, 10], "text": "quality of food"}, {"type": "aspect", "offset": [14], "text": "priced"}, {"type": "opinion", "offset": [4], "text": "excellent"}, {"type": "opinion", "offset": [17], "text": "mediocre"}, {"type": "opinion", "offset": [13], "text": "moderately"}], "relation": [{"type": "positive", "args": [{"type": "aspect", "offset": [2], "text": "food"}, {"type": "opinion", "offset": [4], "text": "excellent"}]}, {"type": "positive", "args": [{"type": "aspect", "offset": [8, 9, 10], "text": "quality of food"}, {"type": "opinion", "offset": [17], "text": "mediocre"}]}, {"type": "neutral", "args": [{"type": "aspect", "offset": [14], "text": "priced"}, {"type": "opinion", "offset": [13], "text": "moderately"}]}], "event": [], "spot": ["aspect", "opinion"], "asoc": ["positive", "neutral"], "spot_asoc": [{"span": "food", "label": "aspect", "asoc": [["positive", "excellent"]]}, {"span": "excellent", "label": "opinion", "asoc": []}, {"span": "quality of food", "label": "aspect", "asoc": [["positive", "mediocre"]]}, {"span": "moderately", "label": "opinion", "asoc": []}, {"span": "priced", "label": "aspect", "asoc": [["neutral", "moderately"]]}, {"span": "mediocre", "label": "opinion", "asoc": []}]}
{"text": "A narrow corridor leads to a tiny space where there are three tiny white tiled counters , a great deal of mess ( stacks of bottles , cans ) and a small counter holding 12-14 entrees .", "tokens": ["A", "narrow", "corridor", "leads", "to", "a", "tiny", "space", "where", "there", "are", "three", "tiny", "white", "tiled", "counters", ",", "a", "great", "deal", "of", "mess", "(", "stacks", "of", "bottles", ",", "cans", ")", "and", "a", "small", "counter", "holding", "12-14", "entrees", "."], "record": "<extra_id_0> <extra_id_0> opinion <extra_id_5> narrow <extra_id_1> <extra_id_0> aspect <extra_id_5> corridor <extra_id_0> negative <extra_id_5> narrow <extra_id_1> <extra_id_1> <extra_id_0> opinion <extra_id_5> tiny <extra_id_1> <extra_id_0> aspect <extra_id_5> space <extra_id_0> negative <extra_id_5> tiny <extra_id_1> <extra_id_1> <extra_id_0> opinion <extra_id_5> tiny <extra_id_1> <extra_id_0> aspect <extra_id_5> counters <extra_id_0> negative <extra_id_5> tiny <extra_id_1> <extra_id_1> <extra_id_0> opinion <extra_id_5> small <extra_id_1> <extra_id_0> aspect <extra_id_5> entrees <extra_id_0> neutral <extra_id_5> small <extra_id_1> <extra_id_1> <extra_id_1>", "entity": [{"type": "aspect", "offset": [2], "text": "corridor"}, {"type": "aspect", "offset": [7], "text": "space"}, {"type": "aspect", "offset": [15], "text": "counters"}, {"type": "aspect", "offset": [35], "text": "entrees"}, {"type": "opinion", "offset": [1], "text": "narrow"}, {"type": "opinion", "offset": [6], "text": "tiny"}, {"type": "opinion", "offset": [12], "text": "tiny"}, {"type": "opinion", "offset": [31], "text": "small"}], "relation": [{"type": "negative", "args": [{"type": "aspect", "offset": [2], "text": "corridor"}, {"type": "opinion", "offset": [1], "text": "narrow"}]}, {"type": "negative", "args": [{"type": "aspect", "offset": [7], "text": "space"}, {"type": "opinion", "offset": [6], "text": "tiny"}]}, {"type": "negative", "args": [{"type": "aspect", "offset": [15], "text": "counters"}, {"type": "opinion", "offset": [12], "text": "tiny"}]}, {"type": "neutral", "args": [{"type": "aspect", "offset": [35], "text": "entrees"}, {"type": "opinion", "offset": [31], "text": "small"}]}], "event": [], "spot": ["aspect", "opinion"], "asoc": ["neutral", "negative"], "spot_asoc": [{"span": "narrow", "label": "opinion", "asoc": []}, {"span": "corridor", "label": "aspect", "asoc": [["negative", "narrow"]]}, {"span": "tiny", "label": "opinion", "asoc": []}, {"span": "space", "label": "aspect", "asoc": [["negative", "tiny"]]}, {"span": "tiny", "label": "opinion", "asoc": []}, {"span": "counters", "label": "aspect", "asoc": [["negative", "tiny"]]}, {"span": "small", "label": "opinion", "asoc": []}, {"span": "entrees", "label": "aspect", "asoc": [["neutral", "small"]]}]}
{"text": "The dim sum here is only so-so .", "tokens": ["The", "dim", "sum", "here", "is", "only", "so-so", "."], "record": "<extra_id_0> <extra_id_0> aspect <extra_id_5> dim sum <extra_id_0> neutral <extra_id_5> so-so <extra_id_1> <extra_id_1> <extra_id_0> opinion <extra_id_5> so-so <extra_id_1> <extra_id_1>", "entity": [{"type": "aspect", "offset": [1, 2], "text": "dim sum"}, {"type": "opinion", "offset": [6], "text": "so-so"}], "relation": [{"type": "neutral", "args": [{"type": "aspect", "offset": [1, 2], "text": "dim sum"}, {"type": "opinion", "offset": [6], "text": "so-so"}]}], "event": [], "spot": ["aspect", "opinion"], "asoc": ["neutral"], "spot_asoc": [{"span": "dim sum", "label": "aspect", "asoc": [["neutral", "so-so"]]}, {"span": "so-so", "label": "opinion", "asoc": []}]}
{"text": "If it 's just a quick martini at the bar ( which I recommend Jeffery 's ) or a mind blowing Roast Chicken , go to Village !", "tokens": ["If", "it", "'s", "just", "a", "quick", "martini", "at", "the", "bar", "(", "which", "I", "recommend", "Jeffery", "'s", ")", "or", "a", "mind", "blowing", "Roast", "Chicken", ",", "go", "to", "Village", "!"], "record": "<extra_id_0> <extra_id_0> opinion <extra_id_5> quick <extra_id_1> <extra_id_0> aspect <extra_id_5> martini <extra_id_0> neutral <extra_id_5> quick <extra_id_1> <extra_id_1> <extra_id_0> aspect <extra_id_5> bar <extra_id_0> neutral <extra_id_5> recommend <extra_id_1> <extra_id_1> <extra_id_0> opinion <extra_id_5> recommend <extra_id_1> <extra_id_0> opinion <extra_id_5> mind blowing <extra_id_1> <extra_id_0> aspect <extra_id_5> Roast Chicken <extra_id_0> positive <extra_id_5> mind blowing <extra_id_1> <extra_id_1> <extra_id_1>", "entity": [{"type": "aspect", "offset": [6], "text": "martini"}, {"type": "aspect", "offset": [9], "text": "bar"}, {"type": "aspect", "offset": [21, 22], "text": "Roast Chicken"}, {"type": "opinion", "offset": [5], "text": "quick"}, {"type": "opinion", "offset": [13], "text": "recommend"}, {"type": "opinion", "offset": [19, 20], "text": "mind blowing"}], "relation": [{"type": "neutral", "args": [{"type": "aspect", "offset": [6], "text": "martini"}, {"type": "opinion", "offset": [5], "text": "quick"}]}, {"type": "neutral", "args": [{"type": "aspect", "offset": [9], "text": "bar"}, {"type": "opinion", "offset": [13], "text": "recommend"}]}, {"type": "positive", "args": [{"type": "aspect", "offset": [21, 22], "text": "Roast Chicken"}, {"type": "opinion", "offset": [19, 20], "text": "mind blowing"}]}], "event": [], "spot": ["aspect", "opinion"], "asoc": ["positive", "neutral"], "spot_asoc": [{"span": "quick", "label": "opinion", "asoc": []}, {"span": "martini", "label": "aspect", "asoc": [["neutral", "quick"]]}, {"span": "bar", "label": "aspect", "asoc": [["neutral", "recommend"]]}, {"span": "recommend", "label": "opinion", "asoc": []}, {"span": "mind blowing", "label": "opinion", "asoc": []}, {"span": "Roast Chicken", "label": "aspect", "asoc": [["positive", "mind blowing"]]}]}
{"text": "The food is great , service is ok .", "tokens": ["The", "food", "is", "great", ",", "service", "is", "ok", "."], "record": "<extra_id_0> <extra_id_0> aspect <extra_id_5> food <extra_id_0> positive <extra_id_5> great <extra_id_1> <extra_id_1> <extra_id_0> opinion <extra_id_5> great <extra_id_1> <extra_id_0> aspect <extra_id_5> service <extra_id_0> neutral <extra_id_5> ok <extra_id_1> <extra_id_1> <extra_id_0> opinion <extra_id_5> ok <extra_id_1> <extra_id_1>", "entity": [{"type": "aspect", "offset": [1], "text": "food"}, {"type": "aspect", "offset": [5], "text": "service"}, {"type": "opinion", "offset": [3], "text": "great"}, {"type": "opinion", "offset": [7], "text": "ok"}], "relation": [{"type": "positive", "args": [{"type": "aspect", "offset": [1], "text": "food"}, {"type": "opinion", "offset": [3], "text": "great"}]}, {"type": "neutral", "args": [{"type": "aspect", "offset": [5], "text": "service"}, {"type": "opinion", "offset": [7], "text": "ok"}]}], "event": [], "spot": ["aspect", "opinion"], "asoc": ["positive", "neutral"], "spot_asoc": [{"span": "food", "label": "aspect", "asoc": [["positive", "great"]]}, {"span": "great", "label": "opinion", "asoc": []}, {"span": "service", "label": "aspect", "asoc": [["neutral", "ok"]]}, {"span": "ok", "label": "opinion", "asoc": []}]}
