{"text": "Very good wine choices .", "tokens": ["Very", "good", "wine", "choices", "."], "record": "<extra_id_0> <extra_id_0> opinion <extra_id_5> good <extra_id_1> <extra_id_0> aspect <extra_id_5> wine choices <extra_id_0> positive <extra_id_5> good <extra_id_1> <extra_id_1> <extra_id_1>", "entity": [{"type": "aspect", "offset": [2, 3], "text": "wine choices"}, {"type": "opinion", "offset": [1], "text": "good"}], "relation": [{"type": "positive", "args": [{"type": "aspect", "offset": [2, 3], "text": "wine choices"}, {"type": "opinion", "offset": [1], "text": "good"}]}], "event": [], "spot": ["aspect", "opinion"], "asoc": ["positive"], "spot_asoc": [{"span": "good", "label": "opinion", "asoc": []}, {"span": "wine choices", "label": "aspect", "asoc": [["positive", "good"]]}]}
{"text": "The wait staff is pleasant , fun , and for the most part gorgeous ( in the wonderful aesthetic beautification way , not in that she's-way-cuter-than-me-that-b @ # $ * way ) .", "tokens": ["The", "wait", "staff", "is", "pleasant", ",", "fun", ",", "and", "for", "the", "most", "part", "gorgeous", "(", "in", "the", "wonderful", "aesthetic", "beautification", "way", ",", "not", "in", "that", "she's-way-cuter-than-me-that-b", "@", "#", "$", "*", "way", ")", "."], "record": "<extra_id_0> <extra_id_0> aspect <extra_id_5> wait staff <extra_id_0> positive <extra_id_5> pleasant <extra_id_1> <extra_id_0> positive <extra_id_5> fun <extra_id_1> <extra_id_0> positive <extra_id_5> gorgeous <extra_id_1> <extra_id_1> <extra_id_0> opinion <extra_id_5> pleasant <extra_id_1> <extra_id_0> opinion <extra_id_5> fun <extra_id_1> <extra_id_0> opinion <extra_id_5> gorgeous <extra_id_1> <extra_id_1>", "entity": [{"type": "aspect", "offset": [1, 2], "text": "wait staff"}, {"type": "opinion", "offset": [4], "text": "pleasant"}, {"type": "opinion", "offset": [6], "text": "fun"}, {"type": "opinion", "offset": [13], "text": "gorgeous"}], "relation": [{"type": "positive", "args": [{"type": "aspect", "offset": [1, 2], "text": "wait staff"}, {"type": "opinion", "offset": [4], "text": "pleasant"}]}, {"type": "positive", "args": [{"type": "aspect", "offset": [1, 2], "text": "wait staff"}, {"type": "opinion", "offset": [6], "text": "fun"}]}, {"type": "positive", "args": [{"type": "aspect", "offset": [1, 2], "text": "wait staff"}, {"type": "opinion", "offset": [13], "text": "gorgeous"}]}], "event": [], "spot": ["aspect", "opinion"], "asoc": ["positive"], "spot_asoc": [{"span": "wait staff", "label": "aspect", "asoc": [["positive", "pleasant"], ["positive", "fun"], ["positive", "gorgeous"]]}, {"span": "pleasant", "label": "opinion", "asoc": []}, {"span": "fun", "label": "opinion", "asoc": []}, {"span": "gorgeous", "label": "opinion", "asoc": []}]}
{"text": "After really enjoying ourselves at the bar we sat down at a table and had dinner .", "tokens": ["After", "really", "enjoying", "ourselves", "at", "the", "bar", "we", "sat", "down", "at", "a", "table", "and", "had", "dinner", "."], "record": "<extra_id_0> <extra_id_0> opinion <extra_id_5> enjoying <extra_id_1> <extra_id_0> aspect <extra_id_5> bar <extra_id_0> positive <extra_id_5> enjoying <extra_id_1> <extra_id_1> <extra_id_0> aspect <extra_id_5> table <extra_id_0> neutral <extra_id_5> enjoying <extra_id_1> <extra_id_1> <extra_id_0> aspect <extra_id_5> dinner <extra_id_0> neutral <extra_id_5> enjoying <extra_id_1> <extra_id_1> <extra_id_1>", "entity": [{"type": "aspect", "offset": [6], "text": "bar"}, {"type": "aspect", "offset": [12], "text": "table"}, {"type": "aspect", "offset": [15], "text": "dinner"}, {"type": "opinion", "offset": [2], "text": "enjoying"}], "relation": [{"type": "positive", "args": [{"type": "aspect", "offset": [6], "text": "bar"}, {"type": "opinion", "offset": [2], "text": "enjoying"}]}, {"type": "neutral", "args": [{"type": "aspect", "offset": [12], "text": "table"}, {"type": "opinion", "offset": [2], "text": "enjoying"}]}, {"type": "neutral", "args": [{"type": "aspect", "offset": [15], "text": "dinner"}, {"type": "opinion", "offset": [2], "text": "enjoying"}]}], "event": [], "spot": ["aspect", "opinion"], "asoc": ["positive", "neutral"], "spot_asoc": [{"span": "enjoying", "label": "opinion", "asoc": []}, {"span": "bar", "label": "aspect", "asoc": [["positive", "enjoying"]]}, {"span": "table", "label": "aspect", "asoc": [["neutral", "enjoying"]]}, {"span": "dinner", "label": "aspect", "asoc": [["neutral", "enjoying"]]}]}
{"text": "I can not imagine a friendlier staff working in a restaurant .", "tokens": ["I", "can", "not", "imagine", "a", "friendlier", "staff", "working", "in", "a", "restaurant", "."], "record": "<extra_id_0> <extra_id_0> opinion <extra_id_5> friendlier <extra_id_1> <extra_id_0> aspect <extra_id_5> staff <extra_id_0> positive <extra_id_5> friendlier <extra_id_1> <extra_id_1> <extra_id_1>", "entity": [{"type": "aspect", "offset": [6], "text": "staff"}, {"type": "opinion", "offset": [5], "text": "friendlier"}], "relation": [{"type": "positive", "args": [{"type": "aspect", "offset": [6], "text": "staff"}, {"type": "opinion", "offset": [5], "text": "friendlier"}]}], "event": [], "spot": ["aspect", "opinion"], "asoc": ["positive"], "spot_asoc": [{"span": "friendlier", "label": "opinion", "asoc": []}, {"span": "staff", "label": "aspect", "asoc": [["positive", "friendlier"]]}]}
{"text": "The design and atmosphere is just as good .", "tokens": ["The", "design", "and", "atmosphere", "is", "just", "as", "good", "."], "record": "<extra_id_0> <extra_id_0> aspect <extra_id_5> design <extra_id_0> positive <extra_id_5> good <extra_id_1> <extra_id_1> <extra_id_0> aspect <extra_id_5> atmosphere <extra_id_0> positive <extra_id_5> good <extra_id_1> <extra_id_1> <extra_id_0> opinion <extra_id_5> good <extra_id_1> <extra_id_1>", "entity": [{"type": "aspect", "offset": [1], "text": "design"}, {"type": "aspect", "offset": [3], "text": "atmosphere"}, {"type": "opinion", "offset": [7], "text": "good"}], "relation": [{"type": "positive", "args": [{"type": "aspect", "offset": [1], "text": "design"}, {"type": "opinion", "offset": [7], "text": "good"}]}, {"type": "positive", "args": [{"type": "aspect", "offset": [3], "text": "atmosphere"}, {"type": "opinion", "offset": [7], "text": "good"}]}], "event": [], "spot": ["aspect", "opinion"], "asoc": ["positive"], "spot_asoc": [{"span": "design", "label": "aspect", "asoc": [["positive", "good"]]}, {"span": "atmosphere", "label": "aspect", "asoc": [["positive", "good"]]}, {"span": "good", "label": "opinion", "asoc": []}]}
{"text": "There was a long wait for a table outside , but it was a little too hot in the sun anyway so our insde table was very nice .", "tokens": ["There", "was", "a", "long", "wait", "for", "a", "table", "outside", ",", "but", "it", "was", "a", "little", "too", "hot", "in", "the", "sun", "anyway", "so", "our", "insde", "table", "was", "very", "nice", "."], "record": "<extra_id_0> <extra_id_0> opinion <extra_id_5> long <extra_id_1> <extra_id_0> opinion <extra_id_5> long wait <extra_id_1> <extra_id_0> aspect <extra_id_5> wait <extra_id_0> negative <extra_id_5> long <extra_id_1> <extra_id_1> <extra_id_0> aspect <extra_id_5> table <extra_id_0> neutral <extra_id_5> long wait <extra_id_1> <extra_id_1> <extra_id_0> aspect <extra_id_5> insde table <extra_id_0> positive <extra_id_5> nice <extra_id_1> <extra_id_1> <extra_id_0> opinion <extra_id_5> nice <extra_id_1> <extra_id_1>", "entity": [{"type": "aspect", "offset": [7], "text": "table"}, {"type": "aspect", "offset": [23, 24], "text": "insde table"}, {"type": "aspect", "offset": [4], "text": "wait"}, {"type": "opinion", "offset": [3, 4], "text": "long wait"}, {"type": "opinion", "offset": [27], "text": "nice"}, {"type": "opinion", "offset": [3], "text": "long"}], "relation": [{"type": "neutral", "args": [{"type": "aspect", "offset": [7], "text": "table"}, {"type": "opinion", "offset": [3, 4], "text": "long wait"}]}, {"type": "positive", "args": [{"type": "aspect", "offset": [23, 24], "text": "insde table"}, {"type": "opinion", "offset": [27], "text": "nice"}]}, {"type": "negative", "args": [{"type": "aspect", "offset": [4], "text": "wait"}, {"type": "opinion", "offset": [3], "text": "long"}]}], "event": [], "spot": ["aspect", "opinion"], "asoc": ["negative", "positive", "neutral"], "spot_asoc": [{"span": "long", "label": "opinion", "asoc": []}, {"span": "long wait", "label": "opinion", "asoc": []}, {"span": "wait", "label": "aspect", "asoc": [["negative", "long"]]}, {"span": "table", "label": "aspect", "asoc": [["neutral", "long wait"]]}, {"span": "insde table", "label": "aspect", "asoc": [["positive", "nice"]]}, {"span": "nice", "label": "opinion", "asoc": []}]}
{"text": "The second you walk through the heavy vault like door , with people anticipating your arrival you get the sense that you are going to have the dining ride of a lifetime .", "tokens": ["The", "second", "you", "walk", "through", "the", "heavy", "vault", "like", "door", ",", "with", "people", "anticipating", "your", "arrival", "you", "get", "the", "sense", "that", "you", "are", "going", "to", "have", "the", "dining", "ride", "of", "a", "lifetime", "."], "record": "<extra_id_0> <extra_id_0> opinion <extra_id_5> heavy <extra_id_1> <extra_id_0> aspect <extra_id_5> door <extra_id_0> neutral <extra_id_5> heavy <extra_id_1> <extra_id_1> <extra_id_1>", "entity": [{"type": "aspect", "offset": [9], "text": "door"}, {"type": "opinion", "offset": [6], "text": "heavy"}], "relation": [{"type": "neutral", "args": [{"type": "aspect", "offset": [9], "text": "door"}, {"type": "opinion", "offset": [6], "text": "heavy"}]}], "event": [], "spot": ["aspect", "opinion"], "asoc": ["neutral"], "spot_asoc": [{"span": "heavy", "label": "opinion", "asoc": []}, {"span": "door", "label": "aspect", "asoc": [["neutral", "heavy"]]}]}
{"text": "The palak paneer was standard , and I was not a fan of the malai kofta .", "tokens": ["The", "palak", "paneer", "was", "standard", ",", "and", "I", "was", "not", "a", "fan", "of", "the", "malai", "kofta", "."], "record": "<extra_id_0> <extra_id_0> aspect <extra_id_5> palak paneer <extra_id_0> neutral <extra_id_5> standard <extra_id_1> <extra_id_1> <extra_id_0> opinion <extra_id_5> standard <extra_id_1> <extra_id_1>", "entity": [{"type": "aspect", "offset": [1, 2], "text": "palak paneer"}, {"type": "opinion", "offset": [4], "text": "standard"}], "relation": [{"type": "neutral", "args": [{"type": "aspect", "offset": [1, 2], "text": "palak paneer"}, {"type": "opinion", "offset": [4], "text": "standard"}]}], "event": [], "spot": ["aspect", "opinion"], "asoc": ["neutral"], "spot_asoc": [{"span": "palak paneer", "label": "aspect", "asoc": [["neutral", "standard"]]}, {"span": "standard", "label": "opinion", "asoc": []}]}
{"text": "The table next to us asked if he crushed the grapes himself when their long overdue bottle of wine finally arrived .", "tokens": ["The", "table", "next", "to", "us", "asked", "if", "he", "crushed", "the", "grapes", "himself", "when", "their", "long", "overdue", "bottle", "of", "wine", "finally", "arrived", "."], "record": "<extra_id_0> <extra_id_0> opinion <extra_id_5> long overdue <extra_id_1> <extra_id_0> aspect <extra_id_5> bottle of wine <extra_id_0> neutral <extra_id_5> long overdue <extra_id_1> <extra_id_1> <extra_id_1>", "entity": [{"type": "aspect", "offset": [16, 17, 18], "text": "bottle of wine"}, {"type": "opinion", "offset": [14, 15], "text": "long overdue"}], "relation": [{"type": "neutral", "args": [{"type": "aspect", "offset": [16, 17, 18], "text": "bottle of wine"}, {"type": "opinion", "offset": [14, 15], "text": "long overdue"}]}], "event": [], "spot": ["aspect", "opinion"], "asoc": ["neutral"], "spot_asoc": [{"span": "long overdue", "label": "opinion", "asoc": []}, {"span": "bottle of wine", "label": "aspect", "asoc": [["neutral", "long overdue"]]}]}
{"text": "It 's a place for people who pay a lot for mediocre food , noise and a chance to be with their fellow bridge and tunnel folks .", "tokens": ["It", "'s", "a", "place", "for", "people", "who", "pay", "a", "lot", "for", "mediocre", "food", ",", "noise", "and", "a", "chance", "to", "be", "with", "their", "fellow", "bridge", "and", "tunnel", "folks", "."], "record": "<extra_id_0> <extra_id_0> opinion <extra_id_5> mediocre <extra_id_1> <extra_id_0> aspect <extra_id_5> food <extra_id_0> neutral <extra_id_5> mediocre <extra_id_1> <extra_id_1> <extra_id_0> aspect <extra_id_5> noise <extra_id_0> negative <extra_id_5> mediocre <extra_id_1> <extra_id_1> <extra_id_1>", "entity": [{"type": "aspect", "offset": [12], "text": "food"}, {"type": "aspect", "offset": [14], "text": "noise"}, {"type": "opinion", "offset": [11], "text": "mediocre"}], "relation": [{"type": "neutral", "args": [{"type": "aspect", "offset": [12], "text": "food"}, {"type": "opinion", "offset": [11], "text": "mediocre"}]}, {"type": "negative", "args": [{"type": "aspect", "offset": [14], "text": "noise"}, {"type": "opinion", "offset": [11], "text": "mediocre"}]}], "event": [], "spot": ["aspect", "opinion"], "asoc": ["negative", "neutral"], "spot_asoc": [{"span": "mediocre", "label": "opinion", "asoc": []}, {"span": "food", "label": "aspect", "asoc": [["neutral", "mediocre"]]}, {"span": "noise", "label": "aspect", "asoc": [["negative", "mediocre"]]}]}
{"text": "Until you realize that their five minutes is meaningless and your wait may be anywhere from two to twenty minutes it may be frustrating .", "tokens": ["Until", "you", "realize", "that", "their", "five", "minutes", "is", "meaningless", "and", "your", "wait", "may", "be", "anywhere", "from", "two", "to", "twenty", "minutes", "it", "may", "be", "frustrating", "."], "record": "<extra_id_0> <extra_id_0> aspect <extra_id_5> wait <extra_id_0> negative <extra_id_5> frustrating <extra_id_1> <extra_id_1> <extra_id_0> opinion <extra_id_5> frustrating <extra_id_1> <extra_id_1>", "entity": [{"type": "aspect", "offset": [11], "text": "wait"}, {"type": "opinion", "offset": [23], "text": "frustrating"}], "relation": [{"type": "negative", "args": [{"type": "aspect", "offset": [11], "text": "wait"}, {"type": "opinion", "offset": [23], "text": "frustrating"}]}], "event": [], "spot": ["aspect", "opinion"], "asoc": ["negative"], "spot_asoc": [{"span": "wait", "label": "aspect", "asoc": [["negative", "frustrating"]]}, {"span": "frustrating", "label": "opinion", "asoc": []}]}
{"text": "On the other hand , if you are not fooled easily , you will find hundreds of restaurants that will give you service and ambiance that is on par with Alain Ducasse , and food that will outshine in presentaion , taste , choice , quality and quantity .", "tokens": ["On", "the", "other", "hand", ",", "if", "you", "are", "not", "fooled", "easily", ",", "you", "will", "find", "hundreds", "of", "restaurants", "that", "will", "give", "you", "service", "and", "ambiance", "that", "is", "on", "par", "with", "Alain", "Ducasse", ",", "and", "food", "that", "will", "outshine", "in", "presentaion", ",", "taste", ",", "choice", ",", "quality", "and", "quantity", "."], "record": "<extra_id_0> <extra_id_0> aspect <extra_id_5> service <extra_id_0> neutral <extra_id_5> on par <extra_id_1> <extra_id_1> <extra_id_0> aspect <extra_id_5> ambiance <extra_id_0> neutral <extra_id_5> on par <extra_id_1> <extra_id_1> <extra_id_0> opinion <extra_id_5> on par <extra_id_1> <extra_id_0> aspect <extra_id_5> food <extra_id_0> negative <extra_id_5> outshine <extra_id_1> <extra_id_1> <extra_id_0> opinion <extra_id_5> outshine <extra_id_1> <extra_id_1>", "entity": [{"type": "aspect", "offset": [22], "text": "service"}, {"type": "aspect", "offset": [24], "text": "ambiance"}, {"type": "aspect", "offset": [34], "text": "food"}, {"type": "opinion", "offset": [27, 28], "text": "on par"}, {"type": "opinion", "offset": [37], "text": "outshine"}], "relation": [{"type": "neutral", "args": [{"type": "aspect", "offset": [22], "text": "service"}, {"type": "opinion", "offset": [27, 28], "text": "on par"}]}, {"type": "neutral", "args": [{"type": "aspect", "offset": [24], "text": "ambiance"}, {"type": "opinion", "offset": [27, 28], "text": "on par"}]}, {"type": "negative", "args": [{"type": "aspect", "offset": [34], "text": "food"}, {"type": "opinion", "offset": [37], "text": "outshine"}]}], "event": [], "spot": ["aspect", "opinion"], "asoc": ["negative", "neutral"], "spot_asoc": [{"span": "service", "label": "aspect", "asoc": [["neutral", "on par"]]}, {"span": "ambiance", "label": "aspect", "asoc": [["neutral", "on par"]]}, {"span": "on par", "label": "opinion", "asoc": []}, {"span": "food", "label": "aspect", "asoc": [["negative", "outshine"]]}, {"span": "outshine", "label": "opinion", "asoc": []}]}
{"text": "The place is a little tight and on a cold day , the seating by the entranceway can be pretty drafty .", "tokens": ["The", "place", "is", "a", "little", "tight", "and", "on", "a", "cold", "day", ",", "the", "seating", "by", "the", "entranceway", "can", "be", "pretty", "drafty", "."], "record": "<extra_id_0> <extra_id_0> aspect <extra_id_5> place <extra_id_0> negative <extra_id_5> tight <extra_id_1> <extra_id_1> <extra_id_0> opinion <extra_id_5> tight <extra_id_1> <extra_id_0> aspect <extra_id_5> seating <extra_id_0> negative <extra_id_5> drafty <extra_id_1> <extra_id_1> <extra_id_0> opinion <extra_id_5> drafty <extra_id_1> <extra_id_1>", "entity": [{"type": "aspect", "offset": [13], "text": "seating"}, {"type": "aspect", "offset": [1], "text": "place"}, {"type": "opinion", "offset": [20], "text": "drafty"}, {"type": "opinion", "offset": [5], "text": "tight"}], "relation": [{"type": "negative", "args": [{"type": "aspect", "offset": [13], "text": "seating"}, {"type": "opinion", "offset": [20], "text": "drafty"}]}, {"type": "negative", "args": [{"type": "aspect", "offset": [1], "text": "place"}, {"type": "opinion", "offset": [5], "text": "tight"}]}], "event": [], "spot": ["aspect", "opinion"], "asoc": ["negative"], "spot_asoc": [{"span": "place", "label": "aspect", "asoc": [["negative", "tight"]]}, {"span": "tight", "label": "opinion", "asoc": []}, {"span": "seating", "label": "aspect", "asoc": [["negative", "drafty"]]}, {"span": "drafty", "label": "opinion", "asoc": []}]}
{"text": "Yet paired with such rude service , would never recommend for anyone interested in carrying any kind of conversation while there .", "tokens": ["Yet", "paired", "with", "such", "rude", "service", ",", "would", "never", "recommend", "for", "anyone", "interested", "in", "carrying", "any", "kind", "of", "conversation", "while", "there", "."], "record": "<extra_id_0> <extra_id_0> opinion <extra_id_5> rude <extra_id_1> <extra_id_0> aspect <extra_id_5> service <extra_id_0> negative <extra_id_5> rude <extra_id_1> <extra_id_1> <extra_id_1>", "entity": [{"type": "aspect", "offset": [5], "text": "service"}, {"type": "opinion", "offset": [4], "text": "rude"}], "relation": [{"type": "negative", "args": [{"type": "aspect", "offset": [5], "text": "service"}, {"type": "opinion", "offset": [4], "text": "rude"}]}], "event": [], "spot": ["aspect", "opinion"], "asoc": ["negative"], "spot_asoc": [{"span": "rude", "label": "opinion", "asoc": []}, {"span": "service", "label": "aspect", "asoc": [["negative", "rude"]]}]}
{"text": "The tables are crammed way too close , the menu is typical of any Italian restaurant , and the wine list is simply overpriced .", "tokens": ["The", "tables", "are", "crammed", "way", "too", "close", ",", "the", "menu", "is", "typical", "of", "any", "Italian", "restaurant", ",", "and", "the", "wine", "list", "is", "simply", "overpriced", "."], "record": "<extra_id_0> <extra_id_0> aspect <extra_id_5> tables <extra_id_0> negative <extra_id_5> crammed <extra_id_1> <extra_id_0> negative <extra_id_5> too close <extra_id_1> <extra_id_1> <extra_id_0> opinion <extra_id_5> crammed <extra_id_1> <extra_id_0> opinion <extra_id_5> too close <extra_id_1> <extra_id_0> aspect <extra_id_5> menu <extra_id_0> neutral <extra_id_5> typical <extra_id_1> <extra_id_1> <extra_id_0> opinion <extra_id_5> typical <extra_id_1> <extra_id_0> aspect <extra_id_5> wine list <extra_id_0> negative <extra_id_5> overpriced <extra_id_1> <extra_id_1> <extra_id_0> opinion <extra_id_5> overpriced <extra_id_1> <extra_id_1>", "entity": [{"type": "aspect", "offset": [1], "text": "tables"}, {"type": "aspect", "offset": [9], "text": "menu"}, {"type": "aspect", "offset": [19, 20], "text": "wine list"}, {"type": "opinion", "offset": [3], "text": "crammed"}, {"type": "opinion", "offset": [5, 6], "text": "too close"}, {"type": "opinion", "offset": [11], "text": "typical"}, {"type": "opinion", "offset": [23], "text": "overpriced"}], "relation": [{"type": "negative", "args": [{"type": "aspect", "offset": [1], "text": "tables"}, {"type": "opinion", "offset": [3], "text": "crammed"}]}, {"type": "negative", "args": [{"type": "aspect", "offset": [1], "text": "tables"}, {"type": "opinion", "offset": [5, 6], "text": "too close"}]}, {"type": "neutral", "args": [{"type": "aspect", "offset": [9], "text": "menu"}, {"type": "opinion", "offset": [11], "text": "typical"}]}, {"type": "negative", "args": [{"type": "aspect", "offset": [19, 20], "text": "wine list"}, {"type": "opinion", "offset": [23], "text": "overpriced"}]}], "event": [], "spot": ["aspect", "opinion"], "asoc": ["neutral", "negative"], "spot_asoc": [{"span": "tables", "label": "aspect", "asoc": [["negative", "crammed"], ["negative", "too close"]]}, {"span": "crammed", "label": "opinion", "asoc": []}, {"span": "too close", "label": "opinion", "asoc": []}, {"span": "menu", "label": "aspect", "asoc": [["neutral", "typical"]]}, {"span": "typical", "label": "opinion", "asoc": []}, {"span": "wine list", "label": "aspect", "asoc": [["negative", "overpriced"]]}, {"span": "overpriced", "label": "opinion", "asoc": []}]}
