{"text": "This is my first Dell I heard their customer service was lacking and that they were working on improving it !", "tokens": ["This", "is", "my", "first", "Dell", "I", "heard", "their", "customer", "service", "was", "lacking", "and", "that", "they", "were", "working", "on", "improving", "it", "!"], "record": "<extra_id_0> <extra_id_0> aspect <extra_id_5> customer service <extra_id_0> negative <extra_id_5> lacking <extra_id_1> <extra_id_1> <extra_id_0> opinion <extra_id_5> lacking <extra_id_1> <extra_id_1>", "entity": [{"type": "aspect", "offset": [8, 9], "text": "customer service"}, {"type": "opinion", "offset": [11], "text": "lacking"}], "relation": [{"type": "negative", "args": [{"type": "aspect", "offset": [8, 9], "text": "customer service"}, {"type": "opinion", "offset": [11], "text": "lacking"}]}], "event": [], "spot": ["aspect", "opinion"], "asoc": ["negative"], "spot_asoc": [{"span": "customer service", "label": "aspect", "asoc": [["negative", "lacking"]]}, {"span": "lacking", "label": "opinion", "asoc": []}]}
{"text": "It was not clear that the Microsoft Student Edition that was loaded on the computer , was a six month trial .", "tokens": ["It", "was", "not", "clear", "that", "the", "Microsoft", "Student", "Edition", "that", "was", "loaded", "on", "the", "computer", ",", "was", "a", "six", "month", "trial", "."], "record": "<extra_id_0> <extra_id_0> opinion <extra_id_5> not clear <extra_id_1> <extra_id_0> aspect <extra_id_5> Microsoft Student Edition <extra_id_0> negative <extra_id_5> not clear <extra_id_1> <extra_id_1> <extra_id_1>", "entity": [{"type": "aspect", "offset": [6, 7, 8], "text": "Microsoft Student Edition"}, {"type": "opinion", "offset": [2, 3], "text": "not clear"}], "relation": [{"type": "negative", "args": [{"type": "aspect", "offset": [6, 7, 8], "text": "Microsoft Student Edition"}, {"type": "opinion", "offset": [2, 3], "text": "not clear"}]}], "event": [], "spot": ["aspect", "opinion"], "asoc": ["negative"], "spot_asoc": [{"span": "not clear", "label": "opinion", "asoc": []}, {"span": "Microsoft Student Edition", "label": "aspect", "asoc": [["negative", "not clear"]]}]}
{"text": "But the biggest pain is that tech support is not available 24/7 .", "tokens": ["But", "the", "biggest", "pain", "is", "that", "tech", "support", "is", "not", "available", "24/7", "."], "record": "<extra_id_0> <extra_id_0> opinion <extra_id_5> pain <extra_id_1> <extra_id_0> aspect <extra_id_5> tech support <extra_id_0> negative <extra_id_5> pain <extra_id_1> <extra_id_0> negative <extra_id_5> not available <extra_id_1> <extra_id_1> <extra_id_0> opinion <extra_id_5> not available <extra_id_1> <extra_id_1>", "entity": [{"type": "aspect", "offset": [6, 7], "text": "tech support"}, {"type": "opinion", "offset": [3], "text": "pain"}, {"type": "opinion", "offset": [9, 10], "text": "not available"}], "relation": [{"type": "negative", "args": [{"type": "aspect", "offset": [6, 7], "text": "tech support"}, {"type": "opinion", "offset": [3], "text": "pain"}]}, {"type": "negative", "args": [{"type": "aspect", "offset": [6, 7], "text": "tech support"}, {"type": "opinion", "offset": [9, 10], "text": "not available"}]}], "event": [], "spot": ["aspect", "opinion"], "asoc": ["negative"], "spot_asoc": [{"span": "pain", "label": "opinion", "asoc": []}, {"span": "tech support", "label": "aspect", "asoc": [["negative", "pain"], ["negative", "not available"]]}, {"span": "not available", "label": "opinion", "asoc": []}]}
{"text": "They sent out the box right away for me to send in my computer , they paid postage and whatnot , but when I got my computer back it still was n't running right , and now my CD drive was n't reading anything !", "tokens": ["They", "sent", "out", "the", "box", "right", "away", "for", "me", "to", "send", "in", "my", "computer", ",", "they", "paid", "postage", "and", "whatnot", ",", "but", "when", "I", "got", "my", "computer", "back", "it", "still", "was", "n't", "running", "right", ",", "and", "now", "my", "CD", "drive", "was", "n't", "reading", "anything", "!"], "record": "<extra_id_0> <extra_id_0> opinion <extra_id_5> was n't running right <extra_id_1> <extra_id_0> aspect <extra_id_5> running <extra_id_0> negative <extra_id_5> was n't running right <extra_id_1> <extra_id_1> <extra_id_0> aspect <extra_id_5> CD drive <extra_id_0> negative <extra_id_5> was n't reading anything <extra_id_1> <extra_id_1> <extra_id_0> opinion <extra_id_5> was n't reading anything <extra_id_1> <extra_id_1>", "entity": [{"type": "aspect", "offset": [38, 39], "text": "CD drive"}, {"type": "aspect", "offset": [32], "text": "running"}, {"type": "opinion", "offset": [40, 41, 42, 43], "text": "was n't reading anything"}, {"type": "opinion", "offset": [30, 31, 32, 33], "text": "was n't running right"}], "relation": [{"type": "negative", "args": [{"type": "aspect", "offset": [38, 39], "text": "CD drive"}, {"type": "opinion", "offset": [40, 41, 42, 43], "text": "was n't reading anything"}]}, {"type": "negative", "args": [{"type": "aspect", "offset": [32], "text": "running"}, {"type": "opinion", "offset": [30, 31, 32, 33], "text": "was n't running right"}]}], "event": [], "spot": ["aspect", "opinion"], "asoc": ["negative"], "spot_asoc": [{"span": "was n't running right", "label": "opinion", "asoc": []}, {"span": "running", "label": "aspect", "asoc": [["negative", "was n't running right"]]}, {"span": "CD drive", "label": "aspect", "asoc": [["negative", "was n't reading anything"]]}, {"span": "was n't reading anything", "label": "opinion", "asoc": []}]}
{"text": "It discharges too quickly .", "tokens": ["It", "discharges", "too", "quickly", "."], "record": "<extra_id_0> <extra_id_0> aspect <extra_id_5> discharges <extra_id_0> negative <extra_id_5> quickly <extra_id_1> <extra_id_1> <extra_id_0> opinion <extra_id_5> quickly <extra_id_1> <extra_id_1>", "entity": [{"type": "aspect", "offset": [1], "text": "discharges"}, {"type": "opinion", "offset": [3], "text": "quickly"}], "relation": [{"type": "negative", "args": [{"type": "aspect", "offset": [1], "text": "discharges"}, {"type": "opinion", "offset": [3], "text": "quickly"}]}], "event": [], "spot": ["aspect", "opinion"], "asoc": ["negative"], "spot_asoc": [{"span": "discharges", "label": "aspect", "asoc": [["negative", "quickly"]]}, {"span": "quickly", "label": "opinion", "asoc": []}]}
{"text": "Fan noise : The fan made a constant hissing noise in the background .", "tokens": ["Fan", "noise", ":", "The", "fan", "made", "a", "constant", "hissing", "noise", "in", "the", "background", "."], "record": "<extra_id_0> <extra_id_0> aspect <extra_id_5> Fan <extra_id_0> negative <extra_id_5> noise <extra_id_1> <extra_id_1> <extra_id_0> opinion <extra_id_5> noise <extra_id_1> <extra_id_0> aspect <extra_id_5> fan <extra_id_0> negative <extra_id_5> noise <extra_id_1> <extra_id_1> <extra_id_1>", "entity": [{"type": "aspect", "offset": [0], "text": "Fan"}, {"type": "aspect", "offset": [4], "text": "fan"}, {"type": "opinion", "offset": [1], "text": "noise"}], "relation": [{"type": "negative", "args": [{"type": "aspect", "offset": [0], "text": "Fan"}, {"type": "opinion", "offset": [1], "text": "noise"}]}, {"type": "negative", "args": [{"type": "aspect", "offset": [4], "text": "fan"}, {"type": "opinion", "offset": [1], "text": "noise"}]}], "event": [], "spot": ["aspect", "opinion"], "asoc": ["negative"], "spot_asoc": [{"span": "Fan", "label": "aspect", "asoc": [["negative", "noise"]]}, {"span": "noise", "label": "opinion", "asoc": []}, {"span": "fan", "label": "aspect", "asoc": [["negative", "noise"]]}]}
{"text": "Accordingly , I have decided to NEVER purchase another HP product ( my five year old Compaq ) lasted 5-years before the hard drive crashed .", "tokens": ["Accordingly", ",", "I", "have", "decided", "to", "NEVER", "purchase", "another", "HP", "product", "(", "my", "five", "year", "old", "Compaq", ")", "lasted", "5-years", "before", "the", "hard", "drive", "crashed", "."], "record": "<extra_id_0> <extra_id_0> aspect <extra_id_5> hard drive <extra_id_0> negative <extra_id_5> crashed <extra_id_1> <extra_id_1> <extra_id_0> opinion <extra_id_5> crashed <extra_id_1> <extra_id_1>", "entity": [{"type": "aspect", "offset": [22, 23], "text": "hard drive"}, {"type": "opinion", "offset": [24], "text": "crashed"}], "relation": [{"type": "negative", "args": [{"type": "aspect", "offset": [22, 23], "text": "hard drive"}, {"type": "opinion", "offset": [24], "text": "crashed"}]}], "event": [], "spot": ["aspect", "opinion"], "asoc": ["negative"], "spot_asoc": [{"span": "hard drive", "label": "aspect", "asoc": [["negative", "crashed"]]}, {"span": "crashed", "label": "opinion", "asoc": []}]}
{"text": "Now for the hardware problems .", "tokens": ["Now", "for", "the", "hardware", "problems", "."], "record": "<extra_id_0> <extra_id_0> aspect <extra_id_5> hardware <extra_id_0> negative <extra_id_5> problems <extra_id_1> <extra_id_1> <extra_id_0> opinion <extra_id_5> problems <extra_id_1> <extra_id_1>", "entity": [{"type": "aspect", "offset": [3], "text": "hardware"}, {"type": "opinion", "offset": [4], "text": "problems"}], "relation": [{"type": "negative", "args": [{"type": "aspect", "offset": [3], "text": "hardware"}, {"type": "opinion", "offset": [4], "text": "problems"}]}], "event": [], "spot": ["aspect", "opinion"], "asoc": ["negative"], "spot_asoc": [{"span": "hardware", "label": "aspect", "asoc": [["negative", "problems"]]}, {"span": "problems", "label": "opinion", "asoc": []}]}
{"text": "Did n't work when shipped from Walmart.com but went into a store and exchanged for a working laptop ( same make/model ) .", "tokens": ["Did", "n't", "work", "when", "shipped", "from", "Walmart.com", "but", "went", "into", "a", "store", "and", "exchanged", "for", "a", "working", "laptop", "(", "same", "make/model", ")", "."], "record": "<extra_id_0> <extra_id_0> opinion <extra_id_5> Did n't <extra_id_1> <extra_id_0> aspect <extra_id_5> work <extra_id_0> negative <extra_id_5> Did n't <extra_id_1> <extra_id_1> <extra_id_1>", "entity": [{"type": "aspect", "offset": [2], "text": "work"}, {"type": "opinion", "offset": [0, 1], "text": "Did n't"}], "relation": [{"type": "negative", "args": [{"type": "aspect", "offset": [2], "text": "work"}, {"type": "opinion", "offset": [0, 1], "text": "Did n't"}]}], "event": [], "spot": ["aspect", "opinion"], "asoc": ["negative"], "spot_asoc": [{"span": "Did n't", "label": "opinion", "asoc": []}, {"span": "work", "label": "aspect", "asoc": [["negative", "Did n't"]]}]}
{"text": "Yes , I thought the expese was a little much , but I now realize you get what you pay for .", "tokens": ["Yes", ",", "I", "thought", "the", "expese", "was", "a", "little", "much", ",", "but", "I", "now", "realize", "you", "get", "what", "you", "pay", "for", "."], "record": "<extra_id_0> <extra_id_0> aspect <extra_id_5> expese <extra_id_0> negative <extra_id_5> much <extra_id_1> <extra_id_1> <extra_id_0> opinion <extra_id_5> much <extra_id_1> <extra_id_1>", "entity": [{"type": "aspect", "offset": [5], "text": "expese"}, {"type": "opinion", "offset": [9], "text": "much"}], "relation": [{"type": "negative", "args": [{"type": "aspect", "offset": [5], "text": "expese"}, {"type": "opinion", "offset": [9], "text": "much"}]}], "event": [], "spot": ["aspect", "opinion"], "asoc": ["negative"], "spot_asoc": [{"span": "expese", "label": "aspect", "asoc": [["negative", "much"]]}, {"span": "much", "label": "opinion", "asoc": []}]}
{"text": "I have found also , it is very easy to be able to access wireless internet access ;", "tokens": ["I", "have", "found", "also", ",", "it", "is", "very", "easy", "to", "be", "able", "to", "access", "wireless", "internet", "access", ";"], "record": "<extra_id_0> <extra_id_0> opinion <extra_id_5> easy <extra_id_1> <extra_id_0> aspect <extra_id_5> wireless internet access <extra_id_0> positive <extra_id_5> easy <extra_id_1> <extra_id_1> <extra_id_1>", "entity": [{"type": "aspect", "offset": [14, 15, 16], "text": "wireless internet access"}, {"type": "opinion", "offset": [8], "text": "easy"}], "relation": [{"type": "positive", "args": [{"type": "aspect", "offset": [14, 15, 16], "text": "wireless internet access"}, {"type": "opinion", "offset": [8], "text": "easy"}]}], "event": [], "spot": ["aspect", "opinion"], "asoc": ["positive"], "spot_asoc": [{"span": "easy", "label": "opinion", "asoc": []}, {"span": "wireless internet access", "label": "aspect", "asoc": [["positive", "easy"]]}]}
{"text": "Awesome laptop and the perfect size to carry around in college .", "tokens": ["Awesome", "laptop", "and", "the", "perfect", "size", "to", "carry", "around", "in", "college", "."], "record": "<extra_id_0> <extra_id_0> opinion <extra_id_5> perfect <extra_id_1> <extra_id_0> aspect <extra_id_5> size <extra_id_0> positive <extra_id_5> perfect <extra_id_1> <extra_id_1> <extra_id_1>", "entity": [{"type": "aspect", "offset": [5], "text": "size"}, {"type": "opinion", "offset": [4], "text": "perfect"}], "relation": [{"type": "positive", "args": [{"type": "aspect", "offset": [5], "text": "size"}, {"type": "opinion", "offset": [4], "text": "perfect"}]}], "event": [], "spot": ["aspect", "opinion"], "asoc": ["positive"], "spot_asoc": [{"span": "perfect", "label": "opinion", "asoc": []}, {"span": "size", "label": "aspect", "asoc": [["positive", "perfect"]]}]}
{"text": "The battery life has not decreased since I bought it , so i 'm thrilled with that .", "tokens": ["The", "battery", "life", "has", "not", "decreased", "since", "I", "bought", "it", ",", "so", "i", "'m", "thrilled", "with", "that", "."], "record": "<extra_id_0> <extra_id_0> aspect <extra_id_5> battery life <extra_id_0> positive <extra_id_5> decreased <extra_id_1> <extra_id_1> <extra_id_0> opinion <extra_id_5> decreased <extra_id_1> <extra_id_1>", "entity": [{"type": "aspect", "offset": [1, 2], "text": "battery life"}, {"type": "opinion", "offset": [5], "text": "decreased"}], "relation": [{"type": "positive", "args": [{"type": "aspect", "offset": [1, 2], "text": "battery life"}, {"type": "opinion", "offset": [5], "text": "decreased"}]}], "event": [], "spot": ["aspect", "opinion"], "asoc": ["positive"], "spot_asoc": [{"span": "battery life", "label": "aspect", "asoc": [["positive", "decreased"]]}, {"span": "decreased", "label": "opinion", "asoc": []}]}
{"text": "Its ease of use and the top service from Apple- be it their phone assistance or bellying up to the genius bar -- can not be beat .", "tokens": ["Its", "ease", "of", "use", "and", "the", "top", "service", "from", "Apple-", "be", "it", "their", "phone", "assistance", "or", "bellying", "up", "to", "the", "genius", "bar", "--", "can", "not", "be", "beat", "."], "record": "<extra_id_0> <extra_id_0> opinion <extra_id_5> ease <extra_id_1> <extra_id_0> aspect <extra_id_5> use <extra_id_0> positive <extra_id_5> ease <extra_id_1> <extra_id_1> <extra_id_0> opinion <extra_id_5> top <extra_id_1> <extra_id_0> aspect <extra_id_5> service <extra_id_0> positive <extra_id_5> top <extra_id_1> <extra_id_1> <extra_id_0> aspect <extra_id_5> phone assistance <extra_id_0> positive <extra_id_5> can not be beat <extra_id_1> <extra_id_1> <extra_id_0> aspect <extra_id_5> genius bar <extra_id_0> positive <extra_id_5> can not be beat <extra_id_1> <extra_id_1> <extra_id_0> opinion <extra_id_5> can not be beat <extra_id_1> <extra_id_1>", "entity": [{"type": "aspect", "offset": [3], "text": "use"}, {"type": "aspect", "offset": [7], "text": "service"}, {"type": "aspect", "offset": [13, 14], "text": "phone assistance"}, {"type": "aspect", "offset": [20, 21], "text": "genius bar"}, {"type": "opinion", "offset": [1], "text": "ease"}, {"type": "opinion", "offset": [6], "text": "top"}, {"type": "opinion", "offset": [23, 24, 25, 26], "text": "can not be beat"}], "relation": [{"type": "positive", "args": [{"type": "aspect", "offset": [3], "text": "use"}, {"type": "opinion", "offset": [1], "text": "ease"}]}, {"type": "positive", "args": [{"type": "aspect", "offset": [7], "text": "service"}, {"type": "opinion", "offset": [6], "text": "top"}]}, {"type": "positive", "args": [{"type": "aspect", "offset": [13, 14], "text": "phone assistance"}, {"type": "opinion", "offset": [23, 24, 25, 26], "text": "can not be beat"}]}, {"type": "positive", "args": [{"type": "aspect", "offset": [20, 21], "text": "genius bar"}, {"type": "opinion", "offset": [23, 24, 25, 26], "text": "can not be beat"}]}], "event": [], "spot": ["aspect", "opinion"], "asoc": ["positive"], "spot_asoc": [{"span": "ease", "label": "opinion", "asoc": []}, {"span": "use", "label": "aspect", "asoc": [["positive", "ease"]]}, {"span": "top", "label": "opinion", "asoc": []}, {"span": "service", "label": "aspect", "asoc": [["positive", "top"]]}, {"span": "phone assistance", "label": "aspect", "asoc": [["positive", "can not be beat"]]}, {"span": "genius bar", "label": "aspect", "asoc": [["positive", "can not be beat"]]}, {"span": "can not be beat", "label": "opinion", "asoc": []}]}
{"text": "It works fine with our wireless and they 've had not problems .", "tokens": ["It", "works", "fine", "with", "our", "wireless", "and", "they", "'ve", "had", "not", "problems", "."], "record": "<extra_id_0> <extra_id_0> aspect <extra_id_5> works <extra_id_0> positive <extra_id_5> fine <extra_id_1> <extra_id_1> <extra_id_0> opinion <extra_id_5> fine <extra_id_1> <extra_id_1>", "entity": [{"type": "aspect", "offset": [1], "text": "works"}, {"type": "opinion", "offset": [2], "text": "fine"}], "relation": [{"type": "positive", "args": [{"type": "aspect", "offset": [1], "text": "works"}, {"type": "opinion", "offset": [2], "text": "fine"}]}], "event": [], "spot": ["aspect", "opinion"], "asoc": ["positive"], "spot_asoc": [{"span": "works", "label": "aspect", "asoc": [["positive", "fine"]]}, {"span": "fine", "label": "opinion", "asoc": []}]}
{"text": "I do n't have stupid pop up windows ( even when I have pop ups blocked ) , I do n't have to wait 5 minutes for a webpage to download , and best of all I can run all the web programming software I need to use all at once without slowing me down .", "tokens": ["I", "do", "n't", "have", "stupid", "pop", "up", "windows", "(", "even", "when", "I", "have", "pop", "ups", "blocked", ")", ",", "I", "do", "n't", "have", "to", "wait", "5", "minutes", "for", "a", "webpage", "to", "download", ",", "and", "best", "of", "all", "I", "can", "run", "all", "the", "web", "programming", "software", "I", "need", "to", "use", "all", "at", "once", "without", "slowing", "me", "down", "."], "record": "<extra_id_0> <extra_id_0> opinion <extra_id_5> stupid <extra_id_1> <extra_id_0> aspect <extra_id_5> pop up windows <extra_id_0> positive <extra_id_5> stupid <extra_id_1> <extra_id_1> <extra_id_0> opinion <extra_id_5> best <extra_id_1> <extra_id_0> aspect <extra_id_5> web programming software <extra_id_0> positive <extra_id_5> best <extra_id_1> <extra_id_1> <extra_id_1>", "entity": [{"type": "aspect", "offset": [5, 6, 7], "text": "pop up windows"}, {"type": "aspect", "offset": [41, 42, 43], "text": "web programming software"}, {"type": "opinion", "offset": [4], "text": "stupid"}, {"type": "opinion", "offset": [33], "text": "best"}], "relation": [{"type": "positive", "args": [{"type": "aspect", "offset": [5, 6, 7], "text": "pop up windows"}, {"type": "opinion", "offset": [4], "text": "stupid"}]}, {"type": "positive", "args": [{"type": "aspect", "offset": [41, 42, 43], "text": "web programming software"}, {"type": "opinion", "offset": [33], "text": "best"}]}], "event": [], "spot": ["aspect", "opinion"], "asoc": ["positive"], "spot_asoc": [{"span": "stupid", "label": "opinion", "asoc": []}, {"span": "pop up windows", "label": "aspect", "asoc": [["positive", "stupid"]]}, {"span": "best", "label": "opinion", "asoc": []}, {"span": "web programming software", "label": "aspect", "asoc": [["positive", "best"]]}]}
{"text": "The Material this Pro is made out of seems a lot nicer than any PC Specs : Like I said this performs a lot better than any computer I 've had in the past .", "tokens": ["The", "Material", "this", "Pro", "is", "made", "out", "of", "seems", "a", "lot", "nicer", "than", "any", "PC", "Specs", ":", "Like", "I", "said", "this", "performs", "a", "lot", "better", "than", "any", "computer", "I", "'ve", "had", "in", "the", "past", "."], "record": "<extra_id_0> <extra_id_0> aspect <extra_id_5> Material <extra_id_0> positive <extra_id_5> nicer <extra_id_1> <extra_id_1> <extra_id_0> opinion <extra_id_5> nicer <extra_id_1> <extra_id_1>", "entity": [{"type": "aspect", "offset": [1], "text": "Material"}, {"type": "opinion", "offset": [11], "text": "nicer"}], "relation": [{"type": "positive", "args": [{"type": "aspect", "offset": [1], "text": "Material"}, {"type": "opinion", "offset": [11], "text": "nicer"}]}], "event": [], "spot": ["aspect", "opinion"], "asoc": ["positive"], "spot_asoc": [{"span": "Material", "label": "aspect", "asoc": [["positive", "nicer"]]}, {"span": "nicer", "label": "opinion", "asoc": []}]}
{"text": "It 's even easy to hook up to other wireless networks .", "tokens": ["It", "'s", "even", "easy", "to", "hook", "up", "to", "other", "wireless", "networks", "."], "record": "<extra_id_0> <extra_id_0> opinion <extra_id_5> easy <extra_id_1> <extra_id_0> aspect <extra_id_5> hook up to other wireless networks <extra_id_0> positive <extra_id_5> easy <extra_id_1> <extra_id_1> <extra_id_1>", "entity": [{"type": "aspect", "offset": [5, 6, 7, 8, 9, 10], "text": "hook up to other wireless networks"}, {"type": "opinion", "offset": [3], "text": "easy"}], "relation": [{"type": "positive", "args": [{"type": "aspect", "offset": [5, 6, 7, 8, 9, 10], "text": "hook up to other wireless networks"}, {"type": "opinion", "offset": [3], "text": "easy"}]}], "event": [], "spot": ["aspect", "opinion"], "asoc": ["positive"], "spot_asoc": [{"span": "easy", "label": "opinion", "asoc": []}, {"span": "hook up to other wireless networks", "label": "aspect", "asoc": [["positive", "easy"]]}]}
{"text": "Great OS , fabulous improvements to the existing line bumping up the processor speed and adding the thunderbolt port .", "tokens": ["Great", "OS", ",", "fabulous", "improvements", "to", "the", "existing", "line", "bumping", "up", "the", "processor", "speed", "and", "adding", "the", "thunderbolt", "port", "."], "record": "<extra_id_0> <extra_id_0> opinion <extra_id_5> Great <extra_id_1> <extra_id_0> aspect <extra_id_5> OS <extra_id_0> positive <extra_id_5> Great <extra_id_1> <extra_id_0> positive <extra_id_5> fabulous <extra_id_1> <extra_id_1> <extra_id_0> opinion <extra_id_5> fabulous <extra_id_1> <extra_id_0> aspect <extra_id_5> processor speed <extra_id_0> positive <extra_id_5> fabulous <extra_id_1> <extra_id_1> <extra_id_0> opinion <extra_id_5> adding <extra_id_1> <extra_id_0> aspect <extra_id_5> thunderbolt port <extra_id_0> positive <extra_id_5> adding <extra_id_1> <extra_id_1> <extra_id_1>", "entity": [{"type": "aspect", "offset": [1], "text": "OS"}, {"type": "aspect", "offset": [12, 13], "text": "processor speed"}, {"type": "aspect", "offset": [17, 18], "text": "thunderbolt port"}, {"type": "opinion", "offset": [0], "text": "Great"}, {"type": "opinion", "offset": [3], "text": "fabulous"}, {"type": "opinion", "offset": [15], "text": "adding"}], "relation": [{"type": "positive", "args": [{"type": "aspect", "offset": [1], "text": "OS"}, {"type": "opinion", "offset": [0], "text": "Great"}]}, {"type": "positive", "args": [{"type": "aspect", "offset": [1], "text": "OS"}, {"type": "opinion", "offset": [3], "text": "fabulous"}]}, {"type": "positive", "args": [{"type": "aspect", "offset": [12, 13], "text": "processor speed"}, {"type": "opinion", "offset": [3], "text": "fabulous"}]}, {"type": "positive", "args": [{"type": "aspect", "offset": [17, 18], "text": "thunderbolt port"}, {"type": "opinion", "offset": [15], "text": "adding"}]}], "event": [], "spot": ["aspect", "opinion"], "asoc": ["positive"], "spot_asoc": [{"span": "Great", "label": "opinion", "asoc": []}, {"span": "OS", "label": "aspect", "asoc": [["positive", "Great"], ["positive", "fabulous"]]}, {"span": "fabulous", "label": "opinion", "asoc": []}, {"span": "processor speed", "label": "aspect", "asoc": [["positive", "fabulous"]]}, {"span": "adding", "label": "opinion", "asoc": []}, {"span": "thunderbolt port", "label": "aspect", "asoc": [["positive", "adding"]]}]}
{"text": "Its small enough where I can take it pretty much anywhere , but still has a big enough screen to get everything done .", "tokens": ["Its", "small", "enough", "where", "I", "can", "take", "it", "pretty", "much", "anywhere", ",", "but", "still", "has", "a", "big", "enough", "screen", "to", "get", "everything", "done", "."], "record": "<extra_id_0> <extra_id_0> opinion <extra_id_5> big <extra_id_1> <extra_id_0> aspect <extra_id_5> screen <extra_id_0> positive <extra_id_5> big <extra_id_1> <extra_id_1> <extra_id_1>", "entity": [{"type": "aspect", "offset": [18], "text": "screen"}, {"type": "opinion", "offset": [16], "text": "big"}], "relation": [{"type": "positive", "args": [{"type": "aspect", "offset": [18], "text": "screen"}, {"type": "opinion", "offset": [16], "text": "big"}]}], "event": [], "spot": ["aspect", "opinion"], "asoc": ["positive"], "spot_asoc": [{"span": "big", "label": "opinion", "asoc": []}, {"span": "screen", "label": "aspect", "asoc": [["positive", "big"]]}]}
{"text": "With a mac you do n't have to worry about antivirus software or firewall , it 's so wonderful .", "tokens": ["With", "a", "mac", "you", "do", "n't", "have", "to", "worry", "about", "antivirus", "software", "or", "firewall", ",", "it", "'s", "so", "wonderful", "."], "record": "<extra_id_0> <extra_id_0> aspect <extra_id_5> antivirus software <extra_id_0> neutral <extra_id_5> wonderful <extra_id_1> <extra_id_1> <extra_id_0> aspect <extra_id_5> firewall <extra_id_0> neutral <extra_id_5> wonderful <extra_id_1> <extra_id_1> <extra_id_0> opinion <extra_id_5> wonderful <extra_id_1> <extra_id_1>", "entity": [{"type": "aspect", "offset": [10, 11], "text": "antivirus software"}, {"type": "aspect", "offset": [13], "text": "firewall"}, {"type": "opinion", "offset": [18], "text": "wonderful"}], "relation": [{"type": "neutral", "args": [{"type": "aspect", "offset": [10, 11], "text": "antivirus software"}, {"type": "opinion", "offset": [18], "text": "wonderful"}]}, {"type": "neutral", "args": [{"type": "aspect", "offset": [13], "text": "firewall"}, {"type": "opinion", "offset": [18], "text": "wonderful"}]}], "event": [], "spot": ["aspect", "opinion"], "asoc": ["neutral"], "spot_asoc": [{"span": "antivirus software", "label": "aspect", "asoc": [["neutral", "wonderful"]]}, {"span": "firewall", "label": "aspect", "asoc": [["neutral", "wonderful"]]}, {"span": "wonderful", "label": "opinion", "asoc": []}]}
{"text": "Its very nice and once you learn the features you will be so happy to have such a sophisticated computer .", "tokens": ["Its", "very", "nice", "and", "once", "you", "learn", "the", "features", "you", "will", "be", "so", "happy", "to", "have", "such", "a", "sophisticated", "computer", "."], "record": "<extra_id_0> <extra_id_0> aspect <extra_id_5> features <extra_id_0> neutral <extra_id_5> happy <extra_id_1> <extra_id_1> <extra_id_0> opinion <extra_id_5> happy <extra_id_1> <extra_id_1>", "entity": [{"type": "aspect", "offset": [8], "text": "features"}, {"type": "opinion", "offset": [13], "text": "happy"}], "relation": [{"type": "neutral", "args": [{"type": "aspect", "offset": [8], "text": "features"}, {"type": "opinion", "offset": [13], "text": "happy"}]}], "event": [], "spot": ["aspect", "opinion"], "asoc": ["neutral"], "spot_asoc": [{"span": "features", "label": "aspect", "asoc": [["neutral", "happy"]]}, {"span": "happy", "label": "opinion", "asoc": []}]}
{"text": "If internet connectivity is important I would recommend going with a dell net book for 50 bucks more , or buy a USB wireless card .", "tokens": ["If", "internet", "connectivity", "is", "important", "I", "would", "recommend", "going", "with", "a", "dell", "net", "book", "for", "50", "bucks", "more", ",", "or", "buy", "a", "USB", "wireless", "card", "."], "record": "<extra_id_0> <extra_id_0> aspect <extra_id_5> internet connectivity <extra_id_0> neutral <extra_id_5> important <extra_id_1> <extra_id_1> <extra_id_0> opinion <extra_id_5> important <extra_id_1> <extra_id_0> opinion <extra_id_5> recommend <extra_id_1> <extra_id_0> aspect <extra_id_5> USB wireless card <extra_id_0> neutral <extra_id_5> recommend <extra_id_1> <extra_id_1> <extra_id_1>", "entity": [{"type": "aspect", "offset": [1, 2], "text": "internet connectivity"}, {"type": "aspect", "offset": [22, 23, 24], "text": "USB wireless card"}, {"type": "opinion", "offset": [4], "text": "important"}, {"type": "opinion", "offset": [7], "text": "recommend"}], "relation": [{"type": "neutral", "args": [{"type": "aspect", "offset": [1, 2], "text": "internet connectivity"}, {"type": "opinion", "offset": [4], "text": "important"}]}, {"type": "neutral", "args": [{"type": "aspect", "offset": [22, 23, 24], "text": "USB wireless card"}, {"type": "opinion", "offset": [7], "text": "recommend"}]}], "event": [], "spot": ["aspect", "opinion"], "asoc": ["neutral"], "spot_asoc": [{"span": "internet connectivity", "label": "aspect", "asoc": [["neutral", "important"]]}, {"span": "important", "label": "opinion", "asoc": []}, {"span": "recommend", "label": "opinion", "asoc": []}, {"span": "USB wireless card", "label": "aspect", "asoc": [["neutral", "recommend"]]}]}
{"text": "The ATI graphics card is a huge plus , definitely a good value if you need to be able to run some slightly older games that a Intel built-in card would have trouble with , such as Half-Life 2 or even World of Warcraft .", "tokens": ["The", "ATI", "graphics", "card", "is", "a", "huge", "plus", ",", "definitely", "a", "good", "value", "if", "you", "need", "to", "be", "able", "to", "run", "some", "slightly", "older", "games", "that", "a", "Intel", "built-in", "card", "would", "have", "trouble", "with", ",", "such", "as", "Half-Life", "2", "or", "even", "World", "of", "Warcraft", "."], "record": "<extra_id_0> <extra_id_0> aspect <extra_id_5> ATI graphics card <extra_id_0> positive <extra_id_5> huge plus <extra_id_1> <extra_id_1> <extra_id_0> opinion <extra_id_5> huge plus <extra_id_1> <extra_id_0> opinion <extra_id_5> older <extra_id_1> <extra_id_0> aspect <extra_id_5> games <extra_id_0> neutral <extra_id_5> older <extra_id_1> <extra_id_1> <extra_id_0> aspect <extra_id_5> Intel built-in card <extra_id_0> positive <extra_id_5> trouble <extra_id_1> <extra_id_1> <extra_id_0> opinion <extra_id_5> trouble <extra_id_1> <extra_id_1>", "entity": [{"type": "aspect", "offset": [1, 2, 3], "text": "ATI graphics card"}, {"type": "aspect", "offset": [27, 28, 29], "text": "Intel built-in card"}, {"type": "aspect", "offset": [24], "text": "games"}, {"type": "opinion", "offset": [6, 7], "text": "huge plus"}, {"type": "opinion", "offset": [32], "text": "trouble"}, {"type": "opinion", "offset": [23], "text": "older"}], "relation": [{"type": "positive", "args": [{"type": "aspect", "offset": [1, 2, 3], "text": "ATI graphics card"}, {"type": "opinion", "offset": [6, 7], "text": "huge plus"}]}, {"type": "positive", "args": [{"type": "aspect", "offset": [27, 28, 29], "text": "Intel built-in card"}, {"type": "opinion", "offset": [32], "text": "trouble"}]}, {"type": "neutral", "args": [{"type": "aspect", "offset": [24], "text": "games"}, {"type": "opinion", "offset": [23], "text": "older"}]}], "event": [], "spot": ["aspect", "opinion"], "asoc": ["positive", "neutral"], "spot_asoc": [{"span": "ATI graphics card", "label": "aspect", "asoc": [["positive", "huge plus"]]}, {"span": "huge plus", "label": "opinion", "asoc": []}, {"span": "older", "label": "opinion", "asoc": []}, {"span": "games", "label": "aspect", "asoc": [["neutral", "older"]]}, {"span": "Intel built-in card", "label": "aspect", "asoc": [["positive", "trouble"]]}, {"span": "trouble", "label": "opinion", "asoc": []}]}
{"text": "-I propose that they can just swap the hard drives .", "tokens": ["-I", "propose", "that", "they", "can", "just", "swap", "the", "hard", "drives", "."], "record": "<extra_id_0> <extra_id_0> opinion <extra_id_5> swap <extra_id_1> <extra_id_0> aspect <extra_id_5> hard drives <extra_id_0> neutral <extra_id_5> swap <extra_id_1> <extra_id_1> <extra_id_1>", "entity": [{"type": "aspect", "offset": [8, 9], "text": "hard drives"}, {"type": "opinion", "offset": [6], "text": "swap"}], "relation": [{"type": "neutral", "args": [{"type": "aspect", "offset": [8, 9], "text": "hard drives"}, {"type": "opinion", "offset": [6], "text": "swap"}]}], "event": [], "spot": ["aspect", "opinion"], "asoc": ["neutral"], "spot_asoc": [{"span": "swap", "label": "opinion", "asoc": []}, {"span": "hard drives", "label": "aspect", "asoc": [["neutral", "swap"]]}]}
{"text": "I dual boot with Linux and that other security-prone OS and it performs flawlessly .", "tokens": ["I", "dual", "boot", "with", "Linux", "and", "that", "other", "security-prone", "OS", "and", "it", "performs", "flawlessly", "."], "record": "<extra_id_0> <extra_id_0> aspect <extra_id_5> Linux <extra_id_0> neutral <extra_id_5> flawlessly <extra_id_1> <extra_id_1> <extra_id_0> aspect <extra_id_5> security-prone OS <extra_id_0> neutral <extra_id_5> flawlessly <extra_id_1> <extra_id_1> <extra_id_0> aspect <extra_id_5> performs <extra_id_0> positive <extra_id_5> flawlessly <extra_id_1> <extra_id_1> <extra_id_0> opinion <extra_id_5> flawlessly <extra_id_1> <extra_id_1>", "entity": [{"type": "aspect", "offset": [4], "text": "Linux"}, {"type": "aspect", "offset": [8, 9], "text": "security-prone OS"}, {"type": "aspect", "offset": [12], "text": "performs"}, {"type": "opinion", "offset": [13], "text": "flawlessly"}], "relation": [{"type": "neutral", "args": [{"type": "aspect", "offset": [4], "text": "Linux"}, {"type": "opinion", "offset": [13], "text": "flawlessly"}]}, {"type": "neutral", "args": [{"type": "aspect", "offset": [8, 9], "text": "security-prone OS"}, {"type": "opinion", "offset": [13], "text": "flawlessly"}]}, {"type": "positive", "args": [{"type": "aspect", "offset": [12], "text": "performs"}, {"type": "opinion", "offset": [13], "text": "flawlessly"}]}], "event": [], "spot": ["aspect", "opinion"], "asoc": ["positive", "neutral"], "spot_asoc": [{"span": "Linux", "label": "aspect", "asoc": [["neutral", "flawlessly"]]}, {"span": "security-prone OS", "label": "aspect", "asoc": [["neutral", "flawlessly"]]}, {"span": "performs", "label": "aspect", "asoc": [["positive", "flawlessly"]]}, {"span": "flawlessly", "label": "opinion", "asoc": []}]}
{"text": "But the screen size is not that bad for email and web browsing .", "tokens": ["But", "the", "screen", "size", "is", "not", "that", "bad", "for", "email", "and", "web", "browsing", "."], "record": "<extra_id_0> <extra_id_0> aspect <extra_id_5> screen size <extra_id_0> positive <extra_id_5> not that bad <extra_id_1> <extra_id_1> <extra_id_0> opinion <extra_id_5> not that bad <extra_id_1> <extra_id_0> aspect <extra_id_5> web browsing <extra_id_0> neutral <extra_id_5> not that bad <extra_id_1> <extra_id_1> <extra_id_1>", "entity": [{"type": "aspect", "offset": [2, 3], "text": "screen size"}, {"type": "aspect", "offset": [11, 12], "text": "web browsing"}, {"type": "opinion", "offset": [5, 6, 7], "text": "not that bad"}], "relation": [{"type": "positive", "args": [{"type": "aspect", "offset": [2, 3], "text": "screen size"}, {"type": "opinion", "offset": [5, 6, 7], "text": "not that bad"}]}, {"type": "neutral", "args": [{"type": "aspect", "offset": [11, 12], "text": "web browsing"}, {"type": "opinion", "offset": [5, 6, 7], "text": "not that bad"}]}], "event": [], "spot": ["aspect", "opinion"], "asoc": ["positive", "neutral"], "spot_asoc": [{"span": "screen size", "label": "aspect", "asoc": [["positive", "not that bad"]]}, {"span": "not that bad", "label": "opinion", "asoc": []}, {"span": "web browsing", "label": "aspect", "asoc": [["neutral", "not that bad"]]}]}
{"text": "The reflectiveness of the display is only a minor inconvenience if you work in a controlled-lighting environment like me ( I prefer it dark ) or if you can crank up the brightness .", "tokens": ["The", "reflectiveness", "of", "the", "display", "is", "only", "a", "minor", "inconvenience", "if", "you", "work", "in", "a", "controlled-lighting", "environment", "like", "me", "(", "I", "prefer", "it", "dark", ")", "or", "if", "you", "can", "crank", "up", "the", "brightness", "."], "record": "<extra_id_0> <extra_id_0> aspect <extra_id_5> display <extra_id_0> negative <extra_id_5> minor inconvenience <extra_id_1> <extra_id_1> <extra_id_0> opinion <extra_id_5> minor inconvenience <extra_id_1> <extra_id_0> opinion <extra_id_5> crank up <extra_id_1> <extra_id_0> aspect <extra_id_5> brightness <extra_id_0> neutral <extra_id_5> crank up <extra_id_1> <extra_id_1> <extra_id_1>", "entity": [{"type": "aspect", "offset": [4], "text": "display"}, {"type": "aspect", "offset": [32], "text": "brightness"}, {"type": "opinion", "offset": [8, 9], "text": "minor inconvenience"}, {"type": "opinion", "offset": [29, 30], "text": "crank up"}], "relation": [{"type": "negative", "args": [{"type": "aspect", "offset": [4], "text": "display"}, {"type": "opinion", "offset": [8, 9], "text": "minor inconvenience"}]}, {"type": "neutral", "args": [{"type": "aspect", "offset": [32], "text": "brightness"}, {"type": "opinion", "offset": [29, 30], "text": "crank up"}]}], "event": [], "spot": ["aspect", "opinion"], "asoc": ["neutral", "negative"], "spot_asoc": [{"span": "display", "label": "aspect", "asoc": [["negative", "minor inconvenience"]]}, {"span": "minor inconvenience", "label": "opinion", "asoc": []}, {"span": "crank up", "label": "opinion", "asoc": []}, {"span": "brightness", "label": "aspect", "asoc": [["neutral", "crank up"]]}]}
{"text": "It is easy to operate and I have already ordered more software and gadgets for my new Rolls Royce of laptops .", "tokens": ["It", "is", "easy", "to", "operate", "and", "I", "have", "already", "ordered", "more", "software", "and", "gadgets", "for", "my", "new", "Rolls", "Royce", "of", "laptops", "."], "record": "<extra_id_0> <extra_id_0> opinion <extra_id_5> easy <extra_id_1> <extra_id_0> aspect <extra_id_5> operate <extra_id_0> positive <extra_id_5> easy <extra_id_1> <extra_id_1> <extra_id_0> opinion <extra_id_5> more <extra_id_1> <extra_id_0> aspect <extra_id_5> software <extra_id_0> neutral <extra_id_5> more <extra_id_1> <extra_id_1> <extra_id_0> aspect <extra_id_5> gadgets <extra_id_0> neutral <extra_id_5> more <extra_id_1> <extra_id_1> <extra_id_1>", "entity": [{"type": "aspect", "offset": [11], "text": "software"}, {"type": "aspect", "offset": [4], "text": "operate"}, {"type": "aspect", "offset": [13], "text": "gadgets"}, {"type": "opinion", "offset": [10], "text": "more"}, {"type": "opinion", "offset": [2], "text": "easy"}], "relation": [{"type": "neutral", "args": [{"type": "aspect", "offset": [11], "text": "software"}, {"type": "opinion", "offset": [10], "text": "more"}]}, {"type": "positive", "args": [{"type": "aspect", "offset": [4], "text": "operate"}, {"type": "opinion", "offset": [2], "text": "easy"}]}, {"type": "neutral", "args": [{"type": "aspect", "offset": [13], "text": "gadgets"}, {"type": "opinion", "offset": [10], "text": "more"}]}], "event": [], "spot": ["aspect", "opinion"], "asoc": ["positive", "neutral"], "spot_asoc": [{"span": "easy", "label": "opinion", "asoc": []}, {"span": "operate", "label": "aspect", "asoc": [["positive", "easy"]]}, {"span": "more", "label": "opinion", "asoc": []}, {"span": "software", "label": "aspect", "asoc": [["neutral", "more"]]}, {"span": "gadgets", "label": "aspect", "asoc": [["neutral", "more"]]}]}
{"text": "When I got the computer back and realizwed it still was not correct HP told me it was out of warranty and now it was my problem .", "tokens": ["When", "I", "got", "the", "computer", "back", "and", "realizwed", "it", "still", "was", "not", "correct", "HP", "told", "me", "it", "was", "out", "of", "warranty", "and", "now", "it", "was", "my", "problem", "."], "record": "<extra_id_0> <extra_id_0> opinion <extra_id_5> out of <extra_id_1> <extra_id_0> aspect <extra_id_5> warranty <extra_id_0> neutral <extra_id_5> out of <extra_id_1> <extra_id_1> <extra_id_1>", "entity": [{"type": "aspect", "offset": [20], "text": "warranty"}, {"type": "opinion", "offset": [18, 19], "text": "out of"}], "relation": [{"type": "neutral", "args": [{"type": "aspect", "offset": [20], "text": "warranty"}, {"type": "opinion", "offset": [18, 19], "text": "out of"}]}], "event": [], "spot": ["aspect", "opinion"], "asoc": ["neutral"], "spot_asoc": [{"span": "out of", "label": "opinion", "asoc": []}, {"span": "warranty", "label": "aspect", "asoc": [["neutral", "out of"]]}]}
