{"text": "Service was very good - prompt , attentive and non-intrusive .", "tokens": ["Service", "was", "very", "good", "-", "prompt", ",", "attentive", "and", "non-intrusive", "."], "record": "<extra_id_0> <extra_id_0> aspect <extra_id_5> Service <extra_id_0> positive <extra_id_5> good <extra_id_1> <extra_id_0> positive <extra_id_5> prompt <extra_id_1> <extra_id_0> positive <extra_id_5> attentive <extra_id_1> <extra_id_0> positive <extra_id_5> non-intrusive <extra_id_1> <extra_id_1> <extra_id_0> opinion <extra_id_5> good <extra_id_1> <extra_id_0> opinion <extra_id_5> prompt <extra_id_1> <extra_id_0> opinion <extra_id_5> attentive <extra_id_1> <extra_id_0> opinion <extra_id_5> non-intrusive <extra_id_1> <extra_id_1>", "entity": [{"type": "aspect", "offset": [0], "text": "Service"}, {"type": "opinion", "offset": [3], "text": "good"}, {"type": "opinion", "offset": [5], "text": "prompt"}, {"type": "opinion", "offset": [7], "text": "attentive"}, {"type": "opinion", "offset": [9], "text": "non-intrusive"}], "relation": [{"type": "positive", "args": [{"type": "aspect", "offset": [0], "text": "Service"}, {"type": "opinion", "offset": [3], "text": "good"}]}, {"type": "positive", "args": [{"type": "aspect", "offset": [0], "text": "Service"}, {"type": "opinion", "offset": [5], "text": "prompt"}]}, {"type": "positive", "args": [{"type": "aspect", "offset": [0], "text": "Service"}, {"type": "opinion", "offset": [7], "text": "attentive"}]}, {"type": "positive", "args": [{"type": "aspect", "offset": [0], "text": "Service"}, {"type": "opinion", "offset": [9], "text": "non-intrusive"}]}], "event": [], "spot": ["aspect", "opinion"], "asoc": ["positive"], "spot_asoc": [{"span": "Service", "label": "aspect", "asoc": [["positive", "good"], ["positive", "prompt"], ["positive", "attentive"], ["positive", "non-intrusive"]]}, {"span": "good", "label": "opinion", "asoc": []}, {"span": "prompt", "label": "opinion", "asoc": []}, {"span": "attentive", "label": "opinion", "asoc": []}, {"span": "non-intrusive", "label": "opinion", "asoc": []}]}
{"text": "Total hipster-wannabe attitude in an otherwise sweet spot .", "tokens": ["Total", "hipster-wannabe", "attitude", "in", "an", "otherwise", "sweet", "spot", "."], "record": "<extra_id_0> <extra_id_0> opinion <extra_id_5> sweet <extra_id_1> <extra_id_0> aspect <extra_id_5> spot <extra_id_0> positive <extra_id_5> sweet <extra_id_1> <extra_id_1> <extra_id_1>", "entity": [{"type": "aspect", "offset": [7], "text": "spot"}, {"type": "opinion", "offset": [6], "text": "sweet"}], "relation": [{"type": "positive", "args": [{"type": "aspect", "offset": [7], "text": "spot"}, {"type": "opinion", "offset": [6], "text": "sweet"}]}], "event": [], "spot": ["aspect", "opinion"], "asoc": ["positive"], "spot_asoc": [{"span": "sweet", "label": "opinion", "asoc": []}, {"span": "spot", "label": "aspect", "asoc": [["positive", "sweet"]]}]}
{"text": "While this can hardly be called a restaurant , it is possibly the best deal in Manhatten : $ 4 for a plate heaped with rice and 2-3 entrees .", "tokens": ["While", "this", "can", "hardly", "be", "called", "a", "restaurant", ",", "it", "is", "possibly", "the", "best", "deal", "in", "Manhatten", ":", "$", "4", "for", "a", "plate", "heaped", "with", "rice", "and", "2-3", "entrees", "."], "record": "<extra_id_0> <extra_id_0> opinion <extra_id_5> best <extra_id_1> <extra_id_0> aspect <extra_id_5> rice <extra_id_0> positive <extra_id_5> best <extra_id_1> <extra_id_1> <extra_id_0> aspect <extra_id_5> entrees <extra_id_0> positive <extra_id_5> best <extra_id_1> <extra_id_1> <extra_id_1>", "entity": [{"type": "aspect", "offset": [25], "text": "rice"}, {"type": "aspect", "offset": [28], "text": "entrees"}, {"type": "opinion", "offset": [13], "text": "best"}], "relation": [{"type": "positive", "args": [{"type": "aspect", "offset": [25], "text": "rice"}, {"type": "opinion", "offset": [13], "text": "best"}]}, {"type": "positive", "args": [{"type": "aspect", "offset": [28], "text": "entrees"}, {"type": "opinion", "offset": [13], "text": "best"}]}], "event": [], "spot": ["aspect", "opinion"], "asoc": ["positive"], "spot_asoc": [{"span": "best", "label": "opinion", "asoc": []}, {"span": "rice", "label": "aspect", "asoc": [["positive", "best"]]}, {"span": "entrees", "label": "aspect", "asoc": [["positive", "best"]]}]}
{"text": "it 's the only place you can get yummy authentic japanese comfort food .", "tokens": ["it", "'s", "the", "only", "place", "you", "can", "get", "yummy", "authentic", "japanese", "comfort", "food", "."], "record": "<extra_id_0> <extra_id_0> opinion <extra_id_5> yummy authentic <extra_id_1> <extra_id_0> aspect <extra_id_5> japanese comfort food <extra_id_0> positive <extra_id_5> yummy authentic <extra_id_1> <extra_id_1> <extra_id_1>", "entity": [{"type": "aspect", "offset": [10, 11, 12], "text": "japanese comfort food"}, {"type": "opinion", "offset": [8, 9], "text": "yummy authentic"}], "relation": [{"type": "positive", "args": [{"type": "aspect", "offset": [10, 11, 12], "text": "japanese comfort food"}, {"type": "opinion", "offset": [8, 9], "text": "yummy authentic"}]}], "event": [], "spot": ["aspect", "opinion"], "asoc": ["positive"], "spot_asoc": [{"span": "yummy authentic", "label": "opinion", "asoc": []}, {"span": "japanese comfort food", "label": "aspect", "asoc": [["positive", "yummy authentic"]]}]}
{"text": "The food is outstanding and the service is quick , friendly and very professional .", "tokens": ["The", "food", "is", "outstanding", "and", "the", "service", "is", "quick", ",", "friendly", "and", "very", "professional", "."], "record": "<extra_id_0> <extra_id_0> aspect <extra_id_5> food <extra_id_0> positive <extra_id_5> outstanding <extra_id_1> <extra_id_1> <extra_id_0> opinion <extra_id_5> outstanding <extra_id_1> <extra_id_0> aspect <extra_id_5> service <extra_id_0> positive <extra_id_5> quick <extra_id_1> <extra_id_0> positive <extra_id_5> friendly <extra_id_1> <extra_id_0> positive <extra_id_5> professional <extra_id_1> <extra_id_1> <extra_id_0> opinion <extra_id_5> quick <extra_id_1> <extra_id_0> opinion <extra_id_5> friendly <extra_id_1> <extra_id_0> opinion <extra_id_5> professional <extra_id_1> <extra_id_1>", "entity": [{"type": "aspect", "offset": [1], "text": "food"}, {"type": "aspect", "offset": [6], "text": "service"}, {"type": "opinion", "offset": [3], "text": "outstanding"}, {"type": "opinion", "offset": [8], "text": "quick"}, {"type": "opinion", "offset": [10], "text": "friendly"}, {"type": "opinion", "offset": [13], "text": "professional"}], "relation": [{"type": "positive", "args": [{"type": "aspect", "offset": [1], "text": "food"}, {"type": "opinion", "offset": [3], "text": "outstanding"}]}, {"type": "positive", "args": [{"type": "aspect", "offset": [6], "text": "service"}, {"type": "opinion", "offset": [8], "text": "quick"}]}, {"type": "positive", "args": [{"type": "aspect", "offset": [6], "text": "service"}, {"type": "opinion", "offset": [10], "text": "friendly"}]}, {"type": "positive", "args": [{"type": "aspect", "offset": [6], "text": "service"}, {"type": "opinion", "offset": [13], "text": "professional"}]}], "event": [], "spot": ["aspect", "opinion"], "asoc": ["positive"], "spot_asoc": [{"span": "food", "label": "aspect", "asoc": [["positive", "outstanding"]]}, {"span": "outstanding", "label": "opinion", "asoc": []}, {"span": "service", "label": "aspect", "asoc": [["positive", "quick"], ["positive", "friendly"], ["positive", "professional"]]}, {"span": "quick", "label": "opinion", "asoc": []}, {"span": "friendly", "label": "opinion", "asoc": []}, {"span": "professional", "label": "opinion", "asoc": []}]}
{"text": "The waitress was very patient with us and the food is phenomenal !", "tokens": ["The", "waitress", "was", "very", "patient", "with", "us", "and", "the", "food", "is", "phenomenal", "!"], "record": "<extra_id_0> <extra_id_0> aspect <extra_id_5> waitress <extra_id_0> positive <extra_id_5> patient <extra_id_1> <extra_id_1> <extra_id_0> opinion <extra_id_5> patient <extra_id_1> <extra_id_0> aspect <extra_id_5> food <extra_id_0> positive <extra_id_5> phenomenal <extra_id_1> <extra_id_1> <extra_id_0> opinion <extra_id_5> phenomenal <extra_id_1> <extra_id_1>", "entity": [{"type": "aspect", "offset": [1], "text": "waitress"}, {"type": "aspect", "offset": [9], "text": "food"}, {"type": "opinion", "offset": [4], "text": "patient"}, {"type": "opinion", "offset": [11], "text": "phenomenal"}], "relation": [{"type": "positive", "args": [{"type": "aspect", "offset": [1], "text": "waitress"}, {"type": "opinion", "offset": [4], "text": "patient"}]}, {"type": "positive", "args": [{"type": "aspect", "offset": [9], "text": "food"}, {"type": "opinion", "offset": [11], "text": "phenomenal"}]}], "event": [], "spot": ["aspect", "opinion"], "asoc": ["positive"], "spot_asoc": [{"span": "waitress", "label": "aspect", "asoc": [["positive", "patient"]]}, {"span": "patient", "label": "opinion", "asoc": []}, {"span": "food", "label": "aspect", "asoc": [["positive", "phenomenal"]]}, {"span": "phenomenal", "label": "opinion", "asoc": []}]}
{"text": "It 's a nice place to relax and have conversation .", "tokens": ["It", "'s", "a", "nice", "place", "to", "relax", "and", "have", "conversation", "."], "record": "<extra_id_0> <extra_id_0> opinion <extra_id_5> nice <extra_id_1> <extra_id_0> aspect <extra_id_5> place <extra_id_0> positive <extra_id_5> nice <extra_id_1> <extra_id_1> <extra_id_1>", "entity": [{"type": "aspect", "offset": [4], "text": "place"}, {"type": "opinion", "offset": [3], "text": "nice"}], "relation": [{"type": "positive", "args": [{"type": "aspect", "offset": [4], "text": "place"}, {"type": "opinion", "offset": [3], "text": "nice"}]}], "event": [], "spot": ["aspect", "opinion"], "asoc": ["positive"], "spot_asoc": [{"span": "nice", "label": "opinion", "asoc": []}, {"span": "place", "label": "aspect", "asoc": [["positive", "nice"]]}]}
{"text": "The place is sleek , modern and playful and i will return again frequently .", "tokens": ["The", "place", "is", "sleek", ",", "modern", "and", "playful", "and", "i", "will", "return", "again", "frequently", "."], "record": "<extra_id_0> <extra_id_0> aspect <extra_id_5> place <extra_id_0> positive <extra_id_5> sleek <extra_id_1> <extra_id_0> positive <extra_id_5> modern <extra_id_1> <extra_id_0> positive <extra_id_5> playful <extra_id_1> <extra_id_1> <extra_id_0> opinion <extra_id_5> sleek <extra_id_1> <extra_id_0> opinion <extra_id_5> modern <extra_id_1> <extra_id_0> opinion <extra_id_5> playful <extra_id_1> <extra_id_1>", "entity": [{"type": "aspect", "offset": [1], "text": "place"}, {"type": "opinion", "offset": [3], "text": "sleek"}, {"type": "opinion", "offset": [5], "text": "modern"}, {"type": "opinion", "offset": [7], "text": "playful"}], "relation": [{"type": "positive", "args": [{"type": "aspect", "offset": [1], "text": "place"}, {"type": "opinion", "offset": [3], "text": "sleek"}]}, {"type": "positive", "args": [{"type": "aspect", "offset": [1], "text": "place"}, {"type": "opinion", "offset": [5], "text": "modern"}]}, {"type": "positive", "args": [{"type": "aspect", "offset": [1], "text": "place"}, {"type": "opinion", "offset": [7], "text": "playful"}]}], "event": [], "spot": ["aspect", "opinion"], "asoc": ["positive"], "spot_asoc": [{"span": "place", "label": "aspect", "asoc": [["positive", "sleek"], ["positive", "modern"], ["positive", "playful"]]}, {"span": "sleek", "label": "opinion", "asoc": []}, {"span": "modern", "label": "opinion", "asoc": []}, {"span": "playful", "label": "opinion", "asoc": []}]}
{"text": "Try the mediterranean salad , it is a true experience for your taste buds ! !", "tokens": ["Try", "the", "mediterranean", "salad", ",", "it", "is", "a", "true", "experience", "for", "your", "taste", "buds", "!", "!"], "record": "<extra_id_0> <extra_id_0> opinion <extra_id_5> Try <extra_id_1> <extra_id_0> aspect <extra_id_5> mediterranean salad <extra_id_0> positive <extra_id_5> Try <extra_id_1> <extra_id_1> <extra_id_1>", "entity": [{"type": "aspect", "offset": [2, 3], "text": "mediterranean salad"}, {"type": "opinion", "offset": [0], "text": "Try"}], "relation": [{"type": "positive", "args": [{"type": "aspect", "offset": [2, 3], "text": "mediterranean salad"}, {"type": "opinion", "offset": [0], "text": "Try"}]}], "event": [], "spot": ["aspect", "opinion"], "asoc": ["positive"], "spot_asoc": [{"span": "Try", "label": "opinion", "asoc": []}, {"span": "mediterranean salad", "label": "aspect", "asoc": [["positive", "Try"]]}]}
{"text": "Very good wine choices .", "tokens": ["Very", "good", "wine", "choices", "."], "record": "<extra_id_0> <extra_id_0> opinion <extra_id_5> good <extra_id_1> <extra_id_0> aspect <extra_id_5> wine choices <extra_id_0> positive <extra_id_5> good <extra_id_1> <extra_id_1> <extra_id_1>", "entity": [{"type": "aspect", "offset": [2, 3], "text": "wine choices"}, {"type": "opinion", "offset": [1], "text": "good"}], "relation": [{"type": "positive", "args": [{"type": "aspect", "offset": [2, 3], "text": "wine choices"}, {"type": "opinion", "offset": [1], "text": "good"}]}], "event": [], "spot": ["aspect", "opinion"], "asoc": ["positive"], "spot_asoc": [{"span": "good", "label": "opinion", "asoc": []}, {"span": "wine choices", "label": "aspect", "asoc": [["positive", "good"]]}]}
{"text": "This place is really trendi but they have forgotten about the most important part of a restaurant , the food .", "tokens": ["This", "place", "is", "really", "trendi", "but", "they", "have", "forgotten", "about", "the", "most", "important", "part", "of", "a", "restaurant", ",", "the", "food", "."], "record": "<extra_id_0> <extra_id_0> opinion <extra_id_5> forgotten <extra_id_1> <extra_id_0> aspect <extra_id_5> food <extra_id_0> negative <extra_id_5> forgotten <extra_id_1> <extra_id_1> <extra_id_1>", "entity": [{"type": "aspect", "offset": [19], "text": "food"}, {"type": "opinion", "offset": [8], "text": "forgotten"}], "relation": [{"type": "negative", "args": [{"type": "aspect", "offset": [19], "text": "food"}, {"type": "opinion", "offset": [8], "text": "forgotten"}]}], "event": [], "spot": ["aspect", "opinion"], "asoc": ["negative"], "spot_asoc": [{"span": "forgotten", "label": "opinion", "asoc": []}, {"span": "food", "label": "aspect", "asoc": [["negative", "forgotten"]]}]}
{"text": "Faan 's got a great concept but a little rough on the delivery .", "tokens": ["Faan", "'s", "got", "a", "great", "concept", "but", "a", "little", "rough", "on", "the", "delivery", "."], "record": "<extra_id_0> <extra_id_0> opinion <extra_id_5> rough <extra_id_1> <extra_id_0> aspect <extra_id_5> delivery <extra_id_0> negative <extra_id_5> rough <extra_id_1> <extra_id_1> <extra_id_1>", "entity": [{"type": "aspect", "offset": [12], "text": "delivery"}, {"type": "opinion", "offset": [9], "text": "rough"}], "relation": [{"type": "negative", "args": [{"type": "aspect", "offset": [12], "text": "delivery"}, {"type": "opinion", "offset": [9], "text": "rough"}]}], "event": [], "spot": ["aspect", "opinion"], "asoc": ["negative"], "spot_asoc": [{"span": "rough", "label": "opinion", "asoc": []}, {"span": "delivery", "label": "aspect", "asoc": [["negative", "rough"]]}]}
{"text": "The menu choices are similar but the taste lacked more flavor than it looked .", "tokens": ["The", "menu", "choices", "are", "similar", "but", "the", "taste", "lacked", "more", "flavor", "than", "it", "looked", "."], "record": "<extra_id_0> <extra_id_0> aspect <extra_id_5> menu choices <extra_id_0> neutral <extra_id_5> similar <extra_id_1> <extra_id_1> <extra_id_0> opinion <extra_id_5> similar <extra_id_1> <extra_id_0> aspect <extra_id_5> taste <extra_id_0> negative <extra_id_5> lacked <extra_id_1> <extra_id_1> <extra_id_0> opinion <extra_id_5> lacked <extra_id_1> <extra_id_0> aspect <extra_id_5> flavor <extra_id_0> negative <extra_id_5> lacked <extra_id_1> <extra_id_1> <extra_id_1>", "entity": [{"type": "aspect", "offset": [7], "text": "taste"}, {"type": "aspect", "offset": [1, 2], "text": "menu choices"}, {"type": "aspect", "offset": [10], "text": "flavor"}, {"type": "opinion", "offset": [8], "text": "lacked"}, {"type": "opinion", "offset": [4], "text": "similar"}], "relation": [{"type": "negative", "args": [{"type": "aspect", "offset": [7], "text": "taste"}, {"type": "opinion", "offset": [8], "text": "lacked"}]}, {"type": "neutral", "args": [{"type": "aspect", "offset": [1, 2], "text": "menu choices"}, {"type": "opinion", "offset": [4], "text": "similar"}]}, {"type": "negative", "args": [{"type": "aspect", "offset": [10], "text": "flavor"}, {"type": "opinion", "offset": [8], "text": "lacked"}]}], "event": [], "spot": ["aspect", "opinion"], "asoc": ["neutral", "negative"], "spot_asoc": [{"span": "menu choices", "label": "aspect", "asoc": [["neutral", "similar"]]}, {"span": "similar", "label": "opinion", "asoc": []}, {"span": "taste", "label": "aspect", "asoc": [["negative", "lacked"]]}, {"span": "lacked", "label": "opinion", "asoc": []}, {"span": "flavor", "label": "aspect", "asoc": [["negative", "lacked"]]}]}
{"text": "The waiters were not attentive except that the bill turned up on the table before we were finished .", "tokens": ["The", "waiters", "were", "not", "attentive", "except", "that", "the", "bill", "turned", "up", "on", "the", "table", "before", "we", "were", "finished", "."], "record": "<extra_id_0> <extra_id_0> aspect <extra_id_5> waiters <extra_id_0> negative <extra_id_5> attentive <extra_id_1> <extra_id_1> <extra_id_0> opinion <extra_id_5> attentive <extra_id_1> <extra_id_1>", "entity": [{"type": "aspect", "offset": [1], "text": "waiters"}, {"type": "opinion", "offset": [4], "text": "attentive"}], "relation": [{"type": "negative", "args": [{"type": "aspect", "offset": [1], "text": "waiters"}, {"type": "opinion", "offset": [4], "text": "attentive"}]}], "event": [], "spot": ["aspect", "opinion"], "asoc": ["negative"], "spot_asoc": [{"span": "waiters", "label": "aspect", "asoc": [["negative", "attentive"]]}, {"span": "attentive", "label": "opinion", "asoc": []}]}
{"text": "I ordered the smoked salmon and roe appetizer and it was off flavor .", "tokens": ["I", "ordered", "the", "smoked", "salmon", "and", "roe", "appetizer", "and", "it", "was", "off", "flavor", "."], "record": "<extra_id_0> <extra_id_0> aspect <extra_id_5> smoked salmon and roe appetizer <extra_id_0> negative <extra_id_5> off flavor <extra_id_1> <extra_id_1> <extra_id_0> opinion <extra_id_5> off flavor <extra_id_1> <extra_id_1>", "entity": [{"type": "aspect", "offset": [3, 4, 5, 6, 7], "text": "smoked salmon and roe appetizer"}, {"type": "opinion", "offset": [11, 12], "text": "off flavor"}], "relation": [{"type": "negative", "args": [{"type": "aspect", "offset": [3, 4, 5, 6, 7], "text": "smoked salmon and roe appetizer"}, {"type": "opinion", "offset": [11, 12], "text": "off flavor"}]}], "event": [], "spot": ["aspect", "opinion"], "asoc": ["negative"], "spot_asoc": [{"span": "smoked salmon and roe appetizer", "label": "aspect", "asoc": [["negative", "off flavor"]]}, {"span": "off flavor", "label": "opinion", "asoc": []}]}
{"text": "Deliveries often take up to an hour and the prices are higher than most other pizzerias in the area .", "tokens": ["Deliveries", "often", "take", "up", "to", "an", "hour", "and", "the", "prices", "are", "higher", "than", "most", "other", "pizzerias", "in", "the", "area", "."], "record": "<extra_id_0> <extra_id_0> aspect <extra_id_5> prices <extra_id_0> negative <extra_id_5> higher <extra_id_1> <extra_id_1> <extra_id_0> opinion <extra_id_5> higher <extra_id_1> <extra_id_1>", "entity": [{"type": "aspect", "offset": [9], "text": "prices"}, {"type": "opinion", "offset": [11], "text": "higher"}], "relation": [{"type": "negative", "args": [{"type": "aspect", "offset": [9], "text": "prices"}, {"type": "opinion", "offset": [11], "text": "higher"}]}], "event": [], "spot": ["aspect", "opinion"], "asoc": ["negative"], "spot_asoc": [{"span": "prices", "label": "aspect", "asoc": [["negative", "higher"]]}, {"span": "higher", "label": "opinion", "asoc": []}]}
{"text": "people are rude bit again it 's new york !", "tokens": ["people", "are", "rude", "bit", "again", "it", "'s", "new", "york", "!"], "record": "<extra_id_0> <extra_id_0> aspect <extra_id_5> people <extra_id_0> negative <extra_id_5> rude <extra_id_1> <extra_id_1> <extra_id_0> opinion <extra_id_5> rude <extra_id_1> <extra_id_1>", "entity": [{"type": "aspect", "offset": [0], "text": "people"}, {"type": "opinion", "offset": [2], "text": "rude"}], "relation": [{"type": "negative", "args": [{"type": "aspect", "offset": [0], "text": "people"}, {"type": "opinion", "offset": [2], "text": "rude"}]}], "event": [], "spot": ["aspect", "opinion"], "asoc": ["negative"], "spot_asoc": [{"span": "people", "label": "aspect", "asoc": [["negative", "rude"]]}, {"span": "rude", "label": "opinion", "asoc": []}]}
{"text": "While we enjoyed the food , we were highly disappointed by the poor service ( waiter was not quite competent and SLOW service ) and lack of remorse .", "tokens": ["While", "we", "enjoyed", "the", "food", ",", "we", "were", "highly", "disappointed", "by", "the", "poor", "service", "(", "waiter", "was", "not", "quite", "competent", "and", "SLOW", "service", ")", "and", "lack", "of", "remorse", "."], "record": "<extra_id_0> <extra_id_0> opinion <extra_id_5> enjoyed <extra_id_1> <extra_id_0> aspect <extra_id_5> food <extra_id_0> positive <extra_id_5> enjoyed <extra_id_1> <extra_id_1> <extra_id_0> opinion <extra_id_5> poor <extra_id_1> <extra_id_0> aspect <extra_id_5> service <extra_id_0> negative <extra_id_5> poor <extra_id_1> <extra_id_1> <extra_id_0> aspect <extra_id_5> waiter <extra_id_0> negative <extra_id_5> not quite competent <extra_id_1> <extra_id_1> <extra_id_0> opinion <extra_id_5> not quite competent <extra_id_1> <extra_id_0> opinion <extra_id_5> SLOW <extra_id_1> <extra_id_0> aspect <extra_id_5> service <extra_id_0> negative <extra_id_5> SLOW <extra_id_1> <extra_id_1> <extra_id_1>", "entity": [{"type": "aspect", "offset": [4], "text": "food"}, {"type": "aspect", "offset": [13], "text": "service"}, {"type": "aspect", "offset": [15], "text": "waiter"}, {"type": "aspect", "offset": [22], "text": "service"}, {"type": "opinion", "offset": [2], "text": "enjoyed"}, {"type": "opinion", "offset": [12], "text": "poor"}, {"type": "opinion", "offset": [17, 18, 19], "text": "not quite competent"}, {"type": "opinion", "offset": [21], "text": "SLOW"}], "relation": [{"type": "positive", "args": [{"type": "aspect", "offset": [4], "text": "food"}, {"type": "opinion", "offset": [2], "text": "enjoyed"}]}, {"type": "negative", "args": [{"type": "aspect", "offset": [13], "text": "service"}, {"type": "opinion", "offset": [12], "text": "poor"}]}, {"type": "negative", "args": [{"type": "aspect", "offset": [15], "text": "waiter"}, {"type": "opinion", "offset": [17, 18, 19], "text": "not quite competent"}]}, {"type": "negative", "args": [{"type": "aspect", "offset": [22], "text": "service"}, {"type": "opinion", "offset": [21], "text": "SLOW"}]}], "event": [], "spot": ["aspect", "opinion"], "asoc": ["positive", "negative"], "spot_asoc": [{"span": "enjoyed", "label": "opinion", "asoc": []}, {"span": "food", "label": "aspect", "asoc": [["positive", "enjoyed"]]}, {"span": "poor", "label": "opinion", "asoc": []}, {"span": "service", "label": "aspect", "asoc": [["negative", "poor"]]}, {"span": "waiter", "label": "aspect", "asoc": [["negative", "not quite competent"]]}, {"span": "not quite competent", "label": "opinion", "asoc": []}, {"span": "SLOW", "label": "opinion", "asoc": []}, {"span": "service", "label": "aspect", "asoc": [["negative", "SLOW"]]}]}
{"text": "This place is not worth the prices .", "tokens": ["This", "place", "is", "not", "worth", "the", "prices", "."], "record": "<extra_id_0> <extra_id_0> opinion <extra_id_5> not worth <extra_id_1> <extra_id_0> aspect <extra_id_5> prices <extra_id_0> negative <extra_id_5> not worth <extra_id_1> <extra_id_1> <extra_id_1>", "entity": [{"type": "aspect", "offset": [6], "text": "prices"}, {"type": "opinion", "offset": [3, 4], "text": "not worth"}], "relation": [{"type": "negative", "args": [{"type": "aspect", "offset": [6], "text": "prices"}, {"type": "opinion", "offset": [3, 4], "text": "not worth"}]}], "event": [], "spot": ["aspect", "opinion"], "asoc": ["negative"], "spot_asoc": [{"span": "not worth", "label": "opinion", "asoc": []}, {"span": "prices", "label": "aspect", "asoc": [["negative", "not worth"]]}]}
{"text": "The decor is really blah , and not at all hip or happening .", "tokens": ["The", "decor", "is", "really", "blah", ",", "and", "not", "at", "all", "hip", "or", "happening", "."], "record": "<extra_id_0> <extra_id_0> aspect <extra_id_5> decor <extra_id_0> negative <extra_id_5> blah <extra_id_1> <extra_id_0> negative <extra_id_5> not at all hip <extra_id_1> <extra_id_1> <extra_id_0> opinion <extra_id_5> blah <extra_id_1> <extra_id_0> opinion <extra_id_5> not at all hip <extra_id_1> <extra_id_1>", "entity": [{"type": "aspect", "offset": [1], "text": "decor"}, {"type": "opinion", "offset": [4], "text": "blah"}, {"type": "opinion", "offset": [7, 8, 9, 10], "text": "not at all hip"}], "relation": [{"type": "negative", "args": [{"type": "aspect", "offset": [1], "text": "decor"}, {"type": "opinion", "offset": [4], "text": "blah"}]}, {"type": "negative", "args": [{"type": "aspect", "offset": [1], "text": "decor"}, {"type": "opinion", "offset": [7, 8, 9, 10], "text": "not at all hip"}]}], "event": [], "spot": ["aspect", "opinion"], "asoc": ["negative"], "spot_asoc": [{"span": "decor", "label": "aspect", "asoc": [["negative", "blah"], ["negative", "not at all hip"]]}, {"span": "blah", "label": "opinion", "asoc": []}, {"span": "not at all hip", "label": "opinion", "asoc": []}]}
{"text": "However , in the summer of 2003 , it seems the management has changed and the great big door has been replaced for a glass front ridding itself of the dark romantic getup .", "tokens": ["However", ",", "in", "the", "summer", "of", "2003", ",", "it", "seems", "the", "management", "has", "changed", "and", "the", "great", "big", "door", "has", "been", "replaced", "for", "a", "glass", "front", "ridding", "itself", "of", "the", "dark", "romantic", "getup", "."], "record": "<extra_id_0> <extra_id_0> aspect <extra_id_5> management <extra_id_0> neutral <extra_id_5> changed <extra_id_1> <extra_id_1> <extra_id_0> opinion <extra_id_5> changed <extra_id_1> <extra_id_0> opinion <extra_id_5> great big <extra_id_1> <extra_id_0> aspect <extra_id_5> door <extra_id_0> positive <extra_id_5> great big <extra_id_1> <extra_id_1> <extra_id_1>", "entity": [{"type": "aspect", "offset": [11], "text": "management"}, {"type": "aspect", "offset": [18], "text": "door"}, {"type": "opinion", "offset": [13], "text": "changed"}, {"type": "opinion", "offset": [16, 17], "text": "great big"}], "relation": [{"type": "neutral", "args": [{"type": "aspect", "offset": [11], "text": "management"}, {"type": "opinion", "offset": [13], "text": "changed"}]}, {"type": "positive", "args": [{"type": "aspect", "offset": [18], "text": "door"}, {"type": "opinion", "offset": [16, 17], "text": "great big"}]}], "event": [], "spot": ["aspect", "opinion"], "asoc": ["positive", "neutral"], "spot_asoc": [{"span": "management", "label": "aspect", "asoc": [["neutral", "changed"]]}, {"span": "changed", "label": "opinion", "asoc": []}, {"span": "great big", "label": "opinion", "asoc": []}, {"span": "door", "label": "aspect", "asoc": [["positive", "great big"]]}]}
{"text": "Although we were looking for regular lettuce and some walnuts the salads we got were great .", "tokens": ["Although", "we", "were", "looking", "for", "regular", "lettuce", "and", "some", "walnuts", "the", "salads", "we", "got", "were", "great", "."], "record": "<extra_id_0> <extra_id_0> aspect <extra_id_5> lettuce <extra_id_0> neutral <extra_id_5> great <extra_id_1> <extra_id_1> <extra_id_0> aspect <extra_id_5> walnuts <extra_id_0> neutral <extra_id_5> great <extra_id_1> <extra_id_1> <extra_id_0> aspect <extra_id_5> salads <extra_id_0> positive <extra_id_5> great <extra_id_1> <extra_id_1> <extra_id_0> opinion <extra_id_5> great <extra_id_1> <extra_id_1>", "entity": [{"type": "aspect", "offset": [11], "text": "salads"}, {"type": "aspect", "offset": [6], "text": "lettuce"}, {"type": "aspect", "offset": [9], "text": "walnuts"}, {"type": "opinion", "offset": [15], "text": "great"}], "relation": [{"type": "positive", "args": [{"type": "aspect", "offset": [11], "text": "salads"}, {"type": "opinion", "offset": [15], "text": "great"}]}, {"type": "neutral", "args": [{"type": "aspect", "offset": [6], "text": "lettuce"}, {"type": "opinion", "offset": [15], "text": "great"}]}, {"type": "neutral", "args": [{"type": "aspect", "offset": [9], "text": "walnuts"}, {"type": "opinion", "offset": [15], "text": "great"}]}], "event": [], "spot": ["aspect", "opinion"], "asoc": ["positive", "neutral"], "spot_asoc": [{"span": "lettuce", "label": "aspect", "asoc": [["neutral", "great"]]}, {"span": "walnuts", "label": "aspect", "asoc": [["neutral", "great"]]}, {"span": "salads", "label": "aspect", "asoc": [["positive", "great"]]}, {"span": "great", "label": "opinion", "asoc": []}]}
{"text": "The service is ok , some of the people did n't get what they asked for .", "tokens": ["The", "service", "is", "ok", ",", "some", "of", "the", "people", "did", "n't", "get", "what", "they", "asked", "for", "."], "record": "<extra_id_0> <extra_id_0> aspect <extra_id_5> service <extra_id_0> neutral <extra_id_5> ok <extra_id_1> <extra_id_1> <extra_id_0> opinion <extra_id_5> ok <extra_id_1> <extra_id_1>", "entity": [{"type": "aspect", "offset": [1], "text": "service"}, {"type": "opinion", "offset": [3], "text": "ok"}], "relation": [{"type": "neutral", "args": [{"type": "aspect", "offset": [1], "text": "service"}, {"type": "opinion", "offset": [3], "text": "ok"}]}], "event": [], "spot": ["aspect", "opinion"], "asoc": ["neutral"], "spot_asoc": [{"span": "service", "label": "aspect", "asoc": [["neutral", "ok"]]}, {"span": "ok", "label": "opinion", "asoc": []}]}
{"text": "The bagel was huge .", "tokens": ["The", "bagel", "was", "huge", "."], "record": "<extra_id_0> <extra_id_0> aspect <extra_id_5> bagel <extra_id_0> neutral <extra_id_5> huge <extra_id_1> <extra_id_1> <extra_id_0> opinion <extra_id_5> huge <extra_id_1> <extra_id_1>", "entity": [{"type": "aspect", "offset": [1], "text": "bagel"}, {"type": "opinion", "offset": [3], "text": "huge"}], "relation": [{"type": "neutral", "args": [{"type": "aspect", "offset": [1], "text": "bagel"}, {"type": "opinion", "offset": [3], "text": "huge"}]}], "event": [], "spot": ["aspect", "opinion"], "asoc": ["neutral"], "spot_asoc": [{"span": "bagel", "label": "aspect", "asoc": [["neutral", "huge"]]}, {"span": "huge", "label": "opinion", "asoc": []}]}
{"text": "We were disappointed with the pre-fixe menu of only 2 choices per course ( other restaurants offer 3 choices ) and ended up ordering a la carte .", "tokens": ["We", "were", "disappointed", "with", "the", "pre-fixe", "menu", "of", "only", "2", "choices", "per", "course", "(", "other", "restaurants", "offer", "3", "choices", ")", "and", "ended", "up", "ordering", "a", "la", "carte", "."], "record": "<extra_id_0> <extra_id_0> opinion <extra_id_5> disappointed <extra_id_1> <extra_id_0> aspect <extra_id_5> pre-fixe menu <extra_id_0> negative <extra_id_5> disappointed <extra_id_1> <extra_id_1> <extra_id_0> aspect <extra_id_5> choices per course <extra_id_0> neutral <extra_id_5> disappointed <extra_id_1> <extra_id_1> <extra_id_1>", "entity": [{"type": "aspect", "offset": [5, 6], "text": "pre-fixe menu"}, {"type": "aspect", "offset": [10, 11, 12], "text": "choices per course"}, {"type": "opinion", "offset": [2], "text": "disappointed"}], "relation": [{"type": "negative", "args": [{"type": "aspect", "offset": [5, 6], "text": "pre-fixe menu"}, {"type": "opinion", "offset": [2], "text": "disappointed"}]}, {"type": "neutral", "args": [{"type": "aspect", "offset": [10, 11, 12], "text": "choices per course"}, {"type": "opinion", "offset": [2], "text": "disappointed"}]}], "event": [], "spot": ["aspect", "opinion"], "asoc": ["neutral", "negative"], "spot_asoc": [{"span": "disappointed", "label": "opinion", "asoc": []}, {"span": "pre-fixe menu", "label": "aspect", "asoc": [["negative", "disappointed"]]}, {"span": "choices per course", "label": "aspect", "asoc": [["neutral", "disappointed"]]}]}
{"text": "Shockingly easy to throw a group dinner here : simple contract , deposit only to hold the date the entire 2nd fl mezz for our grp of 20 .", "tokens": ["Shockingly", "easy", "to", "throw", "a", "group", "dinner", "here", ":", "simple", "contract", ",", "deposit", "only", "to", "hold", "the", "date", "the", "entire", "2nd", "fl", "mezz", "for", "our", "grp", "of", "20", "."], "record": "<extra_id_0> <extra_id_0> opinion <extra_id_5> easy <extra_id_1> <extra_id_0> aspect <extra_id_5> group dinner <extra_id_0> neutral <extra_id_5> easy <extra_id_1> <extra_id_1> <extra_id_1>", "entity": [{"type": "aspect", "offset": [5, 6], "text": "group dinner"}, {"type": "opinion", "offset": [1], "text": "easy"}], "relation": [{"type": "neutral", "args": [{"type": "aspect", "offset": [5, 6], "text": "group dinner"}, {"type": "opinion", "offset": [1], "text": "easy"}]}], "event": [], "spot": ["aspect", "opinion"], "asoc": ["neutral"], "spot_asoc": [{"span": "easy", "label": "opinion", "asoc": []}, {"span": "group dinner", "label": "aspect", "asoc": [["neutral", "easy"]]}]}
{"text": "Also good for client lunch meetings , esp .", "tokens": ["Also", "good", "for", "client", "lunch", "meetings", ",", "esp", "."], "record": "<extra_id_0> <extra_id_0> opinion <extra_id_5> good <extra_id_1> <extra_id_0> aspect <extra_id_5> lunch meetings <extra_id_0> neutral <extra_id_5> good <extra_id_1> <extra_id_1> <extra_id_1>", "entity": [{"type": "aspect", "offset": [4, 5], "text": "lunch meetings"}, {"type": "opinion", "offset": [1], "text": "good"}], "relation": [{"type": "neutral", "args": [{"type": "aspect", "offset": [4, 5], "text": "lunch meetings"}, {"type": "opinion", "offset": [1], "text": "good"}]}], "event": [], "spot": ["aspect", "opinion"], "asoc": ["neutral"], "spot_asoc": [{"span": "good", "label": "opinion", "asoc": []}, {"span": "lunch meetings", "label": "aspect", "asoc": [["neutral", "good"]]}]}
{"text": "Very popular style Izakaya ( Sake and small portion of sake-friendly dishes ) .", "tokens": ["Very", "popular", "style", "Izakaya", "(", "Sake", "and", "small", "portion", "of", "sake-friendly", "dishes", ")", "."], "record": "<extra_id_0> <extra_id_0> opinion <extra_id_5> small <extra_id_1> <extra_id_0> aspect <extra_id_5> portion <extra_id_0> neutral <extra_id_5> small <extra_id_1> <extra_id_1> <extra_id_0> opinion <extra_id_5> sake-friendly <extra_id_1> <extra_id_0> aspect <extra_id_5> dishes <extra_id_0> positive <extra_id_5> sake-friendly <extra_id_1> <extra_id_1> <extra_id_1>", "entity": [{"type": "aspect", "offset": [11], "text": "dishes"}, {"type": "aspect", "offset": [8], "text": "portion"}, {"type": "opinion", "offset": [10], "text": "sake-friendly"}, {"type": "opinion", "offset": [7], "text": "small"}], "relation": [{"type": "positive", "args": [{"type": "aspect", "offset": [11], "text": "dishes"}, {"type": "opinion", "offset": [10], "text": "sake-friendly"}]}, {"type": "neutral", "args": [{"type": "aspect", "offset": [8], "text": "portion"}, {"type": "opinion", "offset": [7], "text": "small"}]}], "event": [], "spot": ["aspect", "opinion"], "asoc": ["positive", "neutral"], "spot_asoc": [{"span": "small", "label": "opinion", "asoc": []}, {"span": "portion", "label": "aspect", "asoc": [["neutral", "small"]]}, {"span": "sake-friendly", "label": "opinion", "asoc": []}, {"span": "dishes", "label": "aspect", "asoc": [["positive", "sake-friendly"]]}]}
{"text": "However , service was as plain as sesame crusted Salmon I had .", "tokens": ["However", ",", "service", "was", "as", "plain", "as", "sesame", "crusted", "Salmon", "I", "had", "."], "record": "<extra_id_0> <extra_id_0> aspect <extra_id_5> service <extra_id_0> neutral <extra_id_5> plain <extra_id_1> <extra_id_1> <extra_id_0> opinion <extra_id_5> plain <extra_id_1> <extra_id_0> aspect <extra_id_5> sesame crusted Salmon <extra_id_0> neutral <extra_id_5> plain <extra_id_1> <extra_id_1> <extra_id_1>", "entity": [{"type": "aspect", "offset": [2], "text": "service"}, {"type": "aspect", "offset": [7, 8, 9], "text": "sesame crusted Salmon"}, {"type": "opinion", "offset": [5], "text": "plain"}], "relation": [{"type": "neutral", "args": [{"type": "aspect", "offset": [2], "text": "service"}, {"type": "opinion", "offset": [5], "text": "plain"}]}, {"type": "neutral", "args": [{"type": "aspect", "offset": [7, 8, 9], "text": "sesame crusted Salmon"}, {"type": "opinion", "offset": [5], "text": "plain"}]}], "event": [], "spot": ["aspect", "opinion"], "asoc": ["neutral"], "spot_asoc": [{"span": "service", "label": "aspect", "asoc": [["neutral", "plain"]]}, {"span": "plain", "label": "opinion", "asoc": []}, {"span": "sesame crusted Salmon", "label": "aspect", "asoc": [["neutral", "plain"]]}]}
{"text": "It 's the perfect restaurant for NY life style , it got cool design , awesome drinks and food and lot 's of good looking people eating and hanging at the pink bar ...", "tokens": ["It", "'s", "the", "perfect", "restaurant", "for", "NY", "life", "style", ",", "it", "got", "cool", "design", ",", "awesome", "drinks", "and", "food", "and", "lot", "'s", "of", "good", "looking", "people", "eating", "and", "hanging", "at", "the", "pink", "bar", "..."], "record": "<extra_id_0> <extra_id_0> opinion <extra_id_5> cool <extra_id_1> <extra_id_0> aspect <extra_id_5> design <extra_id_0> positive <extra_id_5> cool <extra_id_1> <extra_id_1> <extra_id_0> opinion <extra_id_5> awesome <extra_id_1> <extra_id_0> aspect <extra_id_5> drinks <extra_id_0> positive <extra_id_5> awesome <extra_id_1> <extra_id_1> <extra_id_0> aspect <extra_id_5> food <extra_id_0> positive <extra_id_5> awesome <extra_id_1> <extra_id_1> <extra_id_0> opinion <extra_id_5> pink <extra_id_1> <extra_id_0> aspect <extra_id_5> bar <extra_id_0> neutral <extra_id_5> pink <extra_id_1> <extra_id_1> <extra_id_1>", "entity": [{"type": "aspect", "offset": [13], "text": "design"}, {"type": "aspect", "offset": [16], "text": "drinks"}, {"type": "aspect", "offset": [18], "text": "food"}, {"type": "aspect", "offset": [32], "text": "bar"}, {"type": "opinion", "offset": [12], "text": "cool"}, {"type": "opinion", "offset": [15], "text": "awesome"}, {"type": "opinion", "offset": [31], "text": "pink"}], "relation": [{"type": "positive", "args": [{"type": "aspect", "offset": [13], "text": "design"}, {"type": "opinion", "offset": [12], "text": "cool"}]}, {"type": "positive", "args": [{"type": "aspect", "offset": [16], "text": "drinks"}, {"type": "opinion", "offset": [15], "text": "awesome"}]}, {"type": "positive", "args": [{"type": "aspect", "offset": [18], "text": "food"}, {"type": "opinion", "offset": [15], "text": "awesome"}]}, {"type": "neutral", "args": [{"type": "aspect", "offset": [32], "text": "bar"}, {"type": "opinion", "offset": [31], "text": "pink"}]}], "event": [], "spot": ["aspect", "opinion"], "asoc": ["positive", "neutral"], "spot_asoc": [{"span": "cool", "label": "opinion", "asoc": []}, {"span": "design", "label": "aspect", "asoc": [["positive", "cool"]]}, {"span": "awesome", "label": "opinion", "asoc": []}, {"span": "drinks", "label": "aspect", "asoc": [["positive", "awesome"]]}, {"span": "food", "label": "aspect", "asoc": [["positive", "awesome"]]}, {"span": "pink", "label": "opinion", "asoc": []}, {"span": "bar", "label": "aspect", "asoc": [["neutral", "pink"]]}]}
