{"text": "Do n't waste money on decor .", "tokens": ["Do", "n't", "waste", "money", "on", "decor", "."], "record": "<extra_id_0> <extra_id_0> opinion <extra_id_5> waste <extra_id_1> <extra_id_0> aspect <extra_id_5> decor <extra_id_0> neutral <extra_id_5> waste <extra_id_1> <extra_id_1> <extra_id_1>", "entity": [{"type": "aspect", "offset": [5], "text": "decor"}, {"type": "opinion", "offset": [2], "text": "waste"}], "relation": [{"type": "neutral", "args": [{"type": "aspect", "offset": [5], "text": "decor"}, {"type": "opinion", "offset": [2], "text": "waste"}]}], "event": [], "spot": ["aspect", "opinion"], "asoc": ["neutral"], "spot_asoc": [{"span": "waste", "label": "opinion", "asoc": []}, {"span": "decor", "label": "aspect", "asoc": [["neutral", "waste"]]}]}
{"text": "Delicious food at a great price but do not go here on a cold day and sit by the front door .", "tokens": ["Delicious", "food", "at", "a", "great", "price", "but", "do", "not", "go", "here", "on", "a", "cold", "day", "and", "sit", "by", "the", "front", "door", "."], "record": "<extra_id_0> <extra_id_0> opinion <extra_id_5> Delicious <extra_id_1> <extra_id_0> aspect <extra_id_5> food <extra_id_0> positive <extra_id_5> Delicious <extra_id_1> <extra_id_1> <extra_id_0> opinion <extra_id_5> great <extra_id_1> <extra_id_0> aspect <extra_id_5> price <extra_id_0> positive <extra_id_5> great <extra_id_1> <extra_id_1> <extra_id_0> opinion <extra_id_5> cold <extra_id_1> <extra_id_0> aspect <extra_id_5> front door <extra_id_0> neutral <extra_id_5> cold <extra_id_1> <extra_id_1> <extra_id_1>", "entity": [{"type": "aspect", "offset": [1], "text": "food"}, {"type": "aspect", "offset": [5], "text": "price"}, {"type": "aspect", "offset": [19, 20], "text": "front door"}, {"type": "opinion", "offset": [0], "text": "Delicious"}, {"type": "opinion", "offset": [4], "text": "great"}, {"type": "opinion", "offset": [13], "text": "cold"}], "relation": [{"type": "positive", "args": [{"type": "aspect", "offset": [1], "text": "food"}, {"type": "opinion", "offset": [0], "text": "Delicious"}]}, {"type": "positive", "args": [{"type": "aspect", "offset": [5], "text": "price"}, {"type": "opinion", "offset": [4], "text": "great"}]}, {"type": "neutral", "args": [{"type": "aspect", "offset": [19, 20], "text": "front door"}, {"type": "opinion", "offset": [13], "text": "cold"}]}], "event": [], "spot": ["aspect", "opinion"], "asoc": ["positive", "neutral"], "spot_asoc": [{"span": "Delicious", "label": "opinion", "asoc": []}, {"span": "food", "label": "aspect", "asoc": [["positive", "Delicious"]]}, {"span": "great", "label": "opinion", "asoc": []}, {"span": "price", "label": "aspect", "asoc": [["positive", "great"]]}, {"span": "cold", "label": "opinion", "asoc": []}, {"span": "front door", "label": "aspect", "asoc": [["neutral", "cold"]]}]}
{"text": "I had a late dinner at Lucky Stike , a great name for a joint if ever I saw one .", "tokens": ["I", "had", "a", "late", "dinner", "at", "Lucky", "Stike", ",", "a", "great", "name", "for", "a", "joint", "if", "ever", "I", "saw", "one", "."], "record": "<extra_id_0> <extra_id_0> aspect <extra_id_5> dinner <extra_id_0> neutral <extra_id_5> great <extra_id_1> <extra_id_1> <extra_id_0> opinion <extra_id_5> great <extra_id_1> <extra_id_1>", "entity": [{"type": "aspect", "offset": [4], "text": "dinner"}, {"type": "opinion", "offset": [10], "text": "great"}], "relation": [{"type": "neutral", "args": [{"type": "aspect", "offset": [4], "text": "dinner"}, {"type": "opinion", "offset": [10], "text": "great"}]}], "event": [], "spot": ["aspect", "opinion"], "asoc": ["neutral"], "spot_asoc": [{"span": "dinner", "label": "aspect", "asoc": [["neutral", "great"]]}, {"span": "great", "label": "opinion", "asoc": []}]}
{"text": "Food was OK - fish was cooked well .", "tokens": ["Food", "was", "OK", "-", "fish", "was", "cooked", "well", "."], "record": "<extra_id_0> <extra_id_0> aspect <extra_id_5> Food <extra_id_0> neutral <extra_id_5> OK <extra_id_1> <extra_id_1> <extra_id_0> opinion <extra_id_5> OK <extra_id_1> <extra_id_0> aspect <extra_id_5> fish <extra_id_0> positive <extra_id_5> cooked well <extra_id_1> <extra_id_1> <extra_id_0> opinion <extra_id_5> cooked well <extra_id_1> <extra_id_1>", "entity": [{"type": "aspect", "offset": [0], "text": "Food"}, {"type": "aspect", "offset": [4], "text": "fish"}, {"type": "opinion", "offset": [2], "text": "OK"}, {"type": "opinion", "offset": [6, 7], "text": "cooked well"}], "relation": [{"type": "neutral", "args": [{"type": "aspect", "offset": [0], "text": "Food"}, {"type": "opinion", "offset": [2], "text": "OK"}]}, {"type": "positive", "args": [{"type": "aspect", "offset": [4], "text": "fish"}, {"type": "opinion", "offset": [6, 7], "text": "cooked well"}]}], "event": [], "spot": ["aspect", "opinion"], "asoc": ["positive", "neutral"], "spot_asoc": [{"span": "Food", "label": "aspect", "asoc": [["neutral", "OK"]]}, {"span": "OK", "label": "opinion", "asoc": []}, {"span": "fish", "label": "aspect", "asoc": [["positive", "cooked well"]]}, {"span": "cooked well", "label": "opinion", "asoc": []}]}
{"text": "What came to our table was burned beyond recognition and stringy .", "tokens": ["What", "came", "to", "our", "table", "was", "burned", "beyond", "recognition", "and", "stringy", "."], "record": "<extra_id_0> <extra_id_0> aspect <extra_id_5> table <extra_id_0> neutral <extra_id_5> burned <extra_id_1> <extra_id_1> <extra_id_0> opinion <extra_id_5> burned <extra_id_1> <extra_id_1>", "entity": [{"type": "aspect", "offset": [4], "text": "table"}, {"type": "opinion", "offset": [6], "text": "burned"}], "relation": [{"type": "neutral", "args": [{"type": "aspect", "offset": [4], "text": "table"}, {"type": "opinion", "offset": [6], "text": "burned"}]}], "event": [], "spot": ["aspect", "opinion"], "asoc": ["neutral"], "spot_asoc": [{"span": "table", "label": "aspect", "asoc": [["neutral", "burned"]]}, {"span": "burned", "label": "opinion", "asoc": []}]}
{"text": "IT is the best deal in town for a Monday night dinner at a fine restaurant .", "tokens": ["IT", "is", "the", "best", "deal", "in", "town", "for", "a", "Monday", "night", "dinner", "at", "a", "fine", "restaurant", "."], "record": "<extra_id_0> <extra_id_0> opinion <extra_id_5> best <extra_id_1> <extra_id_0> aspect <extra_id_5> dinner <extra_id_0> positive <extra_id_5> best <extra_id_1> <extra_id_1> <extra_id_1>", "entity": [{"type": "aspect", "offset": [11], "text": "dinner"}, {"type": "opinion", "offset": [3], "text": "best"}], "relation": [{"type": "positive", "args": [{"type": "aspect", "offset": [11], "text": "dinner"}, {"type": "opinion", "offset": [3], "text": "best"}]}], "event": [], "spot": ["aspect", "opinion"], "asoc": ["positive"], "spot_asoc": [{"span": "best", "label": "opinion", "asoc": []}, {"span": "dinner", "label": "aspect", "asoc": [["positive", "best"]]}]}
{"text": "Interesting other dishes for a change include chicken in curry sauce and salmon caserole .", "tokens": ["Interesting", "other", "dishes", "for", "a", "change", "include", "chicken", "in", "curry", "sauce", "and", "salmon", "caserole", "."], "record": "<extra_id_0> <extra_id_0> opinion <extra_id_5> Interesting <extra_id_1> <extra_id_0> aspect <extra_id_5> dishes <extra_id_0> positive <extra_id_5> Interesting <extra_id_1> <extra_id_1> <extra_id_0> aspect <extra_id_5> salmon caserole <extra_id_0> positive <extra_id_5> Interesting <extra_id_1> <extra_id_1> <extra_id_1>", "entity": [{"type": "aspect", "offset": [2], "text": "dishes"}, {"type": "aspect", "offset": [12, 13], "text": "salmon caserole"}, {"type": "opinion", "offset": [0], "text": "Interesting"}], "relation": [{"type": "positive", "args": [{"type": "aspect", "offset": [2], "text": "dishes"}, {"type": "opinion", "offset": [0], "text": "Interesting"}]}, {"type": "positive", "args": [{"type": "aspect", "offset": [12, 13], "text": "salmon caserole"}, {"type": "opinion", "offset": [0], "text": "Interesting"}]}], "event": [], "spot": ["aspect", "opinion"], "asoc": ["positive"], "spot_asoc": [{"span": "Interesting", "label": "opinion", "asoc": []}, {"span": "dishes", "label": "aspect", "asoc": [["positive", "Interesting"]]}, {"span": "salmon caserole", "label": "aspect", "asoc": [["positive", "Interesting"]]}]}
{"text": "The food is consistently wonderful - I 've been coming here for years , and the owner has always been accomodating and friendly .", "tokens": ["The", "food", "is", "consistently", "wonderful", "-", "I", "'ve", "been", "coming", "here", "for", "years", ",", "and", "the", "owner", "has", "always", "been", "accomodating", "and", "friendly", "."], "record": "<extra_id_0> <extra_id_0> aspect <extra_id_5> food <extra_id_0> positive <extra_id_5> wonderful <extra_id_1> <extra_id_1> <extra_id_0> opinion <extra_id_5> wonderful <extra_id_1> <extra_id_0> aspect <extra_id_5> owner <extra_id_0> positive <extra_id_5> accomodating <extra_id_1> <extra_id_0> positive <extra_id_5> friendly <extra_id_1> <extra_id_1> <extra_id_0> opinion <extra_id_5> accomodating <extra_id_1> <extra_id_0> opinion <extra_id_5> friendly <extra_id_1> <extra_id_1>", "entity": [{"type": "aspect", "offset": [1], "text": "food"}, {"type": "aspect", "offset": [16], "text": "owner"}, {"type": "opinion", "offset": [4], "text": "wonderful"}, {"type": "opinion", "offset": [20], "text": "accomodating"}, {"type": "opinion", "offset": [22], "text": "friendly"}], "relation": [{"type": "positive", "args": [{"type": "aspect", "offset": [1], "text": "food"}, {"type": "opinion", "offset": [4], "text": "wonderful"}]}, {"type": "positive", "args": [{"type": "aspect", "offset": [16], "text": "owner"}, {"type": "opinion", "offset": [20], "text": "accomodating"}]}, {"type": "positive", "args": [{"type": "aspect", "offset": [16], "text": "owner"}, {"type": "opinion", "offset": [22], "text": "friendly"}]}], "event": [], "spot": ["aspect", "opinion"], "asoc": ["positive"], "spot_asoc": [{"span": "food", "label": "aspect", "asoc": [["positive", "wonderful"]]}, {"span": "wonderful", "label": "opinion", "asoc": []}, {"span": "owner", "label": "aspect", "asoc": [["positive", "accomodating"], ["positive", "friendly"]]}, {"span": "accomodating", "label": "opinion", "asoc": []}, {"span": "friendly", "label": "opinion", "asoc": []}]}
{"text": "This is an amazing place to try some roti rolls .", "tokens": ["This", "is", "an", "amazing", "place", "to", "try", "some", "roti", "rolls", "."], "record": "<extra_id_0> <extra_id_0> opinion <extra_id_5> try <extra_id_1> <extra_id_0> aspect <extra_id_5> roti rolls <extra_id_0> positive <extra_id_5> try <extra_id_1> <extra_id_1> <extra_id_1>", "entity": [{"type": "aspect", "offset": [8, 9], "text": "roti rolls"}, {"type": "opinion", "offset": [6], "text": "try"}], "relation": [{"type": "positive", "args": [{"type": "aspect", "offset": [8, 9], "text": "roti rolls"}, {"type": "opinion", "offset": [6], "text": "try"}]}], "event": [], "spot": ["aspect", "opinion"], "asoc": ["positive"], "spot_asoc": [{"span": "try", "label": "opinion", "asoc": []}, {"span": "roti rolls", "label": "aspect", "asoc": [["positive", "try"]]}]}
{"text": "I 've never had bad service and the fish is fresh and delicious .", "tokens": ["I", "'ve", "never", "had", "bad", "service", "and", "the", "fish", "is", "fresh", "and", "delicious", "."], "record": "<extra_id_0> <extra_id_0> opinion <extra_id_5> never had bad <extra_id_1> <extra_id_0> aspect <extra_id_5> service <extra_id_0> positive <extra_id_5> never had bad <extra_id_1> <extra_id_1> <extra_id_0> aspect <extra_id_5> fish <extra_id_0> positive <extra_id_5> fresh <extra_id_1> <extra_id_0> positive <extra_id_5> delicious <extra_id_1> <extra_id_1> <extra_id_0> opinion <extra_id_5> fresh <extra_id_1> <extra_id_0> opinion <extra_id_5> delicious <extra_id_1> <extra_id_1>", "entity": [{"type": "aspect", "offset": [5], "text": "service"}, {"type": "aspect", "offset": [8], "text": "fish"}, {"type": "opinion", "offset": [2, 3, 4], "text": "never had bad"}, {"type": "opinion", "offset": [10], "text": "fresh"}, {"type": "opinion", "offset": [12], "text": "delicious"}], "relation": [{"type": "positive", "args": [{"type": "aspect", "offset": [5], "text": "service"}, {"type": "opinion", "offset": [2, 3, 4], "text": "never had bad"}]}, {"type": "positive", "args": [{"type": "aspect", "offset": [8], "text": "fish"}, {"type": "opinion", "offset": [10], "text": "fresh"}]}, {"type": "positive", "args": [{"type": "aspect", "offset": [8], "text": "fish"}, {"type": "opinion", "offset": [12], "text": "delicious"}]}], "event": [], "spot": ["aspect", "opinion"], "asoc": ["positive"], "spot_asoc": [{"span": "never had bad", "label": "opinion", "asoc": []}, {"span": "service", "label": "aspect", "asoc": [["positive", "never had bad"]]}, {"span": "fish", "label": "aspect", "asoc": [["positive", "fresh"], ["positive", "delicious"]]}, {"span": "fresh", "label": "opinion", "asoc": []}, {"span": "delicious", "label": "opinion", "asoc": []}]}
{"text": "If you want good authentic Thai this place is not the place to go .", "tokens": ["If", "you", "want", "good", "authentic", "Thai", "this", "place", "is", "not", "the", "place", "to", "go", "."], "record": "<extra_id_0> <extra_id_0> opinion <extra_id_5> good authentic <extra_id_1> <extra_id_0> aspect <extra_id_5> Thai <extra_id_0> negative <extra_id_5> good authentic <extra_id_1> <extra_id_1> <extra_id_1>", "entity": [{"type": "aspect", "offset": [5], "text": "Thai"}, {"type": "opinion", "offset": [3, 4], "text": "good authentic"}], "relation": [{"type": "negative", "args": [{"type": "aspect", "offset": [5], "text": "Thai"}, {"type": "opinion", "offset": [3, 4], "text": "good authentic"}]}], "event": [], "spot": ["aspect", "opinion"], "asoc": ["negative"], "spot_asoc": [{"span": "good authentic", "label": "opinion", "asoc": []}, {"span": "Thai", "label": "aspect", "asoc": [["negative", "good authentic"]]}]}
{"text": "While the food was good ( certainly no Il Mulino ) the service was horrendous .", "tokens": ["While", "the", "food", "was", "good", "(", "certainly", "no", "Il", "Mulino", ")", "the", "service", "was", "horrendous", "."], "record": "<extra_id_0> <extra_id_0> aspect <extra_id_5> food <extra_id_0> positive <extra_id_5> good <extra_id_1> <extra_id_1> <extra_id_0> opinion <extra_id_5> good <extra_id_1> <extra_id_0> aspect <extra_id_5> service <extra_id_0> negative <extra_id_5> horrendous <extra_id_1> <extra_id_1> <extra_id_0> opinion <extra_id_5> horrendous <extra_id_1> <extra_id_1>", "entity": [{"type": "aspect", "offset": [2], "text": "food"}, {"type": "aspect", "offset": [12], "text": "service"}, {"type": "opinion", "offset": [4], "text": "good"}, {"type": "opinion", "offset": [14], "text": "horrendous"}], "relation": [{"type": "positive", "args": [{"type": "aspect", "offset": [2], "text": "food"}, {"type": "opinion", "offset": [4], "text": "good"}]}, {"type": "negative", "args": [{"type": "aspect", "offset": [12], "text": "service"}, {"type": "opinion", "offset": [14], "text": "horrendous"}]}], "event": [], "spot": ["aspect", "opinion"], "asoc": ["positive", "negative"], "spot_asoc": [{"span": "food", "label": "aspect", "asoc": [["positive", "good"]]}, {"span": "good", "label": "opinion", "asoc": []}, {"span": "service", "label": "aspect", "asoc": [["negative", "horrendous"]]}, {"span": "horrendous", "label": "opinion", "asoc": []}]}
{"text": "The food was boring and expensive .", "tokens": ["The", "food", "was", "boring", "and", "expensive", "."], "record": "<extra_id_0> <extra_id_0> aspect <extra_id_5> food <extra_id_0> negative <extra_id_5> boring <extra_id_1> <extra_id_0> negative <extra_id_5> expensive <extra_id_1> <extra_id_1> <extra_id_0> opinion <extra_id_5> boring <extra_id_1> <extra_id_0> opinion <extra_id_5> expensive <extra_id_1> <extra_id_1>", "entity": [{"type": "aspect", "offset": [1], "text": "food"}, {"type": "opinion", "offset": [3], "text": "boring"}, {"type": "opinion", "offset": [5], "text": "expensive"}], "relation": [{"type": "negative", "args": [{"type": "aspect", "offset": [1], "text": "food"}, {"type": "opinion", "offset": [3], "text": "boring"}]}, {"type": "negative", "args": [{"type": "aspect", "offset": [1], "text": "food"}, {"type": "opinion", "offset": [5], "text": "expensive"}]}], "event": [], "spot": ["aspect", "opinion"], "asoc": ["negative"], "spot_asoc": [{"span": "food", "label": "aspect", "asoc": [["negative", "boring"], ["negative", "expensive"]]}, {"span": "boring", "label": "opinion", "asoc": []}, {"span": "expensive", "label": "opinion", "asoc": []}]}
{"text": "Though you will undoubtedly be seated at a table with what seems like barely enough room ( no matter what the size of your party ) , the warm atomosphere is worth the cramped quarters- you 'll have fun and forgot about the tight spot you 're in .", "tokens": ["Though", "you", "will", "undoubtedly", "be", "seated", "at", "a", "table", "with", "what", "seems", "like", "barely", "enough", "room", "(", "no", "matter", "what", "the", "size", "of", "your", "party", ")", ",", "the", "warm", "atomosphere", "is", "worth", "the", "cramped", "quarters-", "you", "'ll", "have", "fun", "and", "forgot", "about", "the", "tight", "spot", "you", "'re", "in", "."], "record": "<extra_id_0> <extra_id_0> aspect <extra_id_5> table <extra_id_0> negative <extra_id_5> enough <extra_id_1> <extra_id_1> <extra_id_0> opinion <extra_id_5> enough <extra_id_1> <extra_id_0> aspect <extra_id_5> room <extra_id_0> negative <extra_id_5> enough <extra_id_1> <extra_id_1> <extra_id_0> opinion <extra_id_5> warm <extra_id_1> <extra_id_0> aspect <extra_id_5> atomosphere <extra_id_0> positive <extra_id_5> warm <extra_id_1> <extra_id_1> <extra_id_0> opinion <extra_id_5> tight <extra_id_1> <extra_id_0> aspect <extra_id_5> spot <extra_id_0> negative <extra_id_5> tight <extra_id_1> <extra_id_1> <extra_id_1>", "entity": [{"type": "aspect", "offset": [8], "text": "table"}, {"type": "aspect", "offset": [29], "text": "atomosphere"}, {"type": "aspect", "offset": [15], "text": "room"}, {"type": "aspect", "offset": [44], "text": "spot"}, {"type": "opinion", "offset": [14], "text": "enough"}, {"type": "opinion", "offset": [28], "text": "warm"}, {"type": "opinion", "offset": [43], "text": "tight"}], "relation": [{"type": "negative", "args": [{"type": "aspect", "offset": [8], "text": "table"}, {"type": "opinion", "offset": [14], "text": "enough"}]}, {"type": "positive", "args": [{"type": "aspect", "offset": [29], "text": "atomosphere"}, {"type": "opinion", "offset": [28], "text": "warm"}]}, {"type": "negative", "args": [{"type": "aspect", "offset": [15], "text": "room"}, {"type": "opinion", "offset": [14], "text": "enough"}]}, {"type": "negative", "args": [{"type": "aspect", "offset": [44], "text": "spot"}, {"type": "opinion", "offset": [43], "text": "tight"}]}], "event": [], "spot": ["aspect", "opinion"], "asoc": ["positive", "negative"], "spot_asoc": [{"span": "table", "label": "aspect", "asoc": [["negative", "enough"]]}, {"span": "enough", "label": "opinion", "asoc": []}, {"span": "room", "label": "aspect", "asoc": [["negative", "enough"]]}, {"span": "warm", "label": "opinion", "asoc": []}, {"span": "atomosphere", "label": "aspect", "asoc": [["positive", "warm"]]}, {"span": "tight", "label": "opinion", "asoc": []}, {"span": "spot", "label": "aspect", "asoc": [["negative", "tight"]]}]}
{"text": "If I could rate the people this place would be off the charts - unfortunately - the pizza , sorry - not the best in NYC .", "tokens": ["If", "I", "could", "rate", "the", "people", "this", "place", "would", "be", "off", "the", "charts", "-", "unfortunately", "-", "the", "pizza", ",", "sorry", "-", "not", "the", "best", "in", "NYC", "."], "record": "<extra_id_0> <extra_id_0> aspect <extra_id_5> people <extra_id_0> positive <extra_id_5> best <extra_id_1> <extra_id_1> <extra_id_0> aspect <extra_id_5> pizza <extra_id_0> negative <extra_id_5> best <extra_id_1> <extra_id_1> <extra_id_0> opinion <extra_id_5> best <extra_id_1> <extra_id_1>", "entity": [{"type": "aspect", "offset": [5], "text": "people"}, {"type": "aspect", "offset": [17], "text": "pizza"}, {"type": "opinion", "offset": [23], "text": "best"}], "relation": [{"type": "positive", "args": [{"type": "aspect", "offset": [5], "text": "people"}, {"type": "opinion", "offset": [23], "text": "best"}]}, {"type": "negative", "args": [{"type": "aspect", "offset": [17], "text": "pizza"}, {"type": "opinion", "offset": [23], "text": "best"}]}], "event": [], "spot": ["aspect", "opinion"], "asoc": ["positive", "negative"], "spot_asoc": [{"span": "people", "label": "aspect", "asoc": [["positive", "best"]]}, {"span": "pizza", "label": "aspect", "asoc": [["negative", "best"]]}, {"span": "best", "label": "opinion", "asoc": []}]}
