{"text": "Yes , a Mac is much more money than the average laptop out there , but there is no comparison in style , speed and just cool factor .", "tokens": ["Yes", ",", "a", "Mac", "is", "much", "more", "money", "than", "the", "average", "laptop", "out", "there", ",", "but", "there", "is", "no", "comparison", "in", "style", ",", "speed", "and", "just", "cool", "factor", "."], "record": "<extra_id_0> <extra_id_0> opinion <extra_id_5> no comparison <extra_id_1> <extra_id_0> aspect <extra_id_5> style <extra_id_0> positive <extra_id_5> no comparison <extra_id_1> <extra_id_1> <extra_id_0> aspect <extra_id_5> speed <extra_id_0> positive <extra_id_5> no comparison <extra_id_1> <extra_id_1> <extra_id_1>", "entity": [{"type": "aspect", "offset": [21], "text": "style"}, {"type": "aspect", "offset": [23], "text": "speed"}, {"type": "opinion", "offset": [18, 19], "text": "no comparison"}], "relation": [{"type": "positive", "args": [{"type": "aspect", "offset": [21], "text": "style"}, {"type": "opinion", "offset": [18, 19], "text": "no comparison"}]}, {"type": "positive", "args": [{"type": "aspect", "offset": [23], "text": "speed"}, {"type": "opinion", "offset": [18, 19], "text": "no comparison"}]}], "event": [], "spot": ["aspect", "opinion"], "asoc": ["positive"], "spot_asoc": [{"span": "no comparison", "label": "opinion", "asoc": []}, {"span": "style", "label": "aspect", "asoc": [["positive", "no comparison"]]}, {"span": "speed", "label": "aspect", "asoc": [["positive", "no comparison"]]}]}
{"text": "I have been very pleased with the performance of this laptop .", "tokens": ["I", "have", "been", "very", "pleased", "with", "the", "performance", "of", "this", "laptop", "."], "record": "<extra_id_0> <extra_id_0> opinion <extra_id_5> pleased <extra_id_1> <extra_id_0> aspect <extra_id_5> performance <extra_id_0> positive <extra_id_5> pleased <extra_id_1> <extra_id_1> <extra_id_1>", "entity": [{"type": "aspect", "offset": [7], "text": "performance"}, {"type": "opinion", "offset": [4], "text": "pleased"}], "relation": [{"type": "positive", "args": [{"type": "aspect", "offset": [7], "text": "performance"}, {"type": "opinion", "offset": [4], "text": "pleased"}]}], "event": [], "spot": ["aspect", "opinion"], "asoc": ["positive"], "spot_asoc": [{"span": "pleased", "label": "opinion", "asoc": []}, {"span": "performance", "label": "aspect", "asoc": [["positive", "pleased"]]}]}
{"text": "The graphics on this computer are also stellar - very clear and vivid .", "tokens": ["The", "graphics", "on", "this", "computer", "are", "also", "stellar", "-", "very", "clear", "and", "vivid", "."], "record": "<extra_id_0> <extra_id_0> aspect <extra_id_5> graphics <extra_id_0> positive <extra_id_5> stellar <extra_id_1> <extra_id_0> positive <extra_id_5> clear <extra_id_1> <extra_id_0> positive <extra_id_5> vivid <extra_id_1> <extra_id_1> <extra_id_0> opinion <extra_id_5> stellar <extra_id_1> <extra_id_0> opinion <extra_id_5> clear <extra_id_1> <extra_id_0> opinion <extra_id_5> vivid <extra_id_1> <extra_id_1>", "entity": [{"type": "aspect", "offset": [1], "text": "graphics"}, {"type": "opinion", "offset": [7], "text": "stellar"}, {"type": "opinion", "offset": [10], "text": "clear"}, {"type": "opinion", "offset": [12], "text": "vivid"}], "relation": [{"type": "positive", "args": [{"type": "aspect", "offset": [1], "text": "graphics"}, {"type": "opinion", "offset": [7], "text": "stellar"}]}, {"type": "positive", "args": [{"type": "aspect", "offset": [1], "text": "graphics"}, {"type": "opinion", "offset": [10], "text": "clear"}]}, {"type": "positive", "args": [{"type": "aspect", "offset": [1], "text": "graphics"}, {"type": "opinion", "offset": [12], "text": "vivid"}]}], "event": [], "spot": ["aspect", "opinion"], "asoc": ["positive"], "spot_asoc": [{"span": "graphics", "label": "aspect", "asoc": [["positive", "stellar"], ["positive", "clear"], ["positive", "vivid"]]}, {"span": "stellar", "label": "opinion", "asoc": []}, {"span": "clear", "label": "opinion", "asoc": []}, {"span": "vivid", "label": "opinion", "asoc": []}]}
{"text": "Registration/1st use is easy .", "tokens": ["Registration/1st", "use", "is", "easy", "."], "record": "<extra_id_0> <extra_id_0> aspect <extra_id_5> use <extra_id_0> positive <extra_id_5> easy <extra_id_1> <extra_id_1> <extra_id_0> opinion <extra_id_5> easy <extra_id_1> <extra_id_1>", "entity": [{"type": "aspect", "offset": [1], "text": "use"}, {"type": "opinion", "offset": [3], "text": "easy"}], "relation": [{"type": "positive", "args": [{"type": "aspect", "offset": [1], "text": "use"}, {"type": "opinion", "offset": [3], "text": "easy"}]}], "event": [], "spot": ["aspect", "opinion"], "asoc": ["positive"], "spot_asoc": [{"span": "use", "label": "aspect", "asoc": [["positive", "easy"]]}, {"span": "easy", "label": "opinion", "asoc": []}]}
{"text": "I love the glass touchpad .", "tokens": ["I", "love", "the", "glass", "touchpad", "."], "record": "<extra_id_0> <extra_id_0> opinion <extra_id_5> love <extra_id_1> <extra_id_0> aspect <extra_id_5> glass touchpad <extra_id_0> positive <extra_id_5> love <extra_id_1> <extra_id_1> <extra_id_1>", "entity": [{"type": "aspect", "offset": [3, 4], "text": "glass touchpad"}, {"type": "opinion", "offset": [1], "text": "love"}], "relation": [{"type": "positive", "args": [{"type": "aspect", "offset": [3, 4], "text": "glass touchpad"}, {"type": "opinion", "offset": [1], "text": "love"}]}], "event": [], "spot": ["aspect", "opinion"], "asoc": ["positive"], "spot_asoc": [{"span": "love", "label": "opinion", "asoc": []}, {"span": "glass touchpad", "label": "aspect", "asoc": [["positive", "love"]]}]}
{"text": "After replacing the hard drive the battery stopped working ( 3 months of use ) which was frustrating .", "tokens": ["After", "replacing", "the", "hard", "drive", "the", "battery", "stopped", "working", "(", "3", "months", "of", "use", ")", "which", "was", "frustrating", "."], "record": "<extra_id_0> <extra_id_0> opinion <extra_id_5> replacing <extra_id_1> <extra_id_0> aspect <extra_id_5> hard drive <extra_id_0> neutral <extra_id_5> replacing <extra_id_1> <extra_id_1> <extra_id_0> aspect <extra_id_5> battery <extra_id_0> negative <extra_id_5> stopped working <extra_id_1> <extra_id_1> <extra_id_0> opinion <extra_id_5> stopped working <extra_id_1> <extra_id_1>", "entity": [{"type": "aspect", "offset": [3, 4], "text": "hard drive"}, {"type": "aspect", "offset": [6], "text": "battery"}, {"type": "opinion", "offset": [1], "text": "replacing"}, {"type": "opinion", "offset": [7, 8], "text": "stopped working"}], "relation": [{"type": "neutral", "args": [{"type": "aspect", "offset": [3, 4], "text": "hard drive"}, {"type": "opinion", "offset": [1], "text": "replacing"}]}, {"type": "negative", "args": [{"type": "aspect", "offset": [6], "text": "battery"}, {"type": "opinion", "offset": [7, 8], "text": "stopped working"}]}], "event": [], "spot": ["aspect", "opinion"], "asoc": ["negative", "neutral"], "spot_asoc": [{"span": "replacing", "label": "opinion", "asoc": []}, {"span": "hard drive", "label": "aspect", "asoc": [["neutral", "replacing"]]}, {"span": "battery", "label": "aspect", "asoc": [["negative", "stopped working"]]}, {"span": "stopped working", "label": "opinion", "asoc": []}]}
{"text": "Until I bought the Dell , I thought you just looked for what you wanted ( size , software , options , hardware ) and purchase the best deal you could find .", "tokens": ["Until", "I", "bought", "the", "Dell", ",", "I", "thought", "you", "just", "looked", "for", "what", "you", "wanted", "(", "size", ",", "software", ",", "options", ",", "hardware", ")", "and", "purchase", "the", "best", "deal", "you", "could", "find", "."], "record": "<extra_id_0> <extra_id_0> aspect <extra_id_5> hardware <extra_id_0> neutral <extra_id_5> best <extra_id_1> <extra_id_1> <extra_id_0> opinion <extra_id_5> best <extra_id_1> <extra_id_1>", "entity": [{"type": "aspect", "offset": [22], "text": "hardware"}, {"type": "opinion", "offset": [27], "text": "best"}], "relation": [{"type": "neutral", "args": [{"type": "aspect", "offset": [22], "text": "hardware"}, {"type": "opinion", "offset": [27], "text": "best"}]}], "event": [], "spot": ["aspect", "opinion"], "asoc": ["neutral"], "spot_asoc": [{"span": "hardware", "label": "aspect", "asoc": [["neutral", "best"]]}, {"span": "best", "label": "opinion", "asoc": []}]}
{"text": "Apparently under the screen there are 2 little screws and when the screen gets moved back and forth , they come loose .", "tokens": ["Apparently", "under", "the", "screen", "there", "are", "2", "little", "screws", "and", "when", "the", "screen", "gets", "moved", "back", "and", "forth", ",", "they", "come", "loose", "."], "record": "<extra_id_0> <extra_id_0> aspect <extra_id_5> screen <extra_id_0> neutral <extra_id_5> loose <extra_id_1> <extra_id_1> <extra_id_0> opinion <extra_id_5> loose <extra_id_1> <extra_id_1>", "entity": [{"type": "aspect", "offset": [3], "text": "screen"}, {"type": "opinion", "offset": [21], "text": "loose"}], "relation": [{"type": "neutral", "args": [{"type": "aspect", "offset": [3], "text": "screen"}, {"type": "opinion", "offset": [21], "text": "loose"}]}], "event": [], "spot": ["aspect", "opinion"], "asoc": ["neutral"], "spot_asoc": [{"span": "screen", "label": "aspect", "asoc": [["neutral", "loose"]]}, {"span": "loose", "label": "opinion", "asoc": []}]}
{"text": "It is much faster than my desktop which is a Core2 Quad running at 2.83 GHz .", "tokens": ["It", "is", "much", "faster", "than", "my", "desktop", "which", "is", "a", "Core2", "Quad", "running", "at", "2.83", "GHz", "."], "record": "<extra_id_0> <extra_id_0> opinion <extra_id_5> faster <extra_id_1> <extra_id_0> aspect <extra_id_5> Core2 Quad <extra_id_0> neutral <extra_id_5> faster <extra_id_1> <extra_id_1> <extra_id_1>", "entity": [{"type": "aspect", "offset": [10, 11], "text": "Core2 Quad"}, {"type": "opinion", "offset": [3], "text": "faster"}], "relation": [{"type": "neutral", "args": [{"type": "aspect", "offset": [10, 11], "text": "Core2 Quad"}, {"type": "opinion", "offset": [3], "text": "faster"}]}], "event": [], "spot": ["aspect", "opinion"], "asoc": ["neutral"], "spot_asoc": [{"span": "faster", "label": "opinion", "asoc": []}, {"span": "Core2 Quad", "label": "aspect", "asoc": [["neutral", "faster"]]}]}
{"text": "Even doing so , the hinge may just be slightly tightened only .", "tokens": ["Even", "doing", "so", ",", "the", "hinge", "may", "just", "be", "slightly", "tightened", "only", "."], "record": "<extra_id_0> <extra_id_0> aspect <extra_id_5> hinge <extra_id_0> neutral <extra_id_5> tightened <extra_id_1> <extra_id_1> <extra_id_0> opinion <extra_id_5> tightened <extra_id_1> <extra_id_1>", "entity": [{"type": "aspect", "offset": [5], "text": "hinge"}, {"type": "opinion", "offset": [10], "text": "tightened"}], "relation": [{"type": "neutral", "args": [{"type": "aspect", "offset": [5], "text": "hinge"}, {"type": "opinion", "offset": [10], "text": "tightened"}]}], "event": [], "spot": ["aspect", "opinion"], "asoc": ["neutral"], "spot_asoc": [{"span": "hinge", "label": "aspect", "asoc": [["neutral", "tightened"]]}, {"span": "tightened", "label": "opinion", "asoc": []}]}
{"text": "The Computer itself is a good product but the repair depot stinks .", "tokens": ["The", "Computer", "itself", "is", "a", "good", "product", "but", "the", "repair", "depot", "stinks", "."], "record": "<extra_id_0> <extra_id_0> aspect <extra_id_5> repair depot <extra_id_0> negative <extra_id_5> stinks <extra_id_1> <extra_id_1> <extra_id_0> opinion <extra_id_5> stinks <extra_id_1> <extra_id_1>", "entity": [{"type": "aspect", "offset": [9, 10], "text": "repair depot"}, {"type": "opinion", "offset": [11], "text": "stinks"}], "relation": [{"type": "negative", "args": [{"type": "aspect", "offset": [9, 10], "text": "repair depot"}, {"type": "opinion", "offset": [11], "text": "stinks"}]}], "event": [], "spot": ["aspect", "opinion"], "asoc": ["negative"], "spot_asoc": [{"span": "repair depot", "label": "aspect", "asoc": [["negative", "stinks"]]}, {"span": "stinks", "label": "opinion", "asoc": []}]}
{"text": "The AC power port becomes loose over time", "tokens": ["The", "AC", "power", "port", "becomes", "loose", "over", "time"], "record": "<extra_id_0> <extra_id_0> aspect <extra_id_5> AC power port <extra_id_0> negative <extra_id_5> loose <extra_id_1> <extra_id_1> <extra_id_0> opinion <extra_id_5> loose <extra_id_1> <extra_id_1>", "entity": [{"type": "aspect", "offset": [1, 2, 3], "text": "AC power port"}, {"type": "opinion", "offset": [5], "text": "loose"}], "relation": [{"type": "negative", "args": [{"type": "aspect", "offset": [1, 2, 3], "text": "AC power port"}, {"type": "opinion", "offset": [5], "text": "loose"}]}], "event": [], "spot": ["aspect", "opinion"], "asoc": ["negative"], "spot_asoc": [{"span": "AC power port", "label": "aspect", "asoc": [["negative", "loose"]]}, {"span": "loose", "label": "opinion", "asoc": []}]}
{"text": "Maximum sound is n't nearly as loud as it should be .", "tokens": ["Maximum", "sound", "is", "n't", "nearly", "as", "loud", "as", "it", "should", "be", "."], "record": "<extra_id_0> <extra_id_0> aspect <extra_id_5> Maximum sound <extra_id_0> negative <extra_id_5> is n't nearly as loud <extra_id_1> <extra_id_1> <extra_id_0> opinion <extra_id_5> is n't nearly as loud <extra_id_1> <extra_id_1>", "entity": [{"type": "aspect", "offset": [0, 1], "text": "Maximum sound"}, {"type": "opinion", "offset": [2, 3, 4, 5, 6], "text": "is n't nearly as loud"}], "relation": [{"type": "negative", "args": [{"type": "aspect", "offset": [0, 1], "text": "Maximum sound"}, {"type": "opinion", "offset": [2, 3, 4, 5, 6], "text": "is n't nearly as loud"}]}], "event": [], "spot": ["aspect", "opinion"], "asoc": ["negative"], "spot_asoc": [{"span": "Maximum sound", "label": "aspect", "asoc": [["negative", "is n't nearly as loud"]]}, {"span": "is n't nearly as loud", "label": "opinion", "asoc": []}]}
{"text": "sometimes you will be moving your finger and the pointer will not even move .", "tokens": ["sometimes", "you", "will", "be", "moving", "your", "finger", "and", "the", "pointer", "will", "not", "even", "move", "."], "record": "<extra_id_0> <extra_id_0> aspect <extra_id_5> pointer <extra_id_0> negative <extra_id_5> not even move <extra_id_1> <extra_id_1> <extra_id_0> opinion <extra_id_5> not even move <extra_id_1> <extra_id_1>", "entity": [{"type": "aspect", "offset": [9], "text": "pointer"}, {"type": "opinion", "offset": [11, 12, 13], "text": "not even move"}], "relation": [{"type": "negative", "args": [{"type": "aspect", "offset": [9], "text": "pointer"}, {"type": "opinion", "offset": [11, 12, 13], "text": "not even move"}]}], "event": [], "spot": ["aspect", "opinion"], "asoc": ["negative"], "spot_asoc": [{"span": "pointer", "label": "aspect", "asoc": [["negative", "not even move"]]}, {"span": "not even move", "label": "opinion", "asoc": []}]}
{"text": "Size : I know 13 is small ( especially for a desktop replacement ) but with an external monitor , who cares .", "tokens": ["Size", ":", "I", "know", "13", "is", "small", "(", "especially", "for", "a", "desktop", "replacement", ")", "but", "with", "an", "external", "monitor", ",", "who", "cares", "."], "record": "<extra_id_0> <extra_id_0> aspect <extra_id_5> Size <extra_id_0> negative <extra_id_5> small <extra_id_1> <extra_id_1> <extra_id_0> opinion <extra_id_5> small <extra_id_1> <extra_id_0> aspect <extra_id_5> external monitor <extra_id_0> neutral <extra_id_5> small <extra_id_1> <extra_id_1> <extra_id_1>", "entity": [{"type": "aspect", "offset": [0], "text": "Size"}, {"type": "aspect", "offset": [17, 18], "text": "external monitor"}, {"type": "opinion", "offset": [6], "text": "small"}], "relation": [{"type": "negative", "args": [{"type": "aspect", "offset": [0], "text": "Size"}, {"type": "opinion", "offset": [6], "text": "small"}]}, {"type": "neutral", "args": [{"type": "aspect", "offset": [17, 18], "text": "external monitor"}, {"type": "opinion", "offset": [6], "text": "small"}]}], "event": [], "spot": ["aspect", "opinion"], "asoc": ["neutral", "negative"], "spot_asoc": [{"span": "Size", "label": "aspect", "asoc": [["negative", "small"]]}, {"span": "small", "label": "opinion", "asoc": []}, {"span": "external monitor", "label": "aspect", "asoc": [["neutral", "small"]]}]}
