{"text": "The palak paneer was standard , and I was not a fan of the malai kofta .", "tokens": ["The", "palak", "paneer", "was", "standard", ",", "and", "I", "was", "not", "a", "fan", "of", "the", "malai", "kofta", "."], "record": "<extra_id_0> <extra_id_0> aspect <extra_id_5> palak paneer <extra_id_0> neutral <extra_id_5> standard <extra_id_1> <extra_id_1> <extra_id_0> opinion <extra_id_5> standard <extra_id_1> <extra_id_1>", "entity": [{"type": "aspect", "offset": [1, 2], "text": "palak paneer"}, {"type": "opinion", "offset": [4], "text": "standard"}], "relation": [{"type": "neutral", "args": [{"type": "aspect", "offset": [1, 2], "text": "palak paneer"}, {"type": "opinion", "offset": [4], "text": "standard"}]}], "event": [], "spot": ["aspect", "opinion"], "asoc": ["neutral"], "spot_asoc": [{"span": "palak paneer", "label": "aspect", "asoc": [["neutral", "standard"]]}, {"span": "standard", "label": "opinion", "asoc": []}]}
{"text": "Threw my fiance 's surprise 30th birthday dinner here could n't be happier .", "tokens": ["Threw", "my", "fiance", "'s", "surprise", "30th", "birthday", "dinner", "here", "could", "n't", "be", "happier", "."], "record": "<extra_id_0> <extra_id_0> aspect <extra_id_5> dinner <extra_id_0> neutral <extra_id_5> could n't be happier <extra_id_1> <extra_id_1> <extra_id_0> opinion <extra_id_5> could n't be happier <extra_id_1> <extra_id_1>", "entity": [{"type": "aspect", "offset": [7], "text": "dinner"}, {"type": "opinion", "offset": [9, 10, 11, 12], "text": "could n't be happier"}], "relation": [{"type": "neutral", "args": [{"type": "aspect", "offset": [7], "text": "dinner"}, {"type": "opinion", "offset": [9, 10, 11, 12], "text": "could n't be happier"}]}], "event": [], "spot": ["aspect", "opinion"], "asoc": ["neutral"], "spot_asoc": [{"span": "dinner", "label": "aspect", "asoc": [["neutral", "could n't be happier"]]}, {"span": "could n't be happier", "label": "opinion", "asoc": []}]}
{"text": "We go on Mondays for the prix fixe and our experience with the food has been comparable to Blue Ribbon .", "tokens": ["We", "go", "on", "Mondays", "for", "the", "prix", "fixe", "and", "our", "experience", "with", "the", "food", "has", "been", "comparable", "to", "Blue", "Ribbon", "."], "record": "<extra_id_0> <extra_id_0> aspect <extra_id_5> food <extra_id_0> neutral <extra_id_5> comparable <extra_id_1> <extra_id_1> <extra_id_0> opinion <extra_id_5> comparable <extra_id_1> <extra_id_1>", "entity": [{"type": "aspect", "offset": [13], "text": "food"}, {"type": "opinion", "offset": [16], "text": "comparable"}], "relation": [{"type": "neutral", "args": [{"type": "aspect", "offset": [13], "text": "food"}, {"type": "opinion", "offset": [16], "text": "comparable"}]}], "event": [], "spot": ["aspect", "opinion"], "asoc": ["neutral"], "spot_asoc": [{"span": "food", "label": "aspect", "asoc": [["neutral", "comparable"]]}, {"span": "comparable", "label": "opinion", "asoc": []}]}
{"text": "After we got our sashimi order , I could not believe how small the portions were !", "tokens": ["After", "we", "got", "our", "sashimi", "order", ",", "I", "could", "not", "believe", "how", "small", "the", "portions", "were", "!"], "record": "<extra_id_0> <extra_id_0> aspect <extra_id_5> sashimi <extra_id_0> neutral <extra_id_5> small <extra_id_1> <extra_id_1> <extra_id_0> opinion <extra_id_5> small <extra_id_1> <extra_id_0> aspect <extra_id_5> portions <extra_id_0> negative <extra_id_5> small <extra_id_1> <extra_id_1> <extra_id_1>", "entity": [{"type": "aspect", "offset": [4], "text": "sashimi"}, {"type": "aspect", "offset": [14], "text": "portions"}, {"type": "opinion", "offset": [12], "text": "small"}], "relation": [{"type": "neutral", "args": [{"type": "aspect", "offset": [4], "text": "sashimi"}, {"type": "opinion", "offset": [12], "text": "small"}]}, {"type": "negative", "args": [{"type": "aspect", "offset": [14], "text": "portions"}, {"type": "opinion", "offset": [12], "text": "small"}]}], "event": [], "spot": ["aspect", "opinion"], "asoc": ["negative", "neutral"], "spot_asoc": [{"span": "sashimi", "label": "aspect", "asoc": [["neutral", "small"]]}, {"span": "small", "label": "opinion", "asoc": []}, {"span": "portions", "label": "aspect", "asoc": [["negative", "small"]]}]}
{"text": "Stick to dimsum , not super overpriced noodles .", "tokens": ["Stick", "to", "dimsum", ",", "not", "super", "overpriced", "noodles", "."], "record": "<extra_id_0> <extra_id_0> opinion <extra_id_5> not super overpriced <extra_id_1> <extra_id_0> aspect <extra_id_5> noodles <extra_id_0> neutral <extra_id_5> not super overpriced <extra_id_1> <extra_id_1> <extra_id_1>", "entity": [{"type": "aspect", "offset": [7], "text": "noodles"}, {"type": "opinion", "offset": [4, 5, 6], "text": "not super overpriced"}], "relation": [{"type": "neutral", "args": [{"type": "aspect", "offset": [7], "text": "noodles"}, {"type": "opinion", "offset": [4, 5, 6], "text": "not super overpriced"}]}], "event": [], "spot": ["aspect", "opinion"], "asoc": ["neutral"], "spot_asoc": [{"span": "not super overpriced", "label": "opinion", "asoc": []}, {"span": "noodles", "label": "aspect", "asoc": [["neutral", "not super overpriced"]]}]}
{"text": "We ate out in the back patio , which is worth it as it 's cool and the music is hear well there .", "tokens": ["We", "ate", "out", "in", "the", "back", "patio", ",", "which", "is", "worth", "it", "as", "it", "'s", "cool", "and", "the", "music", "is", "hear", "well", "there", "."], "record": "<extra_id_0> <extra_id_0> aspect <extra_id_5> back patio <extra_id_0> positive <extra_id_5> worth <extra_id_1> <extra_id_0> positive <extra_id_5> cool <extra_id_1> <extra_id_1> <extra_id_0> opinion <extra_id_5> worth <extra_id_1> <extra_id_0> opinion <extra_id_5> cool <extra_id_1> <extra_id_0> aspect <extra_id_5> music <extra_id_0> positive <extra_id_5> well <extra_id_1> <extra_id_1> <extra_id_0> opinion <extra_id_5> well <extra_id_1> <extra_id_1>", "entity": [{"type": "aspect", "offset": [5, 6], "text": "back patio"}, {"type": "aspect", "offset": [18], "text": "music"}, {"type": "opinion", "offset": [10], "text": "worth"}, {"type": "opinion", "offset": [15], "text": "cool"}, {"type": "opinion", "offset": [21], "text": "well"}], "relation": [{"type": "positive", "args": [{"type": "aspect", "offset": [5, 6], "text": "back patio"}, {"type": "opinion", "offset": [10], "text": "worth"}]}, {"type": "positive", "args": [{"type": "aspect", "offset": [5, 6], "text": "back patio"}, {"type": "opinion", "offset": [15], "text": "cool"}]}, {"type": "positive", "args": [{"type": "aspect", "offset": [18], "text": "music"}, {"type": "opinion", "offset": [21], "text": "well"}]}], "event": [], "spot": ["aspect", "opinion"], "asoc": ["positive"], "spot_asoc": [{"span": "back patio", "label": "aspect", "asoc": [["positive", "worth"], ["positive", "cool"]]}, {"span": "worth", "label": "opinion", "asoc": []}, {"span": "cool", "label": "opinion", "asoc": []}, {"span": "music", "label": "aspect", "asoc": [["positive", "well"]]}, {"span": "well", "label": "opinion", "asoc": []}]}
{"text": "delicious bagels , especially when right out of the oven .", "tokens": ["delicious", "bagels", ",", "especially", "when", "right", "out", "of", "the", "oven", "."], "record": "<extra_id_0> <extra_id_0> opinion <extra_id_5> delicious <extra_id_1> <extra_id_0> aspect <extra_id_5> bagels <extra_id_0> positive <extra_id_5> delicious <extra_id_1> <extra_id_1> <extra_id_1>", "entity": [{"type": "aspect", "offset": [1], "text": "bagels"}, {"type": "opinion", "offset": [0], "text": "delicious"}], "relation": [{"type": "positive", "args": [{"type": "aspect", "offset": [1], "text": "bagels"}, {"type": "opinion", "offset": [0], "text": "delicious"}]}], "event": [], "spot": ["aspect", "opinion"], "asoc": ["positive"], "spot_asoc": [{"span": "delicious", "label": "opinion", "asoc": []}, {"span": "bagels", "label": "aspect", "asoc": [["positive", "delicious"]]}]}
{"text": "I have had so many dinners here and it 's always been perfect - on a date with my husband , with my mom , with girlfriends and larger groups .", "tokens": ["I", "have", "had", "so", "many", "dinners", "here", "and", "it", "'s", "always", "been", "perfect", "-", "on", "a", "date", "with", "my", "husband", ",", "with", "my", "mom", ",", "with", "girlfriends", "and", "larger", "groups", "."], "record": "<extra_id_0> <extra_id_0> aspect <extra_id_5> dinners <extra_id_0> positive <extra_id_5> perfect <extra_id_1> <extra_id_1> <extra_id_0> opinion <extra_id_5> perfect <extra_id_1> <extra_id_1>", "entity": [{"type": "aspect", "offset": [5], "text": "dinners"}, {"type": "opinion", "offset": [12], "text": "perfect"}], "relation": [{"type": "positive", "args": [{"type": "aspect", "offset": [5], "text": "dinners"}, {"type": "opinion", "offset": [12], "text": "perfect"}]}], "event": [], "spot": ["aspect", "opinion"], "asoc": ["positive"], "spot_asoc": [{"span": "dinners", "label": "aspect", "asoc": [["positive", "perfect"]]}, {"span": "perfect", "label": "opinion", "asoc": []}]}
{"text": "The crust is thin , the ingredients are fresh and the staff is friendly .", "tokens": ["The", "crust", "is", "thin", ",", "the", "ingredients", "are", "fresh", "and", "the", "staff", "is", "friendly", "."], "record": "<extra_id_0> <extra_id_0> aspect <extra_id_5> crust <extra_id_0> positive <extra_id_5> thin <extra_id_1> <extra_id_1> <extra_id_0> opinion <extra_id_5> thin <extra_id_1> <extra_id_0> aspect <extra_id_5> ingredients <extra_id_0> positive <extra_id_5> fresh <extra_id_1> <extra_id_1> <extra_id_0> opinion <extra_id_5> fresh <extra_id_1> <extra_id_0> aspect <extra_id_5> staff <extra_id_0> positive <extra_id_5> friendly <extra_id_1> <extra_id_1> <extra_id_0> opinion <extra_id_5> friendly <extra_id_1> <extra_id_1>", "entity": [{"type": "aspect", "offset": [1], "text": "crust"}, {"type": "aspect", "offset": [11], "text": "staff"}, {"type": "aspect", "offset": [6], "text": "ingredients"}, {"type": "opinion", "offset": [3], "text": "thin"}, {"type": "opinion", "offset": [13], "text": "friendly"}, {"type": "opinion", "offset": [8], "text": "fresh"}], "relation": [{"type": "positive", "args": [{"type": "aspect", "offset": [1], "text": "crust"}, {"type": "opinion", "offset": [3], "text": "thin"}]}, {"type": "positive", "args": [{"type": "aspect", "offset": [11], "text": "staff"}, {"type": "opinion", "offset": [13], "text": "friendly"}]}, {"type": "positive", "args": [{"type": "aspect", "offset": [6], "text": "ingredients"}, {"type": "opinion", "offset": [8], "text": "fresh"}]}], "event": [], "spot": ["aspect", "opinion"], "asoc": ["positive"], "spot_asoc": [{"span": "crust", "label": "aspect", "asoc": [["positive", "thin"]]}, {"span": "thin", "label": "opinion", "asoc": []}, {"span": "ingredients", "label": "aspect", "asoc": [["positive", "fresh"]]}, {"span": "fresh", "label": "opinion", "asoc": []}, {"span": "staff", "label": "aspect", "asoc": [["positive", "friendly"]]}, {"span": "friendly", "label": "opinion", "asoc": []}]}
{"text": "For all of you new to Indian food , try the Paneer Roll , it is a piece of heaven .", "tokens": ["For", "all", "of", "you", "new", "to", "Indian", "food", ",", "try", "the", "Paneer", "Roll", ",", "it", "is", "a", "piece", "of", "heaven", "."], "record": "<extra_id_0> <extra_id_0> aspect <extra_id_5> Paneer Roll <extra_id_0> positive <extra_id_5> heaven <extra_id_1> <extra_id_1> <extra_id_0> opinion <extra_id_5> heaven <extra_id_1> <extra_id_1>", "entity": [{"type": "aspect", "offset": [11, 12], "text": "Paneer Roll"}, {"type": "opinion", "offset": [19], "text": "heaven"}], "relation": [{"type": "positive", "args": [{"type": "aspect", "offset": [11, 12], "text": "Paneer Roll"}, {"type": "opinion", "offset": [19], "text": "heaven"}]}], "event": [], "spot": ["aspect", "opinion"], "asoc": ["positive"], "spot_asoc": [{"span": "Paneer Roll", "label": "aspect", "asoc": [["positive", "heaven"]]}, {"span": "heaven", "label": "opinion", "asoc": []}]}
{"text": "I would recommend Roxy 's for that , but not for their food .", "tokens": ["I", "would", "recommend", "Roxy", "'s", "for", "that", ",", "but", "not", "for", "their", "food", "."], "record": "<extra_id_0> <extra_id_0> opinion <extra_id_5> recommend <extra_id_1> <extra_id_0> aspect <extra_id_5> food <extra_id_0> negative <extra_id_5> recommend <extra_id_1> <extra_id_1> <extra_id_1>", "entity": [{"type": "aspect", "offset": [12], "text": "food"}, {"type": "opinion", "offset": [2], "text": "recommend"}], "relation": [{"type": "negative", "args": [{"type": "aspect", "offset": [12], "text": "food"}, {"type": "opinion", "offset": [2], "text": "recommend"}]}], "event": [], "spot": ["aspect", "opinion"], "asoc": ["negative"], "spot_asoc": [{"span": "recommend", "label": "opinion", "asoc": []}, {"span": "food", "label": "aspect", "asoc": [["negative", "recommend"]]}]}
{"text": "While the new restaurant still features much of the same classical furniture that made Tiffin so attractive , the menu has been overhauled .", "tokens": ["While", "the", "new", "restaurant", "still", "features", "much", "of", "the", "same", "classical", "furniture", "that", "made", "Tiffin", "so", "attractive", ",", "the", "menu", "has", "been", "overhauled", "."], "record": "<extra_id_0> <extra_id_0> opinion <extra_id_5> classical <extra_id_1> <extra_id_0> aspect <extra_id_5> classical furniture <extra_id_0> positive <extra_id_5> classical <extra_id_1> <extra_id_1> <extra_id_0> aspect <extra_id_5> menu <extra_id_0> negative <extra_id_5> overhauled <extra_id_1> <extra_id_1> <extra_id_0> opinion <extra_id_5> overhauled <extra_id_1> <extra_id_1>", "entity": [{"type": "aspect", "offset": [10, 11], "text": "classical furniture"}, {"type": "aspect", "offset": [19], "text": "menu"}, {"type": "opinion", "offset": [10], "text": "classical"}, {"type": "opinion", "offset": [22], "text": "overhauled"}], "relation": [{"type": "positive", "args": [{"type": "aspect", "offset": [10, 11], "text": "classical furniture"}, {"type": "opinion", "offset": [10], "text": "classical"}]}, {"type": "negative", "args": [{"type": "aspect", "offset": [19], "text": "menu"}, {"type": "opinion", "offset": [22], "text": "overhauled"}]}], "event": [], "spot": ["aspect", "opinion"], "asoc": ["positive", "negative"], "spot_asoc": [{"span": "classical", "label": "opinion", "asoc": []}, {"span": "classical furniture", "label": "aspect", "asoc": [["positive", "classical"]]}, {"span": "menu", "label": "aspect", "asoc": [["negative", "overhauled"]]}, {"span": "overhauled", "label": "opinion", "asoc": []}]}
{"text": "Ambiance is barely romantic but management tries .", "tokens": ["Ambiance", "is", "barely", "romantic", "but", "management", "tries", "."], "record": "<extra_id_0> <extra_id_0> aspect <extra_id_5> Ambiance <extra_id_0> negative <extra_id_5> barely romantic <extra_id_1> <extra_id_1> <extra_id_0> opinion <extra_id_5> barely romantic <extra_id_1> <extra_id_0> aspect <extra_id_5> management <extra_id_0> positive <extra_id_5> tries <extra_id_1> <extra_id_1> <extra_id_0> opinion <extra_id_5> tries <extra_id_1> <extra_id_1>", "entity": [{"type": "aspect", "offset": [0], "text": "Ambiance"}, {"type": "aspect", "offset": [5], "text": "management"}, {"type": "opinion", "offset": [2, 3], "text": "barely romantic"}, {"type": "opinion", "offset": [6], "text": "tries"}], "relation": [{"type": "negative", "args": [{"type": "aspect", "offset": [0], "text": "Ambiance"}, {"type": "opinion", "offset": [2, 3], "text": "barely romantic"}]}, {"type": "positive", "args": [{"type": "aspect", "offset": [5], "text": "management"}, {"type": "opinion", "offset": [6], "text": "tries"}]}], "event": [], "spot": ["aspect", "opinion"], "asoc": ["positive", "negative"], "spot_asoc": [{"span": "Ambiance", "label": "aspect", "asoc": [["negative", "barely romantic"]]}, {"span": "barely romantic", "label": "opinion", "asoc": []}, {"span": "management", "label": "aspect", "asoc": [["positive", "tries"]]}, {"span": "tries", "label": "opinion", "asoc": []}]}
{"text": "The seats are uncomfortable if you are sitting against the wall on wooden benches .", "tokens": ["The", "seats", "are", "uncomfortable", "if", "you", "are", "sitting", "against", "the", "wall", "on", "wooden", "benches", "."], "record": "<extra_id_0> <extra_id_0> aspect <extra_id_5> seats <extra_id_0> negative <extra_id_5> uncomfortable <extra_id_1> <extra_id_1> <extra_id_0> opinion <extra_id_5> uncomfortable <extra_id_1> <extra_id_1>", "entity": [{"type": "aspect", "offset": [1], "text": "seats"}, {"type": "opinion", "offset": [3], "text": "uncomfortable"}], "relation": [{"type": "negative", "args": [{"type": "aspect", "offset": [1], "text": "seats"}, {"type": "opinion", "offset": [3], "text": "uncomfortable"}]}], "event": [], "spot": ["aspect", "opinion"], "asoc": ["negative"], "spot_asoc": [{"span": "seats", "label": "aspect", "asoc": [["negative", "uncomfortable"]]}, {"span": "uncomfortable", "label": "opinion", "asoc": []}]}
{"text": "Small servings for main entree , i had salmon ( wasnt impressed ) girlfriend had chicken , it was good .", "tokens": ["Small", "servings", "for", "main", "entree", ",", "i", "had", "salmon", "(", "wasnt", "impressed", ")", "girlfriend", "had", "chicken", ",", "it", "was", "good", "."], "record": "<extra_id_0> <extra_id_0> opinion <extra_id_5> Small <extra_id_1> <extra_id_0> aspect <extra_id_5> servings <extra_id_0> negative <extra_id_5> Small <extra_id_1> <extra_id_1> <extra_id_0> aspect <extra_id_5> salmon <extra_id_0> negative <extra_id_5> wasnt impressed <extra_id_1> <extra_id_1> <extra_id_0> opinion <extra_id_5> wasnt impressed <extra_id_1> <extra_id_0> aspect <extra_id_5> chicken <extra_id_0> positive <extra_id_5> good <extra_id_1> <extra_id_1> <extra_id_0> opinion <extra_id_5> good <extra_id_1> <extra_id_1>", "entity": [{"type": "aspect", "offset": [8], "text": "salmon"}, {"type": "aspect", "offset": [15], "text": "chicken"}, {"type": "aspect", "offset": [1], "text": "servings"}, {"type": "opinion", "offset": [10, 11], "text": "wasnt impressed"}, {"type": "opinion", "offset": [19], "text": "good"}, {"type": "opinion", "offset": [0], "text": "Small"}], "relation": [{"type": "negative", "args": [{"type": "aspect", "offset": [8], "text": "salmon"}, {"type": "opinion", "offset": [10, 11], "text": "wasnt impressed"}]}, {"type": "positive", "args": [{"type": "aspect", "offset": [15], "text": "chicken"}, {"type": "opinion", "offset": [19], "text": "good"}]}, {"type": "negative", "args": [{"type": "aspect", "offset": [1], "text": "servings"}, {"type": "opinion", "offset": [0], "text": "Small"}]}], "event": [], "spot": ["aspect", "opinion"], "asoc": ["positive", "negative"], "spot_asoc": [{"span": "Small", "label": "opinion", "asoc": []}, {"span": "servings", "label": "aspect", "asoc": [["negative", "Small"]]}, {"span": "salmon", "label": "aspect", "asoc": [["negative", "wasnt impressed"]]}, {"span": "wasnt impressed", "label": "opinion", "asoc": []}, {"span": "chicken", "label": "aspect", "asoc": [["positive", "good"]]}, {"span": "good", "label": "opinion", "asoc": []}]}
