{"text": "Aside from the Sea Urchin , the chef recommended an assortment of fish including Fatty Yellow Tail , Boton Shrimp , Blue Fin Torro ( Fatty Tuna ) , Sea Eel , etc .", "tokens": ["Aside", "from", "the", "Sea", "Urchin", ",", "the", "chef", "recommended", "an", "assortment", "of", "fish", "including", "Fatty", "Yellow", "Tail", ",", "Boton", "Shrimp", ",", "Blue", "Fin", "Torro", "(", "Fatty", "Tuna", ")", ",", "Sea", "Eel", ",", "etc", "."], "record": "<extra_id_0> <extra_id_0> aspect <extra_id_5> Sea Urchin <extra_id_0> neutral <extra_id_5> recommended <extra_id_1> <extra_id_1> <extra_id_0> opinion <extra_id_5> recommended <extra_id_1> <extra_id_0> aspect <extra_id_5> assortment of fish <extra_id_0> neutral <extra_id_5> recommended <extra_id_1> <extra_id_1> <extra_id_0> aspect <extra_id_5> Fatty Yellow Tail <extra_id_0> neutral <extra_id_5> recommended <extra_id_1> <extra_id_1> <extra_id_0> aspect <extra_id_5> Boton Shrimp <extra_id_0> neutral <extra_id_5> recommended <extra_id_1> <extra_id_1> <extra_id_0> aspect <extra_id_5> Blue Fin Torro ( Fatty Tuna ) <extra_id_0> neutral <extra_id_5> recommended <extra_id_1> <extra_id_1> <extra_id_0> aspect <extra_id_5> Sea Eel <extra_id_0> neutral <extra_id_5> recommended <extra_id_1> <extra_id_1> <extra_id_1>", "entity": [{"type": "aspect", "offset": [10, 11, 12], "text": "assortment of fish"}, {"type": "aspect", "offset": [14, 15, 16], "text": "Fatty Yellow Tail"}, {"type": "aspect", "offset": [18, 19], "text": "Boton Shrimp"}, {"type": "aspect", "offset": [29, 30], "text": "Sea Eel"}, {"type": "aspect", "offset": [3, 4], "text": "Sea Urchin"}, {"type": "aspect", "offset": [21, 22, 23, 24, 25, 26, 27], "text": "Blue Fin Torro ( Fatty Tuna )"}, {"type": "opinion", "offset": [8], "text": "recommended"}], "relation": [{"type": "neutral", "args": [{"type": "aspect", "offset": [10, 11, 12], "text": "assortment of fish"}, {"type": "opinion", "offset": [8], "text": "recommended"}]}, {"type": "neutral", "args": [{"type": "aspect", "offset": [14, 15, 16], "text": "Fatty Yellow Tail"}, {"type": "opinion", "offset": [8], "text": "recommended"}]}, {"type": "neutral", "args": [{"type": "aspect", "offset": [18, 19], "text": "Boton Shrimp"}, {"type": "opinion", "offset": [8], "text": "recommended"}]}, {"type": "neutral", "args": [{"type": "aspect", "offset": [29, 30], "text": "Sea Eel"}, {"type": "opinion", "offset": [8], "text": "recommended"}]}, {"type": "neutral", "args": [{"type": "aspect", "offset": [3, 4], "text": "Sea Urchin"}, {"type": "opinion", "offset": [8], "text": "recommended"}]}, {"type": "neutral", "args": [{"type": "aspect", "offset": [21, 22, 23, 24, 25, 26, 27], "text": "Blue Fin Torro ( Fatty Tuna )"}, {"type": "opinion", "offset": [8], "text": "recommended"}]}], "event": [], "spot": ["aspect", "opinion"], "asoc": ["neutral"], "spot_asoc": [{"span": "Sea Urchin", "label": "aspect", "asoc": [["neutral", "recommended"]]}, {"span": "recommended", "label": "opinion", "asoc": []}, {"span": "assortment of fish", "label": "aspect", "asoc": [["neutral", "recommended"]]}, {"span": "Fatty Yellow Tail", "label": "aspect", "asoc": [["neutral", "recommended"]]}, {"span": "Boton Shrimp", "label": "aspect", "asoc": [["neutral", "recommended"]]}, {"span": "Blue Fin Torro ( Fatty Tuna )", "label": "aspect", "asoc": [["neutral", "recommended"]]}, {"span": "Sea Eel", "label": "aspect", "asoc": [["neutral", "recommended"]]}]}
{"text": "The dim sum here is only so-so .", "tokens": ["The", "dim", "sum", "here", "is", "only", "so-so", "."], "record": "<extra_id_0> <extra_id_0> aspect <extra_id_5> dim sum <extra_id_0> neutral <extra_id_5> so-so <extra_id_1> <extra_id_1> <extra_id_0> opinion <extra_id_5> so-so <extra_id_1> <extra_id_1>", "entity": [{"type": "aspect", "offset": [1, 2], "text": "dim sum"}, {"type": "opinion", "offset": [6], "text": "so-so"}], "relation": [{"type": "neutral", "args": [{"type": "aspect", "offset": [1, 2], "text": "dim sum"}, {"type": "opinion", "offset": [6], "text": "so-so"}]}], "event": [], "spot": ["aspect", "opinion"], "asoc": ["neutral"], "spot_asoc": [{"span": "dim sum", "label": "aspect", "asoc": [["neutral", "so-so"]]}, {"span": "so-so", "label": "opinion", "asoc": []}]}
{"text": "i would recommend reservations on weekends though .", "tokens": ["i", "would", "recommend", "reservations", "on", "weekends", "though", "."], "record": "<extra_id_0> <extra_id_0> opinion <extra_id_5> recommend <extra_id_1> <extra_id_0> aspect <extra_id_5> reservations <extra_id_0> neutral <extra_id_5> recommend <extra_id_1> <extra_id_1> <extra_id_1>", "entity": [{"type": "aspect", "offset": [3], "text": "reservations"}, {"type": "opinion", "offset": [2], "text": "recommend"}], "relation": [{"type": "neutral", "args": [{"type": "aspect", "offset": [3], "text": "reservations"}, {"type": "opinion", "offset": [2], "text": "recommend"}]}], "event": [], "spot": ["aspect", "opinion"], "asoc": ["neutral"], "spot_asoc": [{"span": "recommend", "label": "opinion", "asoc": []}, {"span": "reservations", "label": "aspect", "asoc": [["neutral", "recommend"]]}]}
{"text": "Decor is nice and minimalist , food simple yet very well presented and cooked , and the wine list matches the food very well .", "tokens": ["Decor", "is", "nice", "and", "minimalist", ",", "food", "simple", "yet", "very", "well", "presented", "and", "cooked", ",", "and", "the", "wine", "list", "matches", "the", "food", "very", "well", "."], "record": "<extra_id_0> <extra_id_0> aspect <extra_id_5> Decor <extra_id_0> positive <extra_id_5> nice <extra_id_1> <extra_id_0> positive <extra_id_5> minimalist <extra_id_1> <extra_id_1> <extra_id_0> opinion <extra_id_5> nice <extra_id_1> <extra_id_0> opinion <extra_id_5> minimalist <extra_id_1> <extra_id_0> aspect <extra_id_5> food <extra_id_0> neutral <extra_id_5> simple <extra_id_1> <extra_id_0> neutral <extra_id_5> well presented and cooked <extra_id_1> <extra_id_1> <extra_id_0> opinion <extra_id_5> simple <extra_id_1> <extra_id_0> opinion <extra_id_5> well presented and cooked <extra_id_1> <extra_id_0> aspect <extra_id_5> wine list <extra_id_0> positive <extra_id_5> well <extra_id_1> <extra_id_1> <extra_id_0> opinion <extra_id_5> well <extra_id_1> <extra_id_1>", "entity": [{"type": "aspect", "offset": [0], "text": "Decor"}, {"type": "aspect", "offset": [6], "text": "food"}, {"type": "aspect", "offset": [17, 18], "text": "wine list"}, {"type": "opinion", "offset": [2], "text": "nice"}, {"type": "opinion", "offset": [4], "text": "minimalist"}, {"type": "opinion", "offset": [7], "text": "simple"}, {"type": "opinion", "offset": [10, 11, 12, 13], "text": "well presented and cooked"}, {"type": "opinion", "offset": [23], "text": "well"}], "relation": [{"type": "positive", "args": [{"type": "aspect", "offset": [0], "text": "Decor"}, {"type": "opinion", "offset": [2], "text": "nice"}]}, {"type": "positive", "args": [{"type": "aspect", "offset": [0], "text": "Decor"}, {"type": "opinion", "offset": [4], "text": "minimalist"}]}, {"type": "neutral", "args": [{"type": "aspect", "offset": [6], "text": "food"}, {"type": "opinion", "offset": [7], "text": "simple"}]}, {"type": "neutral", "args": [{"type": "aspect", "offset": [6], "text": "food"}, {"type": "opinion", "offset": [10, 11, 12, 13], "text": "well presented and cooked"}]}, {"type": "positive", "args": [{"type": "aspect", "offset": [17, 18], "text": "wine list"}, {"type": "opinion", "offset": [23], "text": "well"}]}], "event": [], "spot": ["aspect", "opinion"], "asoc": ["positive", "neutral"], "spot_asoc": [{"span": "Decor", "label": "aspect", "asoc": [["positive", "nice"], ["positive", "minimalist"]]}, {"span": "nice", "label": "opinion", "asoc": []}, {"span": "minimalist", "label": "opinion", "asoc": []}, {"span": "food", "label": "aspect", "asoc": [["neutral", "simple"], ["neutral", "well presented and cooked"]]}, {"span": "simple", "label": "opinion", "asoc": []}, {"span": "well presented and cooked", "label": "opinion", "asoc": []}, {"span": "wine list", "label": "aspect", "asoc": [["positive", "well"]]}, {"span": "well", "label": "opinion", "asoc": []}]}
{"text": "The Pad thai , lad nar and various other dishes all look good on paper but , I 've had better thai food in less asthetically pleasing places .", "tokens": ["The", "Pad", "thai", ",", "lad", "nar", "and", "various", "other", "dishes", "all", "look", "good", "on", "paper", "but", ",", "I", "'ve", "had", "better", "thai", "food", "in", "less", "asthetically", "pleasing", "places", "."], "record": "<extra_id_0> <extra_id_0> opinion <extra_id_5> better <extra_id_1> <extra_id_0> aspect <extra_id_5> thai food <extra_id_0> neutral <extra_id_5> better <extra_id_1> <extra_id_1> <extra_id_1>", "entity": [{"type": "aspect", "offset": [21, 22], "text": "thai food"}, {"type": "opinion", "offset": [20], "text": "better"}], "relation": [{"type": "neutral", "args": [{"type": "aspect", "offset": [21, 22], "text": "thai food"}, {"type": "opinion", "offset": [20], "text": "better"}]}], "event": [], "spot": ["aspect", "opinion"], "asoc": ["neutral"], "spot_asoc": [{"span": "better", "label": "opinion", "asoc": []}, {"span": "thai food", "label": "aspect", "asoc": [["neutral", "better"]]}]}
{"text": "Staffs are not that friendly , but the taste covers all .", "tokens": ["Staffs", "are", "not", "that", "friendly", ",", "but", "the", "taste", "covers", "all", "."], "record": "<extra_id_0> <extra_id_0> aspect <extra_id_5> Staffs <extra_id_0> negative <extra_id_5> not that friendly <extra_id_1> <extra_id_1> <extra_id_0> opinion <extra_id_5> not that friendly <extra_id_1> <extra_id_0> aspect <extra_id_5> taste <extra_id_0> positive <extra_id_5> covers all <extra_id_1> <extra_id_1> <extra_id_0> opinion <extra_id_5> covers all <extra_id_1> <extra_id_1>", "entity": [{"type": "aspect", "offset": [0], "text": "Staffs"}, {"type": "aspect", "offset": [8], "text": "taste"}, {"type": "opinion", "offset": [2, 3, 4], "text": "not that friendly"}, {"type": "opinion", "offset": [9, 10], "text": "covers all"}], "relation": [{"type": "negative", "args": [{"type": "aspect", "offset": [0], "text": "Staffs"}, {"type": "opinion", "offset": [2, 3, 4], "text": "not that friendly"}]}, {"type": "positive", "args": [{"type": "aspect", "offset": [8], "text": "taste"}, {"type": "opinion", "offset": [9, 10], "text": "covers all"}]}], "event": [], "spot": ["aspect", "opinion"], "asoc": ["positive", "negative"], "spot_asoc": [{"span": "Staffs", "label": "aspect", "asoc": [["negative", "not that friendly"]]}, {"span": "not that friendly", "label": "opinion", "asoc": []}, {"span": "taste", "label": "aspect", "asoc": [["positive", "covers all"]]}, {"span": "covers all", "label": "opinion", "asoc": []}]}
{"text": "Spice is great Thai food , love the inexpensive appetizers .", "tokens": ["Spice", "is", "great", "Thai", "food", ",", "love", "the", "inexpensive", "appetizers", "."], "record": "<extra_id_0> <extra_id_0> opinion <extra_id_5> great <extra_id_1> <extra_id_0> aspect <extra_id_5> Thai food <extra_id_0> positive <extra_id_5> great <extra_id_1> <extra_id_1> <extra_id_0> opinion <extra_id_5> love <extra_id_1> <extra_id_0> opinion <extra_id_5> inexpensive <extra_id_1> <extra_id_0> aspect <extra_id_5> appetizers <extra_id_0> positive <extra_id_5> love <extra_id_1> <extra_id_0> positive <extra_id_5> inexpensive <extra_id_1> <extra_id_1> <extra_id_1>", "entity": [{"type": "aspect", "offset": [3, 4], "text": "Thai food"}, {"type": "aspect", "offset": [9], "text": "appetizers"}, {"type": "opinion", "offset": [2], "text": "great"}, {"type": "opinion", "offset": [6], "text": "love"}, {"type": "opinion", "offset": [8], "text": "inexpensive"}], "relation": [{"type": "positive", "args": [{"type": "aspect", "offset": [3, 4], "text": "Thai food"}, {"type": "opinion", "offset": [2], "text": "great"}]}, {"type": "positive", "args": [{"type": "aspect", "offset": [9], "text": "appetizers"}, {"type": "opinion", "offset": [6], "text": "love"}]}, {"type": "positive", "args": [{"type": "aspect", "offset": [9], "text": "appetizers"}, {"type": "opinion", "offset": [8], "text": "inexpensive"}]}], "event": [], "spot": ["aspect", "opinion"], "asoc": ["positive"], "spot_asoc": [{"span": "great", "label": "opinion", "asoc": []}, {"span": "Thai food", "label": "aspect", "asoc": [["positive", "great"]]}, {"span": "love", "label": "opinion", "asoc": []}, {"span": "inexpensive", "label": "opinion", "asoc": []}, {"span": "appetizers", "label": "aspect", "asoc": [["positive", "love"], ["positive", "inexpensive"]]}]}
{"text": "The combination of fresh tomato sauce , fresh mozz cheese , basil and the dough they make with imported flour , makes this is one of the better pizza 's in NY .", "tokens": ["The", "combination", "of", "fresh", "tomato", "sauce", ",", "fresh", "mozz", "cheese", ",", "basil", "and", "the", "dough", "they", "make", "with", "imported", "flour", ",", "makes", "this", "is", "one", "of", "the", "better", "pizza", "'s", "in", "NY", "."], "record": "<extra_id_0> <extra_id_0> opinion <extra_id_5> fresh <extra_id_1> <extra_id_0> aspect <extra_id_5> fresh tomato sauce <extra_id_0> positive <extra_id_5> fresh <extra_id_1> <extra_id_1> <extra_id_0> opinion <extra_id_5> fresh <extra_id_1> <extra_id_0> aspect <extra_id_5> fresh mozz cheese <extra_id_0> positive <extra_id_5> fresh <extra_id_1> <extra_id_1> <extra_id_0> opinion <extra_id_5> imported <extra_id_1> <extra_id_0> aspect <extra_id_5> flour <extra_id_0> positive <extra_id_5> imported <extra_id_1> <extra_id_1> <extra_id_0> opinion <extra_id_5> better <extra_id_1> <extra_id_0> aspect <extra_id_5> pizza <extra_id_0> positive <extra_id_5> better <extra_id_1> <extra_id_1> <extra_id_1>", "entity": [{"type": "aspect", "offset": [3, 4, 5], "text": "fresh tomato sauce"}, {"type": "aspect", "offset": [7, 8, 9], "text": "fresh mozz cheese"}, {"type": "aspect", "offset": [28], "text": "pizza"}, {"type": "aspect", "offset": [19], "text": "flour"}, {"type": "opinion", "offset": [3], "text": "fresh"}, {"type": "opinion", "offset": [7], "text": "fresh"}, {"type": "opinion", "offset": [27], "text": "better"}, {"type": "opinion", "offset": [18], "text": "imported"}], "relation": [{"type": "positive", "args": [{"type": "aspect", "offset": [3, 4, 5], "text": "fresh tomato sauce"}, {"type": "opinion", "offset": [3], "text": "fresh"}]}, {"type": "positive", "args": [{"type": "aspect", "offset": [7, 8, 9], "text": "fresh mozz cheese"}, {"type": "opinion", "offset": [7], "text": "fresh"}]}, {"type": "positive", "args": [{"type": "aspect", "offset": [28], "text": "pizza"}, {"type": "opinion", "offset": [27], "text": "better"}]}, {"type": "positive", "args": [{"type": "aspect", "offset": [19], "text": "flour"}, {"type": "opinion", "offset": [18], "text": "imported"}]}], "event": [], "spot": ["aspect", "opinion"], "asoc": ["positive"], "spot_asoc": [{"span": "fresh", "label": "opinion", "asoc": []}, {"span": "fresh tomato sauce", "label": "aspect", "asoc": [["positive", "fresh"]]}, {"span": "fresh", "label": "opinion", "asoc": []}, {"span": "fresh mozz cheese", "label": "aspect", "asoc": [["positive", "fresh"]]}, {"span": "imported", "label": "opinion", "asoc": []}, {"span": "flour", "label": "aspect", "asoc": [["positive", "imported"]]}, {"span": "better", "label": "opinion", "asoc": []}, {"span": "pizza", "label": "aspect", "asoc": [["positive", "better"]]}]}
{"text": "Good drink .", "tokens": ["Good", "drink", "."], "record": "<extra_id_0> <extra_id_0> opinion <extra_id_5> Good <extra_id_1> <extra_id_0> aspect <extra_id_5> drink <extra_id_0> positive <extra_id_5> Good <extra_id_1> <extra_id_1> <extra_id_1>", "entity": [{"type": "aspect", "offset": [1], "text": "drink"}, {"type": "opinion", "offset": [0], "text": "Good"}], "relation": [{"type": "positive", "args": [{"type": "aspect", "offset": [1], "text": "drink"}, {"type": "opinion", "offset": [0], "text": "Good"}]}], "event": [], "spot": ["aspect", "opinion"], "asoc": ["positive"], "spot_asoc": [{"span": "Good", "label": "opinion", "asoc": []}, {"span": "drink", "label": "aspect", "asoc": [["positive", "Good"]]}]}
{"text": "Whenever you need a Sushi fix , Mizu will be there with quality fish and great service .", "tokens": ["Whenever", "you", "need", "a", "Sushi", "fix", ",", "Mizu", "will", "be", "there", "with", "quality", "fish", "and", "great", "service", "."], "record": "<extra_id_0> <extra_id_0> opinion <extra_id_5> quality <extra_id_1> <extra_id_0> aspect <extra_id_5> fish <extra_id_0> positive <extra_id_5> quality <extra_id_1> <extra_id_1> <extra_id_0> opinion <extra_id_5> great <extra_id_1> <extra_id_0> aspect <extra_id_5> service <extra_id_0> positive <extra_id_5> great <extra_id_1> <extra_id_1> <extra_id_1>", "entity": [{"type": "aspect", "offset": [13], "text": "fish"}, {"type": "aspect", "offset": [16], "text": "service"}, {"type": "opinion", "offset": [12], "text": "quality"}, {"type": "opinion", "offset": [15], "text": "great"}], "relation": [{"type": "positive", "args": [{"type": "aspect", "offset": [13], "text": "fish"}, {"type": "opinion", "offset": [12], "text": "quality"}]}, {"type": "positive", "args": [{"type": "aspect", "offset": [16], "text": "service"}, {"type": "opinion", "offset": [15], "text": "great"}]}], "event": [], "spot": ["aspect", "opinion"], "asoc": ["positive"], "spot_asoc": [{"span": "quality", "label": "opinion", "asoc": []}, {"span": "fish", "label": "aspect", "asoc": [["positive", "quality"]]}, {"span": "great", "label": "opinion", "asoc": []}, {"span": "service", "label": "aspect", "asoc": [["positive", "great"]]}]}
{"text": "Only drawback - they wo n't toast your bagel , and they do n't make eggs for the bagel .", "tokens": ["Only", "drawback", "-", "they", "wo", "n't", "toast", "your", "bagel", ",", "and", "they", "do", "n't", "make", "eggs", "for", "the", "bagel", "."], "record": "<extra_id_0> <extra_id_0> opinion <extra_id_5> drawback <extra_id_1> <extra_id_0> aspect <extra_id_5> bagel <extra_id_0> negative <extra_id_5> drawback <extra_id_1> <extra_id_1> <extra_id_1>", "entity": [{"type": "aspect", "offset": [8], "text": "bagel"}, {"type": "opinion", "offset": [1], "text": "drawback"}], "relation": [{"type": "negative", "args": [{"type": "aspect", "offset": [8], "text": "bagel"}, {"type": "opinion", "offset": [1], "text": "drawback"}]}], "event": [], "spot": ["aspect", "opinion"], "asoc": ["negative"], "spot_asoc": [{"span": "drawback", "label": "opinion", "asoc": []}, {"span": "bagel", "label": "aspect", "asoc": [["negative", "drawback"]]}]}
{"text": "We wo n't go to this place again for a good meal .", "tokens": ["We", "wo", "n't", "go", "to", "this", "place", "again", "for", "a", "good", "meal", "."], "record": "<extra_id_0> <extra_id_0> opinion <extra_id_5> good <extra_id_1> <extra_id_0> aspect <extra_id_5> meal <extra_id_0> negative <extra_id_5> good <extra_id_1> <extra_id_1> <extra_id_1>", "entity": [{"type": "aspect", "offset": [11], "text": "meal"}, {"type": "opinion", "offset": [10], "text": "good"}], "relation": [{"type": "negative", "args": [{"type": "aspect", "offset": [11], "text": "meal"}, {"type": "opinion", "offset": [10], "text": "good"}]}], "event": [], "spot": ["aspect", "opinion"], "asoc": ["negative"], "spot_asoc": [{"span": "good", "label": "opinion", "asoc": []}, {"span": "meal", "label": "aspect", "asoc": [["negative", "good"]]}]}
{"text": "Yes , they use fancy ingredients , but even fancy ingredients do n't make for good pizza unless someone knows how to get the crust right .", "tokens": ["Yes", ",", "they", "use", "fancy", "ingredients", ",", "but", "even", "fancy", "ingredients", "do", "n't", "make", "for", "good", "pizza", "unless", "someone", "knows", "how", "to", "get", "the", "crust", "right", "."], "record": "<extra_id_0> <extra_id_0> opinion <extra_id_5> fancy <extra_id_1> <extra_id_0> aspect <extra_id_5> ingredients <extra_id_0> positive <extra_id_5> fancy <extra_id_1> <extra_id_1> <extra_id_0> opinion <extra_id_5> good <extra_id_1> <extra_id_0> aspect <extra_id_5> pizza <extra_id_0> negative <extra_id_5> good <extra_id_1> <extra_id_1> <extra_id_1>", "entity": [{"type": "aspect", "offset": [5], "text": "ingredients"}, {"type": "aspect", "offset": [16], "text": "pizza"}, {"type": "opinion", "offset": [4], "text": "fancy"}, {"type": "opinion", "offset": [15], "text": "good"}], "relation": [{"type": "positive", "args": [{"type": "aspect", "offset": [5], "text": "ingredients"}, {"type": "opinion", "offset": [4], "text": "fancy"}]}, {"type": "negative", "args": [{"type": "aspect", "offset": [16], "text": "pizza"}, {"type": "opinion", "offset": [15], "text": "good"}]}], "event": [], "spot": ["aspect", "opinion"], "asoc": ["positive", "negative"], "spot_asoc": [{"span": "fancy", "label": "opinion", "asoc": []}, {"span": "ingredients", "label": "aspect", "asoc": [["positive", "fancy"]]}, {"span": "good", "label": "opinion", "asoc": []}, {"span": "pizza", "label": "aspect", "asoc": [["negative", "good"]]}]}
{"text": "An excellent alternative to fast food joints and ordering in but , the food was slightly disappointing .", "tokens": ["An", "excellent", "alternative", "to", "fast", "food", "joints", "and", "ordering", "in", "but", ",", "the", "food", "was", "slightly", "disappointing", "."], "record": "<extra_id_0> <extra_id_0> opinion <extra_id_5> excellent <extra_id_1> <extra_id_0> aspect <extra_id_5> food <extra_id_0> negative <extra_id_5> excellent <extra_id_1> <extra_id_0> negative <extra_id_5> disappointing <extra_id_1> <extra_id_1> <extra_id_0> opinion <extra_id_5> disappointing <extra_id_1> <extra_id_1>", "entity": [{"type": "aspect", "offset": [13], "text": "food"}, {"type": "opinion", "offset": [1], "text": "excellent"}, {"type": "opinion", "offset": [16], "text": "disappointing"}], "relation": [{"type": "negative", "args": [{"type": "aspect", "offset": [13], "text": "food"}, {"type": "opinion", "offset": [1], "text": "excellent"}]}, {"type": "negative", "args": [{"type": "aspect", "offset": [13], "text": "food"}, {"type": "opinion", "offset": [16], "text": "disappointing"}]}], "event": [], "spot": ["aspect", "opinion"], "asoc": ["negative"], "spot_asoc": [{"span": "excellent", "label": "opinion", "asoc": []}, {"span": "food", "label": "aspect", "asoc": [["negative", "excellent"], ["negative", "disappointing"]]}, {"span": "disappointing", "label": "opinion", "asoc": []}]}
{"text": "I had a terrific meal , and our server guided us toward a very nice wine in our price range , instead of allowing us to purchase a similarly priced wine that was n't as good .", "tokens": ["I", "had", "a", "terrific", "meal", ",", "and", "our", "server", "guided", "us", "toward", "a", "very", "nice", "wine", "in", "our", "price", "range", ",", "instead", "of", "allowing", "us", "to", "purchase", "a", "similarly", "priced", "wine", "that", "was", "n't", "as", "good", "."], "record": "<extra_id_0> <extra_id_0> opinion <extra_id_5> terrific <extra_id_1> <extra_id_0> aspect <extra_id_5> meal <extra_id_0> positive <extra_id_5> terrific <extra_id_1> <extra_id_1> <extra_id_0> opinion <extra_id_5> nice <extra_id_1> <extra_id_0> aspect <extra_id_5> wine <extra_id_0> negative <extra_id_5> nice <extra_id_1> <extra_id_1> <extra_id_1>", "entity": [{"type": "aspect", "offset": [4], "text": "meal"}, {"type": "aspect", "offset": [15], "text": "wine"}, {"type": "opinion", "offset": [3], "text": "terrific"}, {"type": "opinion", "offset": [14], "text": "nice"}], "relation": [{"type": "positive", "args": [{"type": "aspect", "offset": [4], "text": "meal"}, {"type": "opinion", "offset": [3], "text": "terrific"}]}, {"type": "negative", "args": [{"type": "aspect", "offset": [15], "text": "wine"}, {"type": "opinion", "offset": [14], "text": "nice"}]}], "event": [], "spot": ["aspect", "opinion"], "asoc": ["positive", "negative"], "spot_asoc": [{"span": "terrific", "label": "opinion", "asoc": []}, {"span": "meal", "label": "aspect", "asoc": [["positive", "terrific"]]}, {"span": "nice", "label": "opinion", "asoc": []}, {"span": "wine", "label": "aspect", "asoc": [["negative", "nice"]]}]}
