{"text": "oh yeah , and if the fancy webcam breaks guess who you have to send it to to get it fixed ?", "tokens": ["oh", "yeah", ",", "and", "if", "the", "fancy", "webcam", "breaks", "guess", "who", "you", "have", "to", "send", "it", "to", "to", "get", "it", "fixed", "?"], "record": "<extra_id_0> <extra_id_0> opinion <extra_id_5> fancy <extra_id_1> <extra_id_0> aspect <extra_id_5> webcam <extra_id_0> negative <extra_id_5> fancy <extra_id_1> <extra_id_1> <extra_id_1>", "entity": [{"type": "aspect", "offset": [7], "text": "webcam"}, {"type": "opinion", "offset": [6], "text": "fancy"}], "relation": [{"type": "negative", "args": [{"type": "aspect", "offset": [7], "text": "webcam"}, {"type": "opinion", "offset": [6], "text": "fancy"}]}], "event": [], "spot": ["aspect", "opinion"], "asoc": ["negative"], "spot_asoc": [{"span": "fancy", "label": "opinion", "asoc": []}, {"span": "webcam", "label": "aspect", "asoc": [["negative", "fancy"]]}]}
{"text": "I bought a protector for my key pad and it works great : )", "tokens": ["I", "bought", "a", "protector", "for", "my", "key", "pad", "and", "it", "works", "great", ":", ")"], "record": "<extra_id_0> <extra_id_0> aspect <extra_id_5> protector <extra_id_0> neutral <extra_id_5> great <extra_id_1> <extra_id_1> <extra_id_0> opinion <extra_id_5> great <extra_id_1> <extra_id_1>", "entity": [{"type": "aspect", "offset": [3], "text": "protector"}, {"type": "opinion", "offset": [11], "text": "great"}], "relation": [{"type": "neutral", "args": [{"type": "aspect", "offset": [3], "text": "protector"}, {"type": "opinion", "offset": [11], "text": "great"}]}], "event": [], "spot": ["aspect", "opinion"], "asoc": ["neutral"], "spot_asoc": [{"span": "protector", "label": "aspect", "asoc": [["neutral", "great"]]}, {"span": "great", "label": "opinion", "asoc": []}]}
{"text": "The price premium is a little much , but when you start looking at the features it is worth the added cash .", "tokens": ["The", "price", "premium", "is", "a", "little", "much", ",", "but", "when", "you", "start", "looking", "at", "the", "features", "it", "is", "worth", "the", "added", "cash", "."], "record": "<extra_id_0> <extra_id_0> aspect <extra_id_5> price premium <extra_id_0> negative <extra_id_5> much <extra_id_1> <extra_id_1> <extra_id_0> opinion <extra_id_5> much <extra_id_1> <extra_id_0> aspect <extra_id_5> features <extra_id_0> positive <extra_id_5> worth <extra_id_1> <extra_id_1> <extra_id_0> opinion <extra_id_5> worth <extra_id_1> <extra_id_1>", "entity": [{"type": "aspect", "offset": [1, 2], "text": "price premium"}, {"type": "aspect", "offset": [15], "text": "features"}, {"type": "opinion", "offset": [6], "text": "much"}, {"type": "opinion", "offset": [18], "text": "worth"}], "relation": [{"type": "negative", "args": [{"type": "aspect", "offset": [1, 2], "text": "price premium"}, {"type": "opinion", "offset": [6], "text": "much"}]}, {"type": "positive", "args": [{"type": "aspect", "offset": [15], "text": "features"}, {"type": "opinion", "offset": [18], "text": "worth"}]}], "event": [], "spot": ["aspect", "opinion"], "asoc": ["positive", "negative"], "spot_asoc": [{"span": "price premium", "label": "aspect", "asoc": [["negative", "much"]]}, {"span": "much", "label": "opinion", "asoc": []}, {"span": "features", "label": "aspect", "asoc": [["positive", "worth"]]}, {"span": "worth", "label": "opinion", "asoc": []}]}
