{"text": "Food was average and creme brulee was awful - the sugar was charred , not caramelized and smelled of kerosene .", "tokens": ["Food", "was", "average", "and", "creme", "brulee", "was", "awful", "-", "the", "sugar", "was", "charred", ",", "not", "caramelized", "and", "smelled", "of", "kerosene", "."], "record": "<extra_id_0> <extra_id_0> aspect <extra_id_5> Food <extra_id_0> neutral <extra_id_5> average <extra_id_1> <extra_id_1> <extra_id_0> opinion <extra_id_5> average <extra_id_1> <extra_id_0> aspect <extra_id_5> creme brulee <extra_id_0> negative <extra_id_5> awful <extra_id_1> <extra_id_1> <extra_id_0> opinion <extra_id_5> awful <extra_id_1> <extra_id_0> aspect <extra_id_5> sugar <extra_id_0> negative <extra_id_5> charred <extra_id_1> <extra_id_1> <extra_id_0> opinion <extra_id_5> charred <extra_id_1> <extra_id_1>", "entity": [{"type": "aspect", "offset": [0], "text": "Food"}, {"type": "aspect", "offset": [4, 5], "text": "creme brulee"}, {"type": "aspect", "offset": [10], "text": "sugar"}, {"type": "opinion", "offset": [2], "text": "average"}, {"type": "opinion", "offset": [7], "text": "awful"}, {"type": "opinion", "offset": [12], "text": "charred"}], "relation": [{"type": "neutral", "args": [{"type": "aspect", "offset": [0], "text": "Food"}, {"type": "opinion", "offset": [2], "text": "average"}]}, {"type": "negative", "args": [{"type": "aspect", "offset": [4, 5], "text": "creme brulee"}, {"type": "opinion", "offset": [7], "text": "awful"}]}, {"type": "negative", "args": [{"type": "aspect", "offset": [10], "text": "sugar"}, {"type": "opinion", "offset": [12], "text": "charred"}]}], "event": [], "spot": ["aspect", "opinion"], "asoc": ["negative", "neutral"], "spot_asoc": [{"span": "Food", "label": "aspect", "asoc": [["neutral", "average"]]}, {"span": "average", "label": "opinion", "asoc": []}, {"span": "creme brulee", "label": "aspect", "asoc": [["negative", "awful"]]}, {"span": "awful", "label": "opinion", "asoc": []}, {"span": "sugar", "label": "aspect", "asoc": [["negative", "charred"]]}, {"span": "charred", "label": "opinion", "asoc": []}]}
{"text": "Try the mediterranean salad , it is a true experience for your taste buds ! !", "tokens": ["Try", "the", "mediterranean", "salad", ",", "it", "is", "a", "true", "experience", "for", "your", "taste", "buds", "!", "!"], "record": "<extra_id_0> <extra_id_0> opinion <extra_id_5> Try <extra_id_1> <extra_id_0> aspect <extra_id_5> mediterranean salad <extra_id_0> positive <extra_id_5> Try <extra_id_1> <extra_id_1> <extra_id_1>", "entity": [{"type": "aspect", "offset": [2, 3], "text": "mediterranean salad"}, {"type": "opinion", "offset": [0], "text": "Try"}], "relation": [{"type": "positive", "args": [{"type": "aspect", "offset": [2, 3], "text": "mediterranean salad"}, {"type": "opinion", "offset": [0], "text": "Try"}]}], "event": [], "spot": ["aspect", "opinion"], "asoc": ["positive"], "spot_asoc": [{"span": "Try", "label": "opinion", "asoc": []}, {"span": "mediterranean salad", "label": "aspect", "asoc": [["positive", "Try"]]}]}
{"text": "The food is reliable and the price is moderate .", "tokens": ["The", "food", "is", "reliable", "and", "the", "price", "is", "moderate", "."], "record": "<extra_id_0> <extra_id_0> aspect <extra_id_5> food <extra_id_0> positive <extra_id_5> reliable <extra_id_1> <extra_id_1> <extra_id_0> opinion <extra_id_5> reliable <extra_id_1> <extra_id_0> aspect <extra_id_5> price <extra_id_0> neutral <extra_id_5> moderate <extra_id_1> <extra_id_1> <extra_id_0> opinion <extra_id_5> moderate <extra_id_1> <extra_id_1>", "entity": [{"type": "aspect", "offset": [1], "text": "food"}, {"type": "aspect", "offset": [6], "text": "price"}, {"type": "opinion", "offset": [3], "text": "reliable"}, {"type": "opinion", "offset": [8], "text": "moderate"}], "relation": [{"type": "positive", "args": [{"type": "aspect", "offset": [1], "text": "food"}, {"type": "opinion", "offset": [3], "text": "reliable"}]}, {"type": "neutral", "args": [{"type": "aspect", "offset": [6], "text": "price"}, {"type": "opinion", "offset": [8], "text": "moderate"}]}], "event": [], "spot": ["aspect", "opinion"], "asoc": ["positive", "neutral"], "spot_asoc": [{"span": "food", "label": "aspect", "asoc": [["positive", "reliable"]]}, {"span": "reliable", "label": "opinion", "asoc": []}, {"span": "price", "label": "aspect", "asoc": [["neutral", "moderate"]]}, {"span": "moderate", "label": "opinion", "asoc": []}]}
