{"text": "The only thing that is n't perfect about this netbook is the speakers , they are not loud at all but I expected that .", "tokens": ["The", "only", "thing", "that", "is", "n't", "perfect", "about", "this", "netbook", "is", "the", "speakers", ",", "they", "are", "not", "loud", "at", "all", "but", "I", "expected", "that", "."], "record": "<extra_id_0> <extra_id_0> opinion <extra_id_5> is n't perfect <extra_id_1> <extra_id_0> aspect <extra_id_5> speakers <extra_id_0> negative <extra_id_5> is n't perfect <extra_id_1> <extra_id_0> negative <extra_id_5> not loud <extra_id_1> <extra_id_1> <extra_id_0> opinion <extra_id_5> not loud <extra_id_1> <extra_id_1>", "entity": [{"type": "aspect", "offset": [12], "text": "speakers"}, {"type": "opinion", "offset": [4, 5, 6], "text": "is n't perfect"}, {"type": "opinion", "offset": [16, 17], "text": "not loud"}], "relation": [{"type": "negative", "args": [{"type": "aspect", "offset": [12], "text": "speakers"}, {"type": "opinion", "offset": [4, 5, 6], "text": "is n't perfect"}]}, {"type": "negative", "args": [{"type": "aspect", "offset": [12], "text": "speakers"}, {"type": "opinion", "offset": [16, 17], "text": "not loud"}]}], "event": [], "spot": ["aspect", "opinion"], "asoc": ["negative"], "spot_asoc": [{"span": "is n't perfect", "label": "opinion", "asoc": []}, {"span": "speakers", "label": "aspect", "asoc": [["negative", "is n't perfect"], ["negative", "not loud"]]}, {"span": "not loud", "label": "opinion", "asoc": []}]}
{"text": "Windows XP SP2 caused many problems on the computer , so I had to remove it .", "tokens": ["Windows", "XP", "SP2", "caused", "many", "problems", "on", "the", "computer", ",", "so", "I", "had", "to", "remove", "it", "."], "record": "<extra_id_0> <extra_id_0> aspect <extra_id_5> Windows XP SP2 <extra_id_0> negative <extra_id_5> problems <extra_id_1> <extra_id_1> <extra_id_0> opinion <extra_id_5> problems <extra_id_1> <extra_id_1>", "entity": [{"type": "aspect", "offset": [0, 1, 2], "text": "Windows XP SP2"}, {"type": "opinion", "offset": [5], "text": "problems"}], "relation": [{"type": "negative", "args": [{"type": "aspect", "offset": [0, 1, 2], "text": "Windows XP SP2"}, {"type": "opinion", "offset": [5], "text": "problems"}]}], "event": [], "spot": ["aspect", "opinion"], "asoc": ["negative"], "spot_asoc": [{"span": "Windows XP SP2", "label": "aspect", "asoc": [["negative", "problems"]]}, {"span": "problems", "label": "opinion", "asoc": []}]}
{"text": "The only bad part is the size / weight .", "tokens": ["The", "only", "bad", "part", "is", "the", "size", "/", "weight", "."], "record": "<extra_id_0> <extra_id_0> opinion <extra_id_5> bad <extra_id_1> <extra_id_0> aspect <extra_id_5> size <extra_id_0> negative <extra_id_5> bad <extra_id_1> <extra_id_1> <extra_id_0> aspect <extra_id_5> weight <extra_id_0> negative <extra_id_5> bad <extra_id_1> <extra_id_1> <extra_id_1>", "entity": [{"type": "aspect", "offset": [6], "text": "size"}, {"type": "aspect", "offset": [8], "text": "weight"}, {"type": "opinion", "offset": [2], "text": "bad"}], "relation": [{"type": "negative", "args": [{"type": "aspect", "offset": [6], "text": "size"}, {"type": "opinion", "offset": [2], "text": "bad"}]}, {"type": "negative", "args": [{"type": "aspect", "offset": [8], "text": "weight"}, {"type": "opinion", "offset": [2], "text": "bad"}]}], "event": [], "spot": ["aspect", "opinion"], "asoc": ["negative"], "spot_asoc": [{"span": "bad", "label": "opinion", "asoc": []}, {"span": "size", "label": "aspect", "asoc": [["negative", "bad"]]}, {"span": "weight", "label": "aspect", "asoc": [["negative", "bad"]]}]}
{"text": "The video chat is the only thing that is iffy about it but im sure once they unpdate the next version on the macbook book the quality of it will be better .", "tokens": ["The", "video", "chat", "is", "the", "only", "thing", "that", "is", "iffy", "about", "it", "but", "im", "sure", "once", "they", "unpdate", "the", "next", "version", "on", "the", "macbook", "book", "the", "quality", "of", "it", "will", "be", "better", "."], "record": "<extra_id_0> <extra_id_0> aspect <extra_id_5> video chat <extra_id_0> negative <extra_id_5> iffy <extra_id_1> <extra_id_1> <extra_id_0> opinion <extra_id_5> iffy <extra_id_1> <extra_id_1>", "entity": [{"type": "aspect", "offset": [1, 2], "text": "video chat"}, {"type": "opinion", "offset": [9], "text": "iffy"}], "relation": [{"type": "negative", "args": [{"type": "aspect", "offset": [1, 2], "text": "video chat"}, {"type": "opinion", "offset": [9], "text": "iffy"}]}], "event": [], "spot": ["aspect", "opinion"], "asoc": ["negative"], "spot_asoc": [{"span": "video chat", "label": "aspect", "asoc": [["negative", "iffy"]]}, {"span": "iffy", "label": "opinion", "asoc": []}]}
{"text": "I got it back and my built-in webcam and built-in mic were shorting out anytime I touched the lid , ( mind you this was my means of communication with my fiance who was deployed ) but I suffered thru it and would constandly have to reset the computer to be able to use my cam and mic anytime they went out .", "tokens": ["I", "got", "it", "back", "and", "my", "built-in", "webcam", "and", "built-in", "mic", "were", "shorting", "out", "anytime", "I", "touched", "the", "lid", ",", "(", "mind", "you", "this", "was", "my", "means", "of", "communication", "with", "my", "fiance", "who", "was", "deployed", ")", "but", "I", "suffered", "thru", "it", "and", "would", "constandly", "have", "to", "reset", "the", "computer", "to", "be", "able", "to", "use", "my", "cam", "and", "mic", "anytime", "they", "went", "out", "."], "record": "<extra_id_0> <extra_id_0> aspect <extra_id_5> built-in webcam <extra_id_0> negative <extra_id_5> shorting out <extra_id_1> <extra_id_1> <extra_id_0> aspect <extra_id_5> built-in mic <extra_id_0> negative <extra_id_5> shorting out <extra_id_1> <extra_id_1> <extra_id_0> aspect <extra_id_5> mic <extra_id_0> negative <extra_id_5> suffered <extra_id_1> <extra_id_1> <extra_id_0> opinion <extra_id_5> shorting out <extra_id_1> <extra_id_0> opinion <extra_id_5> suffered <extra_id_1> <extra_id_0> aspect <extra_id_5> cam <extra_id_0> negative <extra_id_5> suffered <extra_id_1> <extra_id_1> <extra_id_1>", "entity": [{"type": "aspect", "offset": [6, 7], "text": "built-in webcam"}, {"type": "aspect", "offset": [9, 10], "text": "built-in mic"}, {"type": "aspect", "offset": [55], "text": "cam"}, {"type": "aspect", "offset": [10], "text": "mic"}, {"type": "opinion", "offset": [12, 13], "text": "shorting out"}, {"type": "opinion", "offset": [38], "text": "suffered"}], "relation": [{"type": "negative", "args": [{"type": "aspect", "offset": [6, 7], "text": "built-in webcam"}, {"type": "opinion", "offset": [12, 13], "text": "shorting out"}]}, {"type": "negative", "args": [{"type": "aspect", "offset": [9, 10], "text": "built-in mic"}, {"type": "opinion", "offset": [12, 13], "text": "shorting out"}]}, {"type": "negative", "args": [{"type": "aspect", "offset": [55], "text": "cam"}, {"type": "opinion", "offset": [38], "text": "suffered"}]}, {"type": "negative", "args": [{"type": "aspect", "offset": [10], "text": "mic"}, {"type": "opinion", "offset": [38], "text": "suffered"}]}], "event": [], "spot": ["aspect", "opinion"], "asoc": ["negative"], "spot_asoc": [{"span": "built-in webcam", "label": "aspect", "asoc": [["negative", "shorting out"]]}, {"span": "built-in mic", "label": "aspect", "asoc": [["negative", "shorting out"]]}, {"span": "mic", "label": "aspect", "asoc": [["negative", "suffered"]]}, {"span": "shorting out", "label": "opinion", "asoc": []}, {"span": "suffered", "label": "opinion", "asoc": []}, {"span": "cam", "label": "aspect", "asoc": [["negative", "suffered"]]}]}
{"text": "No luck , although I waited for hours on the phone-Visited MacHouse , they stated the their call center is down due to too many phonecalls ( difficult to believe ) .", "tokens": ["No", "luck", ",", "although", "I", "waited", "for", "hours", "on", "the", "phone-Visited", "MacHouse", ",", "they", "stated", "the", "their", "call", "center", "is", "down", "due", "to", "too", "many", "phonecalls", "(", "difficult", "to", "believe", ")", "."], "record": "<extra_id_0> <extra_id_0> aspect <extra_id_5> call center <extra_id_0> negative <extra_id_5> down <extra_id_1> <extra_id_1> <extra_id_0> opinion <extra_id_5> down <extra_id_1> <extra_id_1>", "entity": [{"type": "aspect", "offset": [17, 18], "text": "call center"}, {"type": "opinion", "offset": [20], "text": "down"}], "relation": [{"type": "negative", "args": [{"type": "aspect", "offset": [17, 18], "text": "call center"}, {"type": "opinion", "offset": [20], "text": "down"}]}], "event": [], "spot": ["aspect", "opinion"], "asoc": ["negative"], "spot_asoc": [{"span": "call center", "label": "aspect", "asoc": [["negative", "down"]]}, {"span": "down", "label": "opinion", "asoc": []}]}
{"text": "There also seemed to be a problem with the hard disc as certain times windows loads but claims to not be able to find any drivers or files .", "tokens": ["There", "also", "seemed", "to", "be", "a", "problem", "with", "the", "hard", "disc", "as", "certain", "times", "windows", "loads", "but", "claims", "to", "not", "be", "able", "to", "find", "any", "drivers", "or", "files", "."], "record": "<extra_id_0> <extra_id_0> opinion <extra_id_5> problem <extra_id_1> <extra_id_0> aspect <extra_id_5> hard disc <extra_id_0> negative <extra_id_5> problem <extra_id_1> <extra_id_1> <extra_id_1>", "entity": [{"type": "aspect", "offset": [9, 10], "text": "hard disc"}, {"type": "opinion", "offset": [6], "text": "problem"}], "relation": [{"type": "negative", "args": [{"type": "aspect", "offset": [9, 10], "text": "hard disc"}, {"type": "opinion", "offset": [6], "text": "problem"}]}], "event": [], "spot": ["aspect", "opinion"], "asoc": ["negative"], "spot_asoc": [{"span": "problem", "label": "opinion", "asoc": []}, {"span": "hard disc", "label": "aspect", "asoc": [["negative", "problem"]]}]}
{"text": "I can barely use any usb devices because they will not stay connected properly .", "tokens": ["I", "can", "barely", "use", "any", "usb", "devices", "because", "they", "will", "not", "stay", "connected", "properly", "."], "record": "<extra_id_0> <extra_id_0> aspect <extra_id_5> usb devices <extra_id_0> negative <extra_id_5> not stay connected properly <extra_id_1> <extra_id_1> <extra_id_0> opinion <extra_id_5> not stay connected properly <extra_id_1> <extra_id_1>", "entity": [{"type": "aspect", "offset": [5, 6], "text": "usb devices"}, {"type": "opinion", "offset": [10, 11, 12, 13], "text": "not stay connected properly"}], "relation": [{"type": "negative", "args": [{"type": "aspect", "offset": [5, 6], "text": "usb devices"}, {"type": "opinion", "offset": [10, 11, 12, 13], "text": "not stay connected properly"}]}], "event": [], "spot": ["aspect", "opinion"], "asoc": ["negative"], "spot_asoc": [{"span": "usb devices", "label": "aspect", "asoc": [["negative", "not stay connected properly"]]}, {"span": "not stay connected properly", "label": "opinion", "asoc": []}]}
{"text": "Some features arent friendly ( volume wheel , sound quality , etc .", "tokens": ["Some", "features", "arent", "friendly", "(", "volume", "wheel", ",", "sound", "quality", ",", "etc", "."], "record": "<extra_id_0> <extra_id_0> aspect <extra_id_5> features <extra_id_0> negative <extra_id_5> arent friendly <extra_id_1> <extra_id_1> <extra_id_0> opinion <extra_id_5> arent friendly <extra_id_1> <extra_id_0> aspect <extra_id_5> volume wheel <extra_id_0> negative <extra_id_5> arent friendly <extra_id_1> <extra_id_1> <extra_id_0> aspect <extra_id_5> sound quality <extra_id_0> negative <extra_id_5> arent friendly <extra_id_1> <extra_id_1> <extra_id_1>", "entity": [{"type": "aspect", "offset": [5, 6], "text": "volume wheel"}, {"type": "aspect", "offset": [8, 9], "text": "sound quality"}, {"type": "aspect", "offset": [1], "text": "features"}, {"type": "opinion", "offset": [2, 3], "text": "arent friendly"}], "relation": [{"type": "negative", "args": [{"type": "aspect", "offset": [5, 6], "text": "volume wheel"}, {"type": "opinion", "offset": [2, 3], "text": "arent friendly"}]}, {"type": "negative", "args": [{"type": "aspect", "offset": [8, 9], "text": "sound quality"}, {"type": "opinion", "offset": [2, 3], "text": "arent friendly"}]}, {"type": "negative", "args": [{"type": "aspect", "offset": [1], "text": "features"}, {"type": "opinion", "offset": [2, 3], "text": "arent friendly"}]}], "event": [], "spot": ["aspect", "opinion"], "asoc": ["negative"], "spot_asoc": [{"span": "features", "label": "aspect", "asoc": [["negative", "arent friendly"]]}, {"span": "arent friendly", "label": "opinion", "asoc": []}, {"span": "volume wheel", "label": "aspect", "asoc": [["negative", "arent friendly"]]}, {"span": "sound quality", "label": "aspect", "asoc": [["negative", "arent friendly"]]}]}
{"text": "Of course , I inspected the other netbooks and clearly their hinges are tighter and I even demonstrate the difference between my netbook and others .", "tokens": ["Of", "course", ",", "I", "inspected", "the", "other", "netbooks", "and", "clearly", "their", "hinges", "are", "tighter", "and", "I", "even", "demonstrate", "the", "difference", "between", "my", "netbook", "and", "others", "."], "record": "<extra_id_0> <extra_id_0> opinion <extra_id_5> clearly <extra_id_1> <extra_id_0> aspect <extra_id_5> hinges <extra_id_0> negative <extra_id_5> clearly <extra_id_1> <extra_id_0> negative <extra_id_5> tighter <extra_id_1> <extra_id_1> <extra_id_0> opinion <extra_id_5> tighter <extra_id_1> <extra_id_1>", "entity": [{"type": "aspect", "offset": [11], "text": "hinges"}, {"type": "opinion", "offset": [9], "text": "clearly"}, {"type": "opinion", "offset": [13], "text": "tighter"}], "relation": [{"type": "negative", "args": [{"type": "aspect", "offset": [11], "text": "hinges"}, {"type": "opinion", "offset": [9], "text": "clearly"}]}, {"type": "negative", "args": [{"type": "aspect", "offset": [11], "text": "hinges"}, {"type": "opinion", "offset": [13], "text": "tighter"}]}], "event": [], "spot": ["aspect", "opinion"], "asoc": ["negative"], "spot_asoc": [{"span": "clearly", "label": "opinion", "asoc": []}, {"span": "hinges", "label": "aspect", "asoc": [["negative", "clearly"], ["negative", "tighter"]]}, {"span": "tighter", "label": "opinion", "asoc": []}]}
{"text": "The Mac version of Microsoft Office is cheaper than buying the actual and works just as well .", "tokens": ["The", "Mac", "version", "of", "Microsoft", "Office", "is", "cheaper", "than", "buying", "the", "actual", "and", "works", "just", "as", "well", "."], "record": "<extra_id_0> <extra_id_0> aspect <extra_id_5> Mac version of Microsoft Office <extra_id_0> positive <extra_id_5> cheaper <extra_id_1> <extra_id_0> positive <extra_id_5> as well <extra_id_1> <extra_id_1> <extra_id_0> opinion <extra_id_5> cheaper <extra_id_1> <extra_id_0> opinion <extra_id_5> as well <extra_id_1> <extra_id_1>", "entity": [{"type": "aspect", "offset": [1, 2, 3, 4, 5], "text": "Mac version of Microsoft Office"}, {"type": "opinion", "offset": [7], "text": "cheaper"}, {"type": "opinion", "offset": [15, 16], "text": "as well"}], "relation": [{"type": "positive", "args": [{"type": "aspect", "offset": [1, 2, 3, 4, 5], "text": "Mac version of Microsoft Office"}, {"type": "opinion", "offset": [7], "text": "cheaper"}]}, {"type": "positive", "args": [{"type": "aspect", "offset": [1, 2, 3, 4, 5], "text": "Mac version of Microsoft Office"}, {"type": "opinion", "offset": [15, 16], "text": "as well"}]}], "event": [], "spot": ["aspect", "opinion"], "asoc": ["positive"], "spot_asoc": [{"span": "Mac version of Microsoft Office", "label": "aspect", "asoc": [["positive", "cheaper"], ["positive", "as well"]]}, {"span": "cheaper", "label": "opinion", "asoc": []}, {"span": "as well", "label": "opinion", "asoc": []}]}
{"text": "I can have both OSX and Windows XP running at the same time !", "tokens": ["I", "can", "have", "both", "OSX", "and", "Windows", "XP", "running", "at", "the", "same", "time", "!"], "record": "<extra_id_0> <extra_id_0> opinion <extra_id_5> both <extra_id_1> <extra_id_0> aspect <extra_id_5> OSX <extra_id_0> positive <extra_id_5> both <extra_id_1> <extra_id_1> <extra_id_0> aspect <extra_id_5> Windows XP <extra_id_0> positive <extra_id_5> both <extra_id_1> <extra_id_1> <extra_id_1>", "entity": [{"type": "aspect", "offset": [4], "text": "OSX"}, {"type": "aspect", "offset": [6, 7], "text": "Windows XP"}, {"type": "opinion", "offset": [3], "text": "both"}], "relation": [{"type": "positive", "args": [{"type": "aspect", "offset": [4], "text": "OSX"}, {"type": "opinion", "offset": [3], "text": "both"}]}, {"type": "positive", "args": [{"type": "aspect", "offset": [6, 7], "text": "Windows XP"}, {"type": "opinion", "offset": [3], "text": "both"}]}], "event": [], "spot": ["aspect", "opinion"], "asoc": ["positive"], "spot_asoc": [{"span": "both", "label": "opinion", "asoc": []}, {"span": "OSX", "label": "aspect", "asoc": [["positive", "both"]]}, {"span": "Windows XP", "label": "aspect", "asoc": [["positive", "both"]]}]}
{"text": "The built in camera is very useful when chatting with other techs in remote buildings on our campus .", "tokens": ["The", "built", "in", "camera", "is", "very", "useful", "when", "chatting", "with", "other", "techs", "in", "remote", "buildings", "on", "our", "campus", "."], "record": "<extra_id_0> <extra_id_0> aspect <extra_id_5> built in camera <extra_id_0> positive <extra_id_5> useful <extra_id_1> <extra_id_1> <extra_id_0> opinion <extra_id_5> useful <extra_id_1> <extra_id_1>", "entity": [{"type": "aspect", "offset": [1, 2, 3], "text": "built in camera"}, {"type": "opinion", "offset": [6], "text": "useful"}], "relation": [{"type": "positive", "args": [{"type": "aspect", "offset": [1, 2, 3], "text": "built in camera"}, {"type": "opinion", "offset": [6], "text": "useful"}]}], "event": [], "spot": ["aspect", "opinion"], "asoc": ["positive"], "spot_asoc": [{"span": "built in camera", "label": "aspect", "asoc": [["positive", "useful"]]}, {"span": "useful", "label": "opinion", "asoc": []}]}
{"text": "Easy to start up and does not overheat as much as other laptops .", "tokens": ["Easy", "to", "start", "up", "and", "does", "not", "overheat", "as", "much", "as", "other", "laptops", "."], "record": "<extra_id_0> <extra_id_0> opinion <extra_id_5> Easy <extra_id_1> <extra_id_0> aspect <extra_id_5> start up <extra_id_0> positive <extra_id_5> Easy <extra_id_1> <extra_id_1> <extra_id_1>", "entity": [{"type": "aspect", "offset": [2, 3], "text": "start up"}, {"type": "opinion", "offset": [0], "text": "Easy"}], "relation": [{"type": "positive", "args": [{"type": "aspect", "offset": [2, 3], "text": "start up"}, {"type": "opinion", "offset": [0], "text": "Easy"}]}], "event": [], "spot": ["aspect", "opinion"], "asoc": ["positive"], "spot_asoc": [{"span": "Easy", "label": "opinion", "asoc": []}, {"span": "start up", "label": "aspect", "asoc": [["positive", "Easy"]]}]}
{"text": "The pictures are clear as can be .", "tokens": ["The", "pictures", "are", "clear", "as", "can", "be", "."], "record": "<extra_id_0> <extra_id_0> aspect <extra_id_5> pictures <extra_id_0> positive <extra_id_5> clear <extra_id_1> <extra_id_1> <extra_id_0> opinion <extra_id_5> clear <extra_id_1> <extra_id_1>", "entity": [{"type": "aspect", "offset": [1], "text": "pictures"}, {"type": "opinion", "offset": [3], "text": "clear"}], "relation": [{"type": "positive", "args": [{"type": "aspect", "offset": [1], "text": "pictures"}, {"type": "opinion", "offset": [3], "text": "clear"}]}], "event": [], "spot": ["aspect", "opinion"], "asoc": ["positive"], "spot_asoc": [{"span": "pictures", "label": "aspect", "asoc": [["positive", "clear"]]}, {"span": "clear", "label": "opinion", "asoc": []}]}
{"text": "A key contributor that led me to Mac is the art aspect .", "tokens": ["A", "key", "contributor", "that", "led", "me", "to", "Mac", "is", "the", "art", "aspect", "."], "record": "<extra_id_0> <extra_id_0> opinion <extra_id_5> contributor <extra_id_1> <extra_id_0> aspect <extra_id_5> art aspect <extra_id_0> positive <extra_id_5> contributor <extra_id_1> <extra_id_1> <extra_id_1>", "entity": [{"type": "aspect", "offset": [10, 11], "text": "art aspect"}, {"type": "opinion", "offset": [2], "text": "contributor"}], "relation": [{"type": "positive", "args": [{"type": "aspect", "offset": [10, 11], "text": "art aspect"}, {"type": "opinion", "offset": [2], "text": "contributor"}]}], "event": [], "spot": ["aspect", "opinion"], "asoc": ["positive"], "spot_asoc": [{"span": "contributor", "label": "opinion", "asoc": []}, {"span": "art aspect", "label": "aspect", "asoc": [["positive", "contributor"]]}]}
{"text": "The operating system and user interface is very intuitive , and the large multi-touch track pad is amazing .", "tokens": ["The", "operating", "system", "and", "user", "interface", "is", "very", "intuitive", ",", "and", "the", "large", "multi-touch", "track", "pad", "is", "amazing", "."], "record": "<extra_id_0> <extra_id_0> aspect <extra_id_5> operating system <extra_id_0> positive <extra_id_5> intuitive <extra_id_1> <extra_id_1> <extra_id_0> aspect <extra_id_5> user interface <extra_id_0> positive <extra_id_5> intuitive <extra_id_1> <extra_id_1> <extra_id_0> opinion <extra_id_5> intuitive <extra_id_1> <extra_id_0> opinion <extra_id_5> large <extra_id_1> <extra_id_0> aspect <extra_id_5> multi-touch track pad <extra_id_0> positive <extra_id_5> large <extra_id_1> <extra_id_0> positive <extra_id_5> amazing <extra_id_1> <extra_id_1> <extra_id_0> opinion <extra_id_5> amazing <extra_id_1> <extra_id_1>", "entity": [{"type": "aspect", "offset": [1, 2], "text": "operating system"}, {"type": "aspect", "offset": [4, 5], "text": "user interface"}, {"type": "aspect", "offset": [13, 14, 15], "text": "multi-touch track pad"}, {"type": "opinion", "offset": [8], "text": "intuitive"}, {"type": "opinion", "offset": [12], "text": "large"}, {"type": "opinion", "offset": [17], "text": "amazing"}], "relation": [{"type": "positive", "args": [{"type": "aspect", "offset": [1, 2], "text": "operating system"}, {"type": "opinion", "offset": [8], "text": "intuitive"}]}, {"type": "positive", "args": [{"type": "aspect", "offset": [4, 5], "text": "user interface"}, {"type": "opinion", "offset": [8], "text": "intuitive"}]}, {"type": "positive", "args": [{"type": "aspect", "offset": [13, 14, 15], "text": "multi-touch track pad"}, {"type": "opinion", "offset": [12], "text": "large"}]}, {"type": "positive", "args": [{"type": "aspect", "offset": [13, 14, 15], "text": "multi-touch track pad"}, {"type": "opinion", "offset": [17], "text": "amazing"}]}], "event": [], "spot": ["aspect", "opinion"], "asoc": ["positive"], "spot_asoc": [{"span": "operating system", "label": "aspect", "asoc": [["positive", "intuitive"]]}, {"span": "user interface", "label": "aspect", "asoc": [["positive", "intuitive"]]}, {"span": "intuitive", "label": "opinion", "asoc": []}, {"span": "large", "label": "opinion", "asoc": []}, {"span": "multi-touch track pad", "label": "aspect", "asoc": [["positive", "large"], ["positive", "amazing"]]}, {"span": "amazing", "label": "opinion", "asoc": []}]}
{"text": "But , for the cost this is a winner .", "tokens": ["But", ",", "for", "the", "cost", "this", "is", "a", "winner", "."], "record": "<extra_id_0> <extra_id_0> aspect <extra_id_5> cost <extra_id_0> positive <extra_id_5> winner <extra_id_1> <extra_id_1> <extra_id_0> opinion <extra_id_5> winner <extra_id_1> <extra_id_1>", "entity": [{"type": "aspect", "offset": [4], "text": "cost"}, {"type": "opinion", "offset": [8], "text": "winner"}], "relation": [{"type": "positive", "args": [{"type": "aspect", "offset": [4], "text": "cost"}, {"type": "opinion", "offset": [8], "text": "winner"}]}], "event": [], "spot": ["aspect", "opinion"], "asoc": ["positive"], "spot_asoc": [{"span": "cost", "label": "aspect", "asoc": [["positive", "winner"]]}, {"span": "winner", "label": "opinion", "asoc": []}]}
{"text": "Overall , this laptop is definitely a keeper with its simple yet stylish design and its array of fantastic colors to choose from .", "tokens": ["Overall", ",", "this", "laptop", "is", "definitely", "a", "keeper", "with", "its", "simple", "yet", "stylish", "design", "and", "its", "array", "of", "fantastic", "colors", "to", "choose", "from", "."], "record": "<extra_id_0> <extra_id_0> opinion <extra_id_5> stylish <extra_id_1> <extra_id_0> aspect <extra_id_5> design <extra_id_0> positive <extra_id_5> stylish <extra_id_1> <extra_id_1> <extra_id_0> opinion <extra_id_5> fantastic <extra_id_1> <extra_id_0> aspect <extra_id_5> colors <extra_id_0> positive <extra_id_5> fantastic <extra_id_1> <extra_id_1> <extra_id_1>", "entity": [{"type": "aspect", "offset": [13], "text": "design"}, {"type": "aspect", "offset": [19], "text": "colors"}, {"type": "opinion", "offset": [12], "text": "stylish"}, {"type": "opinion", "offset": [18], "text": "fantastic"}], "relation": [{"type": "positive", "args": [{"type": "aspect", "offset": [13], "text": "design"}, {"type": "opinion", "offset": [12], "text": "stylish"}]}, {"type": "positive", "args": [{"type": "aspect", "offset": [19], "text": "colors"}, {"type": "opinion", "offset": [18], "text": "fantastic"}]}], "event": [], "spot": ["aspect", "opinion"], "asoc": ["positive"], "spot_asoc": [{"span": "stylish", "label": "opinion", "asoc": []}, {"span": "design", "label": "aspect", "asoc": [["positive", "stylish"]]}, {"span": "fantastic", "label": "opinion", "asoc": []}, {"span": "colors", "label": "aspect", "asoc": [["positive", "fantastic"]]}]}
{"text": "It 's also fairly easy to use the Operating System .", "tokens": ["It", "'s", "also", "fairly", "easy", "to", "use", "the", "Operating", "System", "."], "record": "<extra_id_0> <extra_id_0> opinion <extra_id_5> easy <extra_id_1> <extra_id_0> aspect <extra_id_5> Operating System <extra_id_0> positive <extra_id_5> easy <extra_id_1> <extra_id_1> <extra_id_1>", "entity": [{"type": "aspect", "offset": [8, 9], "text": "Operating System"}, {"type": "opinion", "offset": [4], "text": "easy"}], "relation": [{"type": "positive", "args": [{"type": "aspect", "offset": [8, 9], "text": "Operating System"}, {"type": "opinion", "offset": [4], "text": "easy"}]}], "event": [], "spot": ["aspect", "opinion"], "asoc": ["positive"], "spot_asoc": [{"span": "easy", "label": "opinion", "asoc": []}, {"span": "Operating System", "label": "aspect", "asoc": [["positive", "easy"]]}]}
{"text": "of course my warranty runs out next month .", "tokens": ["of", "course", "my", "warranty", "runs", "out", "next", "month", "."], "record": "<extra_id_0> <extra_id_0> aspect <extra_id_5> warranty <extra_id_0> neutral <extra_id_5> runs out <extra_id_1> <extra_id_1> <extra_id_0> opinion <extra_id_5> runs out <extra_id_1> <extra_id_1>", "entity": [{"type": "aspect", "offset": [3], "text": "warranty"}, {"type": "opinion", "offset": [4, 5], "text": "runs out"}], "relation": [{"type": "neutral", "args": [{"type": "aspect", "offset": [3], "text": "warranty"}, {"type": "opinion", "offset": [4, 5], "text": "runs out"}]}], "event": [], "spot": ["aspect", "opinion"], "asoc": ["neutral"], "spot_asoc": [{"span": "warranty", "label": "aspect", "asoc": [["neutral", "runs out"]]}, {"span": "runs out", "label": "opinion", "asoc": []}]}
{"text": "You know , using the computer should be fun , not aggrevation , especially when you are playing games or working with photos .", "tokens": ["You", "know", ",", "using", "the", "computer", "should", "be", "fun", ",", "not", "aggrevation", ",", "especially", "when", "you", "are", "playing", "games", "or", "working", "with", "photos", "."], "record": "<extra_id_0> <extra_id_0> opinion <extra_id_5> fun <extra_id_1> <extra_id_0> opinion <extra_id_5> not aggrevation <extra_id_1> <extra_id_0> aspect <extra_id_5> playing games <extra_id_0> neutral <extra_id_5> fun <extra_id_1> <extra_id_0> neutral <extra_id_5> not aggrevation <extra_id_1> <extra_id_1> <extra_id_1>", "entity": [{"type": "aspect", "offset": [17, 18], "text": "playing games"}, {"type": "opinion", "offset": [8], "text": "fun"}, {"type": "opinion", "offset": [10, 11], "text": "not aggrevation"}], "relation": [{"type": "neutral", "args": [{"type": "aspect", "offset": [17, 18], "text": "playing games"}, {"type": "opinion", "offset": [8], "text": "fun"}]}, {"type": "neutral", "args": [{"type": "aspect", "offset": [17, 18], "text": "playing games"}, {"type": "opinion", "offset": [10, 11], "text": "not aggrevation"}]}], "event": [], "spot": ["aspect", "opinion"], "asoc": ["neutral"], "spot_asoc": [{"span": "fun", "label": "opinion", "asoc": []}, {"span": "not aggrevation", "label": "opinion", "asoc": []}, {"span": "playing games", "label": "aspect", "asoc": [["neutral", "fun"], ["neutral", "not aggrevation"]]}]}
{"text": "When it come time for warranty service to Toshiba you do n't matter .", "tokens": ["When", "it", "come", "time", "for", "warranty", "service", "to", "Toshiba", "you", "do", "n't", "matter", "."], "record": "<extra_id_0> <extra_id_0> aspect <extra_id_5> warranty service to Toshiba <extra_id_0> neutral <extra_id_5> do n't matter <extra_id_1> <extra_id_1> <extra_id_0> opinion <extra_id_5> do n't matter <extra_id_1> <extra_id_1>", "entity": [{"type": "aspect", "offset": [5, 6, 7, 8], "text": "warranty service to Toshiba"}, {"type": "opinion", "offset": [10, 11, 12], "text": "do n't matter"}], "relation": [{"type": "neutral", "args": [{"type": "aspect", "offset": [5, 6, 7, 8], "text": "warranty service to Toshiba"}, {"type": "opinion", "offset": [10, 11, 12], "text": "do n't matter"}]}], "event": [], "spot": ["aspect", "opinion"], "asoc": ["neutral"], "spot_asoc": [{"span": "warranty service to Toshiba", "label": "aspect", "asoc": [["neutral", "do n't matter"]]}, {"span": "do n't matter", "label": "opinion", "asoc": []}]}
{"text": "So , I took it back to the apple store and they narcissist genius bar staff ) fixed it by resetting the fan at boot up .", "tokens": ["So", ",", "I", "took", "it", "back", "to", "the", "apple", "store", "and", "they", "narcissist", "genius", "bar", "staff", ")", "fixed", "it", "by", "resetting", "the", "fan", "at", "boot", "up", "."], "record": "<extra_id_0> <extra_id_0> opinion <extra_id_5> fixed <extra_id_1> <extra_id_0> aspect <extra_id_5> fan <extra_id_0> neutral <extra_id_5> fixed <extra_id_1> <extra_id_1> <extra_id_1>", "entity": [{"type": "aspect", "offset": [22], "text": "fan"}, {"type": "opinion", "offset": [17], "text": "fixed"}], "relation": [{"type": "neutral", "args": [{"type": "aspect", "offset": [22], "text": "fan"}, {"type": "opinion", "offset": [17], "text": "fixed"}]}], "event": [], "spot": ["aspect", "opinion"], "asoc": ["neutral"], "spot_asoc": [{"span": "fixed", "label": "opinion", "asoc": []}, {"span": "fan", "label": "aspect", "asoc": [["neutral", "fixed"]]}]}
{"text": "I do not experience a lot of heat coming out of it , however I would highly suggest purchasing a stand however , due to the nature of the design of the macbook as it is one very large heat sink .", "tokens": ["I", "do", "not", "experience", "a", "lot", "of", "heat", "coming", "out", "of", "it", ",", "however", "I", "would", "highly", "suggest", "purchasing", "a", "stand", "however", ",", "due", "to", "the", "nature", "of", "the", "design", "of", "the", "macbook", "as", "it", "is", "one", "very", "large", "heat", "sink", "."], "record": "<extra_id_0> <extra_id_0> opinion <extra_id_5> suggest <extra_id_1> <extra_id_0> aspect <extra_id_5> stand <extra_id_0> neutral <extra_id_5> suggest <extra_id_1> <extra_id_1> <extra_id_0> opinion <extra_id_5> large <extra_id_1> <extra_id_0> aspect <extra_id_5> heat sink <extra_id_0> negative <extra_id_5> large <extra_id_1> <extra_id_1> <extra_id_1>", "entity": [{"type": "aspect", "offset": [20], "text": "stand"}, {"type": "aspect", "offset": [39, 40], "text": "heat sink"}, {"type": "opinion", "offset": [17], "text": "suggest"}, {"type": "opinion", "offset": [38], "text": "large"}], "relation": [{"type": "neutral", "args": [{"type": "aspect", "offset": [20], "text": "stand"}, {"type": "opinion", "offset": [17], "text": "suggest"}]}, {"type": "negative", "args": [{"type": "aspect", "offset": [39, 40], "text": "heat sink"}, {"type": "opinion", "offset": [38], "text": "large"}]}], "event": [], "spot": ["aspect", "opinion"], "asoc": ["negative", "neutral"], "spot_asoc": [{"span": "suggest", "label": "opinion", "asoc": []}, {"span": "stand", "label": "aspect", "asoc": [["neutral", "suggest"]]}, {"span": "large", "label": "opinion", "asoc": []}, {"span": "heat sink", "label": "aspect", "asoc": [["negative", "large"]]}]}
{"text": "While it was highly rated , would I like it ? I tried the keyboard at the store , and it seemed ok .", "tokens": ["While", "it", "was", "highly", "rated", ",", "would", "I", "like", "it", "?", "I", "tried", "the", "keyboard", "at", "the", "store", ",", "and", "it", "seemed", "ok", "."], "record": "<extra_id_0> <extra_id_0> aspect <extra_id_5> keyboard <extra_id_0> neutral <extra_id_5> ok <extra_id_1> <extra_id_1> <extra_id_0> opinion <extra_id_5> ok <extra_id_1> <extra_id_1>", "entity": [{"type": "aspect", "offset": [14], "text": "keyboard"}, {"type": "opinion", "offset": [22], "text": "ok"}], "relation": [{"type": "neutral", "args": [{"type": "aspect", "offset": [14], "text": "keyboard"}, {"type": "opinion", "offset": [22], "text": "ok"}]}], "event": [], "spot": ["aspect", "opinion"], "asoc": ["neutral"], "spot_asoc": [{"span": "keyboard", "label": "aspect", "asoc": [["neutral", "ok"]]}, {"span": "ok", "label": "opinion", "asoc": []}]}
{"text": "After replacing the hard drive the battery stopped working ( 3 months of use ) which was frustrating .", "tokens": ["After", "replacing", "the", "hard", "drive", "the", "battery", "stopped", "working", "(", "3", "months", "of", "use", ")", "which", "was", "frustrating", "."], "record": "<extra_id_0> <extra_id_0> opinion <extra_id_5> replacing <extra_id_1> <extra_id_0> aspect <extra_id_5> hard drive <extra_id_0> neutral <extra_id_5> replacing <extra_id_1> <extra_id_1> <extra_id_0> aspect <extra_id_5> battery <extra_id_0> negative <extra_id_5> stopped working <extra_id_1> <extra_id_1> <extra_id_0> opinion <extra_id_5> stopped working <extra_id_1> <extra_id_1>", "entity": [{"type": "aspect", "offset": [3, 4], "text": "hard drive"}, {"type": "aspect", "offset": [6], "text": "battery"}, {"type": "opinion", "offset": [1], "text": "replacing"}, {"type": "opinion", "offset": [7, 8], "text": "stopped working"}], "relation": [{"type": "neutral", "args": [{"type": "aspect", "offset": [3, 4], "text": "hard drive"}, {"type": "opinion", "offset": [1], "text": "replacing"}]}, {"type": "negative", "args": [{"type": "aspect", "offset": [6], "text": "battery"}, {"type": "opinion", "offset": [7, 8], "text": "stopped working"}]}], "event": [], "spot": ["aspect", "opinion"], "asoc": ["negative", "neutral"], "spot_asoc": [{"span": "replacing", "label": "opinion", "asoc": []}, {"span": "hard drive", "label": "aspect", "asoc": [["neutral", "replacing"]]}, {"span": "battery", "label": "aspect", "asoc": [["negative", "stopped working"]]}, {"span": "stopped working", "label": "opinion", "asoc": []}]}
{"text": "The reflectiveness of the display is only a minor inconvenience if you work in a controlled-lighting environment like me ( I prefer it dark ) or if you can crank up the brightness .", "tokens": ["The", "reflectiveness", "of", "the", "display", "is", "only", "a", "minor", "inconvenience", "if", "you", "work", "in", "a", "controlled-lighting", "environment", "like", "me", "(", "I", "prefer", "it", "dark", ")", "or", "if", "you", "can", "crank", "up", "the", "brightness", "."], "record": "<extra_id_0> <extra_id_0> aspect <extra_id_5> display <extra_id_0> negative <extra_id_5> minor inconvenience <extra_id_1> <extra_id_1> <extra_id_0> opinion <extra_id_5> minor inconvenience <extra_id_1> <extra_id_0> opinion <extra_id_5> crank up <extra_id_1> <extra_id_0> aspect <extra_id_5> brightness <extra_id_0> neutral <extra_id_5> crank up <extra_id_1> <extra_id_1> <extra_id_1>", "entity": [{"type": "aspect", "offset": [4], "text": "display"}, {"type": "aspect", "offset": [32], "text": "brightness"}, {"type": "opinion", "offset": [8, 9], "text": "minor inconvenience"}, {"type": "opinion", "offset": [29, 30], "text": "crank up"}], "relation": [{"type": "negative", "args": [{"type": "aspect", "offset": [4], "text": "display"}, {"type": "opinion", "offset": [8, 9], "text": "minor inconvenience"}]}, {"type": "neutral", "args": [{"type": "aspect", "offset": [32], "text": "brightness"}, {"type": "opinion", "offset": [29, 30], "text": "crank up"}]}], "event": [], "spot": ["aspect", "opinion"], "asoc": ["neutral", "negative"], "spot_asoc": [{"span": "display", "label": "aspect", "asoc": [["negative", "minor inconvenience"]]}, {"span": "minor inconvenience", "label": "opinion", "asoc": []}, {"span": "crank up", "label": "opinion", "asoc": []}, {"span": "brightness", "label": "aspect", "asoc": [["neutral", "crank up"]]}]}
{"text": "Great Laptop for the price , works well with action pack games .", "tokens": ["Great", "Laptop", "for", "the", "price", ",", "works", "well", "with", "action", "pack", "games", "."], "record": "<extra_id_0> <extra_id_0> opinion <extra_id_5> Great <extra_id_1> <extra_id_0> aspect <extra_id_5> price <extra_id_0> positive <extra_id_5> Great <extra_id_1> <extra_id_1> <extra_id_0> aspect <extra_id_5> works <extra_id_0> positive <extra_id_5> well <extra_id_1> <extra_id_1> <extra_id_0> opinion <extra_id_5> well <extra_id_1> <extra_id_0> aspect <extra_id_5> action pack games <extra_id_0> neutral <extra_id_5> well <extra_id_1> <extra_id_1> <extra_id_1>", "entity": [{"type": "aspect", "offset": [4], "text": "price"}, {"type": "aspect", "offset": [9, 10, 11], "text": "action pack games"}, {"type": "aspect", "offset": [6], "text": "works"}, {"type": "opinion", "offset": [0], "text": "Great"}, {"type": "opinion", "offset": [7], "text": "well"}], "relation": [{"type": "positive", "args": [{"type": "aspect", "offset": [4], "text": "price"}, {"type": "opinion", "offset": [0], "text": "Great"}]}, {"type": "neutral", "args": [{"type": "aspect", "offset": [9, 10, 11], "text": "action pack games"}, {"type": "opinion", "offset": [7], "text": "well"}]}, {"type": "positive", "args": [{"type": "aspect", "offset": [6], "text": "works"}, {"type": "opinion", "offset": [7], "text": "well"}]}], "event": [], "spot": ["aspect", "opinion"], "asoc": ["positive", "neutral"], "spot_asoc": [{"span": "Great", "label": "opinion", "asoc": []}, {"span": "price", "label": "aspect", "asoc": [["positive", "Great"]]}, {"span": "works", "label": "aspect", "asoc": [["positive", "well"]]}, {"span": "well", "label": "opinion", "asoc": []}, {"span": "action pack games", "label": "aspect", "asoc": [["neutral", "well"]]}]}
{"text": "my niece and nephew have played a few web games and it runs anything that does n't require a dedicated video card .", "tokens": ["my", "niece", "and", "nephew", "have", "played", "a", "few", "web", "games", "and", "it", "runs", "anything", "that", "does", "n't", "require", "a", "dedicated", "video", "card", "."], "record": "<extra_id_0> <extra_id_0> opinion <extra_id_5> dedicated <extra_id_1> <extra_id_0> aspect <extra_id_5> video card <extra_id_0> neutral <extra_id_5> dedicated <extra_id_1> <extra_id_1> <extra_id_1>", "entity": [{"type": "aspect", "offset": [20, 21], "text": "video card"}, {"type": "opinion", "offset": [19], "text": "dedicated"}], "relation": [{"type": "neutral", "args": [{"type": "aspect", "offset": [20, 21], "text": "video card"}, {"type": "opinion", "offset": [19], "text": "dedicated"}]}], "event": [], "spot": ["aspect", "opinion"], "asoc": ["neutral"], "spot_asoc": [{"span": "dedicated", "label": "opinion", "asoc": []}, {"span": "video card", "label": "aspect", "asoc": [["neutral", "dedicated"]]}]}
