{"text": "The screen is bright and clear , the operating system is solid and friendly to a novice .", "tokens": ["The", "screen", "is", "bright", "and", "clear", ",", "the", "operating", "system", "is", "solid", "and", "friendly", "to", "a", "novice", "."], "record": "<extra_id_0> <extra_id_0> aspect <extra_id_5> screen <extra_id_0> positive <extra_id_5> bright <extra_id_1> <extra_id_0> positive <extra_id_5> clear <extra_id_1> <extra_id_1> <extra_id_0> opinion <extra_id_5> bright <extra_id_1> <extra_id_0> opinion <extra_id_5> clear <extra_id_1> <extra_id_0> aspect <extra_id_5> operating system <extra_id_0> positive <extra_id_5> solid <extra_id_1> <extra_id_0> positive <extra_id_5> friendly <extra_id_1> <extra_id_1> <extra_id_0> opinion <extra_id_5> solid <extra_id_1> <extra_id_0> opinion <extra_id_5> friendly <extra_id_1> <extra_id_1>", "entity": [{"type": "aspect", "offset": [1], "text": "screen"}, {"type": "aspect", "offset": [8, 9], "text": "operating system"}, {"type": "opinion", "offset": [3], "text": "bright"}, {"type": "opinion", "offset": [5], "text": "clear"}, {"type": "opinion", "offset": [11], "text": "solid"}, {"type": "opinion", "offset": [13], "text": "friendly"}], "relation": [{"type": "positive", "args": [{"type": "aspect", "offset": [1], "text": "screen"}, {"type": "opinion", "offset": [3], "text": "bright"}]}, {"type": "positive", "args": [{"type": "aspect", "offset": [1], "text": "screen"}, {"type": "opinion", "offset": [5], "text": "clear"}]}, {"type": "positive", "args": [{"type": "aspect", "offset": [8, 9], "text": "operating system"}, {"type": "opinion", "offset": [11], "text": "solid"}]}, {"type": "positive", "args": [{"type": "aspect", "offset": [8, 9], "text": "operating system"}, {"type": "opinion", "offset": [13], "text": "friendly"}]}], "event": [], "spot": ["aspect", "opinion"], "asoc": ["positive"], "spot_asoc": [{"span": "screen", "label": "aspect", "asoc": [["positive", "bright"], ["positive", "clear"]]}, {"span": "bright", "label": "opinion", "asoc": []}, {"span": "clear", "label": "opinion", "asoc": []}, {"span": "operating system", "label": "aspect", "asoc": [["positive", "solid"], ["positive", "friendly"]]}, {"span": "solid", "label": "opinion", "asoc": []}, {"span": "friendly", "label": "opinion", "asoc": []}]}
{"text": "I love this program , it is superior to windows movie maker .", "tokens": ["I", "love", "this", "program", ",", "it", "is", "superior", "to", "windows", "movie", "maker", "."], "record": "<extra_id_0> <extra_id_0> opinion <extra_id_5> love <extra_id_1> <extra_id_0> aspect <extra_id_5> program <extra_id_0> positive <extra_id_5> love <extra_id_1> <extra_id_0> positive <extra_id_5> superior <extra_id_1> <extra_id_1> <extra_id_0> opinion <extra_id_5> superior <extra_id_1> <extra_id_1>", "entity": [{"type": "aspect", "offset": [3], "text": "program"}, {"type": "opinion", "offset": [1], "text": "love"}, {"type": "opinion", "offset": [7], "text": "superior"}], "relation": [{"type": "positive", "args": [{"type": "aspect", "offset": [3], "text": "program"}, {"type": "opinion", "offset": [1], "text": "love"}]}, {"type": "positive", "args": [{"type": "aspect", "offset": [3], "text": "program"}, {"type": "opinion", "offset": [7], "text": "superior"}]}], "event": [], "spot": ["aspect", "opinion"], "asoc": ["positive"], "spot_asoc": [{"span": "love", "label": "opinion", "asoc": []}, {"span": "program", "label": "aspect", "asoc": [["positive", "love"], ["positive", "superior"]]}, {"span": "superior", "label": "opinion", "asoc": []}]}
{"text": "Supplied software : The software that comes with this machine is greatly welcomed compared to what Windows comes with .", "tokens": ["Supplied", "software", ":", "The", "software", "that", "comes", "with", "this", "machine", "is", "greatly", "welcomed", "compared", "to", "what", "Windows", "comes", "with", "."], "record": "<extra_id_0> <extra_id_0> aspect <extra_id_5> Supplied software <extra_id_0> neutral <extra_id_5> greatly welcomed <extra_id_1> <extra_id_1> <extra_id_0> aspect <extra_id_5> software <extra_id_0> positive <extra_id_5> greatly welcomed <extra_id_1> <extra_id_1> <extra_id_0> opinion <extra_id_5> greatly welcomed <extra_id_1> <extra_id_1>", "entity": [{"type": "aspect", "offset": [0, 1], "text": "Supplied software"}, {"type": "aspect", "offset": [4], "text": "software"}, {"type": "opinion", "offset": [11, 12], "text": "greatly welcomed"}], "relation": [{"type": "neutral", "args": [{"type": "aspect", "offset": [0, 1], "text": "Supplied software"}, {"type": "opinion", "offset": [11, 12], "text": "greatly welcomed"}]}, {"type": "positive", "args": [{"type": "aspect", "offset": [4], "text": "software"}, {"type": "opinion", "offset": [11, 12], "text": "greatly welcomed"}]}], "event": [], "spot": ["aspect", "opinion"], "asoc": ["positive", "neutral"], "spot_asoc": [{"span": "Supplied software", "label": "aspect", "asoc": [["neutral", "greatly welcomed"]]}, {"span": "software", "label": "aspect", "asoc": [["positive", "greatly welcomed"]]}, {"span": "greatly welcomed", "label": "opinion", "asoc": []}]}
{"text": "BEST BUY - 5 STARS + + + ( sales , service , respect for old men who are n't familiar with the technology ) DELL COMPUTERS - 3 stars DELL SUPPORT - owes a me a couple", "tokens": ["BEST", "BUY", "-", "5", "STARS", "+", "+", "+", "(", "sales", ",", "service", ",", "respect", "for", "old", "men", "who", "are", "n't", "familiar", "with", "the", "technology", ")", "DELL", "COMPUTERS", "-", "3", "stars", "DELL", "SUPPORT", "-", "owes", "a", "me", "a", "couple"], "record": "<extra_id_0> <extra_id_0> opinion <extra_id_5> BEST <extra_id_1> <extra_id_0> aspect <extra_id_5> sales <extra_id_0> positive <extra_id_5> BEST <extra_id_1> <extra_id_1> <extra_id_0> aspect <extra_id_5> service <extra_id_0> positive <extra_id_5> BEST <extra_id_1> <extra_id_1> <extra_id_1>", "entity": [{"type": "aspect", "offset": [9], "text": "sales"}, {"type": "aspect", "offset": [11], "text": "service"}, {"type": "opinion", "offset": [0], "text": "BEST"}], "relation": [{"type": "positive", "args": [{"type": "aspect", "offset": [9], "text": "sales"}, {"type": "opinion", "offset": [0], "text": "BEST"}]}, {"type": "positive", "args": [{"type": "aspect", "offset": [11], "text": "service"}, {"type": "opinion", "offset": [0], "text": "BEST"}]}], "event": [], "spot": ["aspect", "opinion"], "asoc": ["positive"], "spot_asoc": [{"span": "BEST", "label": "opinion", "asoc": []}, {"span": "sales", "label": "aspect", "asoc": [["positive", "BEST"]]}, {"span": "service", "label": "aspect", "asoc": [["positive", "BEST"]]}]}
{"text": "Have not yet needed any customer support with this yet so to me that is a great thing , which is leaps and bounds ahead of PC in my opinion .", "tokens": ["Have", "not", "yet", "needed", "any", "customer", "support", "with", "this", "yet", "so", "to", "me", "that", "is", "a", "great", "thing", ",", "which", "is", "leaps", "and", "bounds", "ahead", "of", "PC", "in", "my", "opinion", "."], "record": "<extra_id_0> <extra_id_0> aspect <extra_id_5> customer support <extra_id_0> positive <extra_id_5> great <extra_id_1> <extra_id_1> <extra_id_0> opinion <extra_id_5> great <extra_id_1> <extra_id_1>", "entity": [{"type": "aspect", "offset": [5, 6], "text": "customer support"}, {"type": "opinion", "offset": [16], "text": "great"}], "relation": [{"type": "positive", "args": [{"type": "aspect", "offset": [5, 6], "text": "customer support"}, {"type": "opinion", "offset": [16], "text": "great"}]}], "event": [], "spot": ["aspect", "opinion"], "asoc": ["positive"], "spot_asoc": [{"span": "customer support", "label": "aspect", "asoc": [["positive", "great"]]}, {"span": "great", "label": "opinion", "asoc": []}]}
{"text": "The programs that come standard with the Leopard running system are enough for the average person to run all the basics .", "tokens": ["The", "programs", "that", "come", "standard", "with", "the", "Leopard", "running", "system", "are", "enough", "for", "the", "average", "person", "to", "run", "all", "the", "basics", "."], "record": "<extra_id_0> <extra_id_0> aspect <extra_id_5> programs <extra_id_0> positive <extra_id_5> enough <extra_id_1> <extra_id_1> <extra_id_0> opinion <extra_id_5> enough <extra_id_1> <extra_id_1>", "entity": [{"type": "aspect", "offset": [1], "text": "programs"}, {"type": "opinion", "offset": [11], "text": "enough"}], "relation": [{"type": "positive", "args": [{"type": "aspect", "offset": [1], "text": "programs"}, {"type": "opinion", "offset": [11], "text": "enough"}]}], "event": [], "spot": ["aspect", "opinion"], "asoc": ["positive"], "spot_asoc": [{"span": "programs", "label": "aspect", "asoc": [["positive", "enough"]]}, {"span": "enough", "label": "opinion", "asoc": []}]}
{"text": "We upgraded the memory to four gigabytes in order to take advantage of the performace increase in speed .", "tokens": ["We", "upgraded", "the", "memory", "to", "four", "gigabytes", "in", "order", "to", "take", "advantage", "of", "the", "performace", "increase", "in", "speed", "."], "record": "<extra_id_0> <extra_id_0> aspect <extra_id_5> performace <extra_id_0> positive <extra_id_5> increase <extra_id_1> <extra_id_1> <extra_id_0> opinion <extra_id_5> increase <extra_id_1> <extra_id_0> aspect <extra_id_5> speed <extra_id_0> positive <extra_id_5> increase <extra_id_1> <extra_id_1> <extra_id_1>", "entity": [{"type": "aspect", "offset": [17], "text": "speed"}, {"type": "aspect", "offset": [14], "text": "performace"}, {"type": "opinion", "offset": [15], "text": "increase"}], "relation": [{"type": "positive", "args": [{"type": "aspect", "offset": [17], "text": "speed"}, {"type": "opinion", "offset": [15], "text": "increase"}]}, {"type": "positive", "args": [{"type": "aspect", "offset": [14], "text": "performace"}, {"type": "opinion", "offset": [15], "text": "increase"}]}], "event": [], "spot": ["aspect", "opinion"], "asoc": ["positive"], "spot_asoc": [{"span": "performace", "label": "aspect", "asoc": [["positive", "increase"]]}, {"span": "increase", "label": "opinion", "asoc": []}, {"span": "speed", "label": "aspect", "asoc": [["positive", "increase"]]}]}
{"text": "Very good quality and well made .", "tokens": ["Very", "good", "quality", "and", "well", "made", "."], "record": "<extra_id_0> <extra_id_0> opinion <extra_id_5> good <extra_id_1> <extra_id_0> aspect <extra_id_5> quality <extra_id_0> positive <extra_id_5> good <extra_id_1> <extra_id_1> <extra_id_1>", "entity": [{"type": "aspect", "offset": [2], "text": "quality"}, {"type": "opinion", "offset": [1], "text": "good"}], "relation": [{"type": "positive", "args": [{"type": "aspect", "offset": [2], "text": "quality"}, {"type": "opinion", "offset": [1], "text": "good"}]}], "event": [], "spot": ["aspect", "opinion"], "asoc": ["positive"], "spot_asoc": [{"span": "good", "label": "opinion", "asoc": []}, {"span": "quality", "label": "aspect", "asoc": [["positive", "good"]]}]}
{"text": "Its pretty fast and does not have hiccups while I am using it for web browsing , uploading photos , watching movies ( 720p ) on occasion and creating presentations .", "tokens": ["Its", "pretty", "fast", "and", "does", "not", "have", "hiccups", "while", "I", "am", "using", "it", "for", "web", "browsing", ",", "uploading", "photos", ",", "watching", "movies", "(", "720p", ")", "on", "occasion", "and", "creating", "presentations", "."], "record": "<extra_id_0> <extra_id_0> opinion <extra_id_5> fast <extra_id_1> <extra_id_0> aspect <extra_id_5> web browsing <extra_id_0> positive <extra_id_5> fast <extra_id_1> <extra_id_1> <extra_id_0> aspect <extra_id_5> uploading photos <extra_id_0> positive <extra_id_5> fast <extra_id_1> <extra_id_1> <extra_id_0> aspect <extra_id_5> watching movies <extra_id_0> positive <extra_id_5> fast <extra_id_1> <extra_id_1> <extra_id_0> aspect <extra_id_5> creating presentations <extra_id_0> positive <extra_id_5> fast <extra_id_1> <extra_id_1> <extra_id_1>", "entity": [{"type": "aspect", "offset": [14, 15], "text": "web browsing"}, {"type": "aspect", "offset": [17, 18], "text": "uploading photos"}, {"type": "aspect", "offset": [20, 21], "text": "watching movies"}, {"type": "aspect", "offset": [28, 29], "text": "creating presentations"}, {"type": "opinion", "offset": [2], "text": "fast"}], "relation": [{"type": "positive", "args": [{"type": "aspect", "offset": [14, 15], "text": "web browsing"}, {"type": "opinion", "offset": [2], "text": "fast"}]}, {"type": "positive", "args": [{"type": "aspect", "offset": [17, 18], "text": "uploading photos"}, {"type": "opinion", "offset": [2], "text": "fast"}]}, {"type": "positive", "args": [{"type": "aspect", "offset": [20, 21], "text": "watching movies"}, {"type": "opinion", "offset": [2], "text": "fast"}]}, {"type": "positive", "args": [{"type": "aspect", "offset": [28, 29], "text": "creating presentations"}, {"type": "opinion", "offset": [2], "text": "fast"}]}], "event": [], "spot": ["aspect", "opinion"], "asoc": ["positive"], "spot_asoc": [{"span": "fast", "label": "opinion", "asoc": []}, {"span": "web browsing", "label": "aspect", "asoc": [["positive", "fast"]]}, {"span": "uploading photos", "label": "aspect", "asoc": [["positive", "fast"]]}, {"span": "watching movies", "label": "aspect", "asoc": [["positive", "fast"]]}, {"span": "creating presentations", "label": "aspect", "asoc": [["positive", "fast"]]}]}
{"text": "The battery life is amazingly long at 7hrs and 5hrs if you use it .", "tokens": ["The", "battery", "life", "is", "amazingly", "long", "at", "7hrs", "and", "5hrs", "if", "you", "use", "it", "."], "record": "<extra_id_0> <extra_id_0> aspect <extra_id_5> battery life <extra_id_0> positive <extra_id_5> long <extra_id_1> <extra_id_1> <extra_id_0> opinion <extra_id_5> long <extra_id_1> <extra_id_1>", "entity": [{"type": "aspect", "offset": [1, 2], "text": "battery life"}, {"type": "opinion", "offset": [5], "text": "long"}], "relation": [{"type": "positive", "args": [{"type": "aspect", "offset": [1, 2], "text": "battery life"}, {"type": "opinion", "offset": [5], "text": "long"}]}], "event": [], "spot": ["aspect", "opinion"], "asoc": ["positive"], "spot_asoc": [{"span": "battery life", "label": "aspect", "asoc": [["positive", "long"]]}, {"span": "long", "label": "opinion", "asoc": []}]}
{"text": "Called Acer many times , they want me to pay the shipping to ship it to their repair center - I was very disappointed since it is a brand new computer !", "tokens": ["Called", "Acer", "many", "times", ",", "they", "want", "me", "to", "pay", "the", "shipping", "to", "ship", "it", "to", "their", "repair", "center", "-", "I", "was", "very", "disappointed", "since", "it", "is", "a", "brand", "new", "computer", "!"], "record": "<extra_id_0> <extra_id_0> aspect <extra_id_5> shipping <extra_id_0> negative <extra_id_5> disappointed <extra_id_1> <extra_id_1> <extra_id_0> aspect <extra_id_5> repair center <extra_id_0> neutral <extra_id_5> disappointed <extra_id_1> <extra_id_1> <extra_id_0> opinion <extra_id_5> disappointed <extra_id_1> <extra_id_1>", "entity": [{"type": "aspect", "offset": [11], "text": "shipping"}, {"type": "aspect", "offset": [17, 18], "text": "repair center"}, {"type": "opinion", "offset": [23], "text": "disappointed"}], "relation": [{"type": "negative", "args": [{"type": "aspect", "offset": [11], "text": "shipping"}, {"type": "opinion", "offset": [23], "text": "disappointed"}]}, {"type": "neutral", "args": [{"type": "aspect", "offset": [17, 18], "text": "repair center"}, {"type": "opinion", "offset": [23], "text": "disappointed"}]}], "event": [], "spot": ["aspect", "opinion"], "asoc": ["neutral", "negative"], "spot_asoc": [{"span": "shipping", "label": "aspect", "asoc": [["negative", "disappointed"]]}, {"span": "repair center", "label": "aspect", "asoc": [["neutral", "disappointed"]]}, {"span": "disappointed", "label": "opinion", "asoc": []}]}
{"text": "STOPPED BOOTING UP less than a week after my one-year warranty was up .", "tokens": ["STOPPED", "BOOTING", "UP", "less", "than", "a", "week", "after", "my", "one-year", "warranty", "was", "up", "."], "record": "<extra_id_0> <extra_id_0> opinion <extra_id_5> STOPPED <extra_id_1> <extra_id_0> aspect <extra_id_5> BOOTING UP <extra_id_0> negative <extra_id_5> STOPPED <extra_id_1> <extra_id_1> <extra_id_0> aspect <extra_id_5> one-year warranty <extra_id_0> neutral <extra_id_5> up <extra_id_1> <extra_id_1> <extra_id_0> opinion <extra_id_5> up <extra_id_1> <extra_id_1>", "entity": [{"type": "aspect", "offset": [1, 2], "text": "BOOTING UP"}, {"type": "aspect", "offset": [9, 10], "text": "one-year warranty"}, {"type": "opinion", "offset": [0], "text": "STOPPED"}, {"type": "opinion", "offset": [12], "text": "up"}], "relation": [{"type": "negative", "args": [{"type": "aspect", "offset": [1, 2], "text": "BOOTING UP"}, {"type": "opinion", "offset": [0], "text": "STOPPED"}]}, {"type": "neutral", "args": [{"type": "aspect", "offset": [9, 10], "text": "one-year warranty"}, {"type": "opinion", "offset": [12], "text": "up"}]}], "event": [], "spot": ["aspect", "opinion"], "asoc": ["neutral", "negative"], "spot_asoc": [{"span": "STOPPED", "label": "opinion", "asoc": []}, {"span": "BOOTING UP", "label": "aspect", "asoc": [["negative", "STOPPED"]]}, {"span": "one-year warranty", "label": "aspect", "asoc": [["neutral", "up"]]}, {"span": "up", "label": "opinion", "asoc": []}]}
{"text": "oh yeah , and if the fancy webcam breaks guess who you have to send it to to get it fixed ?", "tokens": ["oh", "yeah", ",", "and", "if", "the", "fancy", "webcam", "breaks", "guess", "who", "you", "have", "to", "send", "it", "to", "to", "get", "it", "fixed", "?"], "record": "<extra_id_0> <extra_id_0> opinion <extra_id_5> fancy <extra_id_1> <extra_id_0> aspect <extra_id_5> webcam <extra_id_0> negative <extra_id_5> fancy <extra_id_1> <extra_id_1> <extra_id_1>", "entity": [{"type": "aspect", "offset": [7], "text": "webcam"}, {"type": "opinion", "offset": [6], "text": "fancy"}], "relation": [{"type": "negative", "args": [{"type": "aspect", "offset": [7], "text": "webcam"}, {"type": "opinion", "offset": [6], "text": "fancy"}]}], "event": [], "spot": ["aspect", "opinion"], "asoc": ["negative"], "spot_asoc": [{"span": "fancy", "label": "opinion", "asoc": []}, {"span": "webcam", "label": "aspect", "asoc": [["negative", "fancy"]]}]}
{"text": "I love a \" pc \" but I was ready for a change and tired of the windows system .", "tokens": ["I", "love", "a", "\"", "pc", "\"", "but", "I", "was", "ready", "for", "a", "change", "and", "tired", "of", "the", "windows", "system", "."], "record": "<extra_id_0> <extra_id_0> opinion <extra_id_5> tired of <extra_id_1> <extra_id_0> aspect <extra_id_5> windows system <extra_id_0> negative <extra_id_5> tired of <extra_id_1> <extra_id_1> <extra_id_1>", "entity": [{"type": "aspect", "offset": [17, 18], "text": "windows system"}, {"type": "opinion", "offset": [14, 15], "text": "tired of"}], "relation": [{"type": "negative", "args": [{"type": "aspect", "offset": [17, 18], "text": "windows system"}, {"type": "opinion", "offset": [14, 15], "text": "tired of"}]}], "event": [], "spot": ["aspect", "opinion"], "asoc": ["negative"], "spot_asoc": [{"span": "tired of", "label": "opinion", "asoc": []}, {"span": "windows system", "label": "aspect", "asoc": [["negative", "tired of"]]}]}
{"text": "As a lifelong Windows user , I was extremely pleased to make the change to Mac .", "tokens": ["As", "a", "lifelong", "Windows", "user", ",", "I", "was", "extremely", "pleased", "to", "make", "the", "change", "to", "Mac", "."], "record": "<extra_id_0> <extra_id_0> aspect <extra_id_5> Windows <extra_id_0> negative <extra_id_5> pleased <extra_id_1> <extra_id_1> <extra_id_0> opinion <extra_id_5> pleased <extra_id_1> <extra_id_1>", "entity": [{"type": "aspect", "offset": [3], "text": "Windows"}, {"type": "opinion", "offset": [9], "text": "pleased"}], "relation": [{"type": "negative", "args": [{"type": "aspect", "offset": [3], "text": "Windows"}, {"type": "opinion", "offset": [9], "text": "pleased"}]}], "event": [], "spot": ["aspect", "opinion"], "asoc": ["negative"], "spot_asoc": [{"span": "Windows", "label": "aspect", "asoc": [["negative", "pleased"]]}, {"span": "pleased", "label": "opinion", "asoc": []}]}
{"text": "When you look at the specs on Apple products in comparison to a Dell or a HP , yes they do seem to offer less for a higher cost .", "tokens": ["When", "you", "look", "at", "the", "specs", "on", "Apple", "products", "in", "comparison", "to", "a", "Dell", "or", "a", "HP", ",", "yes", "they", "do", "seem", "to", "offer", "less", "for", "a", "higher", "cost", "."], "record": "<extra_id_0> <extra_id_0> opinion <extra_id_5> higher <extra_id_1> <extra_id_0> aspect <extra_id_5> cost <extra_id_0> negative <extra_id_5> higher <extra_id_1> <extra_id_1> <extra_id_1>", "entity": [{"type": "aspect", "offset": [28], "text": "cost"}, {"type": "opinion", "offset": [27], "text": "higher"}], "relation": [{"type": "negative", "args": [{"type": "aspect", "offset": [28], "text": "cost"}, {"type": "opinion", "offset": [27], "text": "higher"}]}], "event": [], "spot": ["aspect", "opinion"], "asoc": ["negative"], "spot_asoc": [{"span": "higher", "label": "opinion", "asoc": []}, {"span": "cost", "label": "aspect", "asoc": [["negative", "higher"]]}]}
{"text": "I use a cooling pad but it does n't help .", "tokens": ["I", "use", "a", "cooling", "pad", "but", "it", "does", "n't", "help", "."], "record": "<extra_id_0> <extra_id_0> aspect <extra_id_5> cooling pad <extra_id_0> negative <extra_id_5> does n't help <extra_id_1> <extra_id_1> <extra_id_0> opinion <extra_id_5> does n't help <extra_id_1> <extra_id_1>", "entity": [{"type": "aspect", "offset": [3, 4], "text": "cooling pad"}, {"type": "opinion", "offset": [7, 8, 9], "text": "does n't help"}], "relation": [{"type": "negative", "args": [{"type": "aspect", "offset": [3, 4], "text": "cooling pad"}, {"type": "opinion", "offset": [7, 8, 9], "text": "does n't help"}]}], "event": [], "spot": ["aspect", "opinion"], "asoc": ["negative"], "spot_asoc": [{"span": "cooling pad", "label": "aspect", "asoc": [["negative", "does n't help"]]}, {"span": "does n't help", "label": "opinion", "asoc": []}]}
{"text": "It was not clear that the Microsoft Student Edition that was loaded on the computer , was a six month trial .", "tokens": ["It", "was", "not", "clear", "that", "the", "Microsoft", "Student", "Edition", "that", "was", "loaded", "on", "the", "computer", ",", "was", "a", "six", "month", "trial", "."], "record": "<extra_id_0> <extra_id_0> opinion <extra_id_5> not clear <extra_id_1> <extra_id_0> aspect <extra_id_5> Microsoft Student Edition <extra_id_0> negative <extra_id_5> not clear <extra_id_1> <extra_id_1> <extra_id_1>", "entity": [{"type": "aspect", "offset": [6, 7, 8], "text": "Microsoft Student Edition"}, {"type": "opinion", "offset": [2, 3], "text": "not clear"}], "relation": [{"type": "negative", "args": [{"type": "aspect", "offset": [6, 7, 8], "text": "Microsoft Student Edition"}, {"type": "opinion", "offset": [2, 3], "text": "not clear"}]}], "event": [], "spot": ["aspect", "opinion"], "asoc": ["negative"], "spot_asoc": [{"span": "not clear", "label": "opinion", "asoc": []}, {"span": "Microsoft Student Edition", "label": "aspect", "asoc": [["negative", "not clear"]]}]}
{"text": "The technical service for dell is so 3rd world it might as well not even bother .", "tokens": ["The", "technical", "service", "for", "dell", "is", "so", "3rd", "world", "it", "might", "as", "well", "not", "even", "bother", "."], "record": "<extra_id_0> <extra_id_0> aspect <extra_id_5> technical service for dell <extra_id_0> negative <extra_id_5> 3rd world <extra_id_1> <extra_id_1> <extra_id_0> opinion <extra_id_5> 3rd world <extra_id_1> <extra_id_1>", "entity": [{"type": "aspect", "offset": [1, 2, 3, 4], "text": "technical service for dell"}, {"type": "opinion", "offset": [7, 8], "text": "3rd world"}], "relation": [{"type": "negative", "args": [{"type": "aspect", "offset": [1, 2, 3, 4], "text": "technical service for dell"}, {"type": "opinion", "offset": [7, 8], "text": "3rd world"}]}], "event": [], "spot": ["aspect", "opinion"], "asoc": ["negative"], "spot_asoc": [{"span": "technical service for dell", "label": "aspect", "asoc": [["negative", "3rd world"]]}, {"span": "3rd world", "label": "opinion", "asoc": []}]}
{"text": "First , you ll discover that the word processing program known as Appleworks rarely translates perfectly on anyone else s computer , if it translates at all .", "tokens": ["First", ",", "you", "ll", "discover", "that", "the", "word", "processing", "program", "known", "as", "Appleworks", "rarely", "translates", "perfectly", "on", "anyone", "else", "s", "computer", ",", "if", "it", "translates", "at", "all", "."], "record": "<extra_id_0> <extra_id_0> aspect <extra_id_5> word processing program <extra_id_0> negative <extra_id_5> rarely translates perfectly <extra_id_1> <extra_id_1> <extra_id_0> aspect <extra_id_5> Appleworks <extra_id_0> negative <extra_id_5> rarely translates perfectly <extra_id_1> <extra_id_1> <extra_id_0> opinion <extra_id_5> rarely translates perfectly <extra_id_1> <extra_id_1>", "entity": [{"type": "aspect", "offset": [12], "text": "Appleworks"}, {"type": "aspect", "offset": [7, 8, 9], "text": "word processing program"}, {"type": "opinion", "offset": [13, 14, 15], "text": "rarely translates perfectly"}], "relation": [{"type": "negative", "args": [{"type": "aspect", "offset": [12], "text": "Appleworks"}, {"type": "opinion", "offset": [13, 14, 15], "text": "rarely translates perfectly"}]}, {"type": "negative", "args": [{"type": "aspect", "offset": [7, 8, 9], "text": "word processing program"}, {"type": "opinion", "offset": [13, 14, 15], "text": "rarely translates perfectly"}]}], "event": [], "spot": ["aspect", "opinion"], "asoc": ["negative"], "spot_asoc": [{"span": "word processing program", "label": "aspect", "asoc": [["negative", "rarely translates perfectly"]]}, {"span": "Appleworks", "label": "aspect", "asoc": [["negative", "rarely translates perfectly"]]}, {"span": "rarely translates perfectly", "label": "opinion", "asoc": []}]}
{"text": "It had the full sized touch pad with 2 buttons instead of just one .", "tokens": ["It", "had", "the", "full", "sized", "touch", "pad", "with", "2", "buttons", "instead", "of", "just", "one", "."], "record": "<extra_id_0> <extra_id_0> opinion <extra_id_5> full sized <extra_id_1> <extra_id_0> aspect <extra_id_5> touch pad <extra_id_0> neutral <extra_id_5> full sized <extra_id_1> <extra_id_1> <extra_id_1>", "entity": [{"type": "aspect", "offset": [5, 6], "text": "touch pad"}, {"type": "opinion", "offset": [3, 4], "text": "full sized"}], "relation": [{"type": "neutral", "args": [{"type": "aspect", "offset": [5, 6], "text": "touch pad"}, {"type": "opinion", "offset": [3, 4], "text": "full sized"}]}], "event": [], "spot": ["aspect", "opinion"], "asoc": ["neutral"], "spot_asoc": [{"span": "full sized", "label": "opinion", "asoc": []}, {"span": "touch pad", "label": "aspect", "asoc": [["neutral", "full sized"]]}]}
{"text": "Apple care included .", "tokens": ["Apple", "care", "included", "."], "record": "<extra_id_0> <extra_id_0> aspect <extra_id_5> Apple care <extra_id_0> neutral <extra_id_5> included <extra_id_1> <extra_id_1> <extra_id_0> opinion <extra_id_5> included <extra_id_1> <extra_id_1>", "entity": [{"type": "aspect", "offset": [0, 1], "text": "Apple care"}, {"type": "opinion", "offset": [2], "text": "included"}], "relation": [{"type": "neutral", "args": [{"type": "aspect", "offset": [0, 1], "text": "Apple care"}, {"type": "opinion", "offset": [2], "text": "included"}]}], "event": [], "spot": ["aspect", "opinion"], "asoc": ["neutral"], "spot_asoc": [{"span": "Apple care", "label": "aspect", "asoc": [["neutral", "included"]]}, {"span": "included", "label": "opinion", "asoc": []}]}
{"text": "the mouse on the pad , the left button always sticks .", "tokens": ["the", "mouse", "on", "the", "pad", ",", "the", "left", "button", "always", "sticks", "."], "record": "<extra_id_0> <extra_id_0> aspect <extra_id_5> mouse on the pad <extra_id_0> neutral <extra_id_5> sticks <extra_id_1> <extra_id_1> <extra_id_0> aspect <extra_id_5> left button <extra_id_0> negative <extra_id_5> sticks <extra_id_1> <extra_id_1> <extra_id_0> opinion <extra_id_5> sticks <extra_id_1> <extra_id_1>", "entity": [{"type": "aspect", "offset": [1, 2, 3, 4], "text": "mouse on the pad"}, {"type": "aspect", "offset": [7, 8], "text": "left button"}, {"type": "opinion", "offset": [10], "text": "sticks"}], "relation": [{"type": "neutral", "args": [{"type": "aspect", "offset": [1, 2, 3, 4], "text": "mouse on the pad"}, {"type": "opinion", "offset": [10], "text": "sticks"}]}, {"type": "negative", "args": [{"type": "aspect", "offset": [7, 8], "text": "left button"}, {"type": "opinion", "offset": [10], "text": "sticks"}]}], "event": [], "spot": ["aspect", "opinion"], "asoc": ["negative", "neutral"], "spot_asoc": [{"span": "mouse on the pad", "label": "aspect", "asoc": [["neutral", "sticks"]]}, {"span": "left button", "label": "aspect", "asoc": [["negative", "sticks"]]}, {"span": "sticks", "label": "opinion", "asoc": []}]}
{"text": "They replaced my hard drive as well as my mother board .", "tokens": ["They", "replaced", "my", "hard", "drive", "as", "well", "as", "my", "mother", "board", "."], "record": "<extra_id_0> <extra_id_0> opinion <extra_id_5> replaced <extra_id_1> <extra_id_0> aspect <extra_id_5> hard drive <extra_id_0> neutral <extra_id_5> replaced <extra_id_1> <extra_id_1> <extra_id_0> aspect <extra_id_5> mother board <extra_id_0> neutral <extra_id_5> replaced <extra_id_1> <extra_id_1> <extra_id_1>", "entity": [{"type": "aspect", "offset": [3, 4], "text": "hard drive"}, {"type": "aspect", "offset": [9, 10], "text": "mother board"}, {"type": "opinion", "offset": [1], "text": "replaced"}], "relation": [{"type": "neutral", "args": [{"type": "aspect", "offset": [3, 4], "text": "hard drive"}, {"type": "opinion", "offset": [1], "text": "replaced"}]}, {"type": "neutral", "args": [{"type": "aspect", "offset": [9, 10], "text": "mother board"}, {"type": "opinion", "offset": [1], "text": "replaced"}]}], "event": [], "spot": ["aspect", "opinion"], "asoc": ["neutral"], "spot_asoc": [{"span": "replaced", "label": "opinion", "asoc": []}, {"span": "hard drive", "label": "aspect", "asoc": [["neutral", "replaced"]]}, {"span": "mother board", "label": "aspect", "asoc": [["neutral", "replaced"]]}]}
{"text": "I bought this notebook and only had it for 3 months If it is overload with updates the BOOT MGR .", "tokens": ["I", "bought", "this", "notebook", "and", "only", "had", "it", "for", "3", "months", "If", "it", "is", "overload", "with", "updates", "the", "BOOT", "MGR", "."], "record": "<extra_id_0> <extra_id_0> opinion <extra_id_5> overload <extra_id_1> <extra_id_0> aspect <extra_id_5> BOOT MGR <extra_id_0> neutral <extra_id_5> overload <extra_id_1> <extra_id_1> <extra_id_1>", "entity": [{"type": "aspect", "offset": [18, 19], "text": "BOOT MGR"}, {"type": "opinion", "offset": [14], "text": "overload"}], "relation": [{"type": "neutral", "args": [{"type": "aspect", "offset": [18, 19], "text": "BOOT MGR"}, {"type": "opinion", "offset": [14], "text": "overload"}]}], "event": [], "spot": ["aspect", "opinion"], "asoc": ["neutral"], "spot_asoc": [{"span": "overload", "label": "opinion", "asoc": []}, {"span": "BOOT MGR", "label": "aspect", "asoc": [["neutral", "overload"]]}]}
{"text": "Only issue is that it is a little slow , and I 'm fixing that by adding more RAM .", "tokens": ["Only", "issue", "is", "that", "it", "is", "a", "little", "slow", ",", "and", "I", "'m", "fixing", "that", "by", "adding", "more", "RAM", "."], "record": "<extra_id_0> <extra_id_0> opinion <extra_id_5> more <extra_id_1> <extra_id_0> aspect <extra_id_5> RAM <extra_id_0> neutral <extra_id_5> more <extra_id_1> <extra_id_1> <extra_id_1>", "entity": [{"type": "aspect", "offset": [18], "text": "RAM"}, {"type": "opinion", "offset": [17], "text": "more"}], "relation": [{"type": "neutral", "args": [{"type": "aspect", "offset": [18], "text": "RAM"}, {"type": "opinion", "offset": [17], "text": "more"}]}], "event": [], "spot": ["aspect", "opinion"], "asoc": ["neutral"], "spot_asoc": [{"span": "more", "label": "opinion", "asoc": []}, {"span": "RAM", "label": "aspect", "asoc": [["neutral", "more"]]}]}
{"text": "In all honesty , if someone is looking for a quality laptop and willing to pay a little more money for a normal sized laptop than a cheaper and less impressive laptop , then do not buy this computer .", "tokens": ["In", "all", "honesty", ",", "if", "someone", "is", "looking", "for", "a", "quality", "laptop", "and", "willing", "to", "pay", "a", "little", "more", "money", "for", "a", "normal", "sized", "laptop", "than", "a", "cheaper", "and", "less", "impressive", "laptop", ",", "then", "do", "not", "buy", "this", "computer", "."], "record": "<extra_id_0> <extra_id_0> opinion <extra_id_5> normal <extra_id_1> <extra_id_0> aspect <extra_id_5> sized <extra_id_0> neutral <extra_id_5> normal <extra_id_1> <extra_id_1> <extra_id_1>", "entity": [{"type": "aspect", "offset": [23], "text": "sized"}, {"type": "opinion", "offset": [22], "text": "normal"}], "relation": [{"type": "neutral", "args": [{"type": "aspect", "offset": [23], "text": "sized"}, {"type": "opinion", "offset": [22], "text": "normal"}]}], "event": [], "spot": ["aspect", "opinion"], "asoc": ["neutral"], "spot_asoc": [{"span": "normal", "label": "opinion", "asoc": []}, {"span": "sized", "label": "aspect", "asoc": [["neutral", "normal"]]}]}
{"text": "I used to build my own desktops from the component parts , and recently my 7 year old Pentium 4 with HT 1 GB ram SATA desktop stopped working ( this was a rock star 7 years ago ) .", "tokens": ["I", "used", "to", "build", "my", "own", "desktops", "from", "the", "component", "parts", ",", "and", "recently", "my", "7", "year", "old", "Pentium", "4", "with", "HT", "1", "GB", "ram", "SATA", "desktop", "stopped", "working", "(", "this", "was", "a", "rock", "star", "7", "years", "ago", ")", "."], "record": "<extra_id_0> <extra_id_0> aspect <extra_id_5> Pentium 4 <extra_id_0> neutral <extra_id_5> stopped working <extra_id_1> <extra_id_1> <extra_id_0> aspect <extra_id_5> 1 GB ram <extra_id_0> neutral <extra_id_5> stopped working <extra_id_1> <extra_id_1> <extra_id_0> opinion <extra_id_5> stopped working <extra_id_1> <extra_id_1>", "entity": [{"type": "aspect", "offset": [18, 19], "text": "Pentium 4"}, {"type": "aspect", "offset": [22, 23, 24], "text": "1 GB ram"}, {"type": "opinion", "offset": [27, 28], "text": "stopped working"}], "relation": [{"type": "neutral", "args": [{"type": "aspect", "offset": [18, 19], "text": "Pentium 4"}, {"type": "opinion", "offset": [27, 28], "text": "stopped working"}]}, {"type": "neutral", "args": [{"type": "aspect", "offset": [22, 23, 24], "text": "1 GB ram"}, {"type": "opinion", "offset": [27, 28], "text": "stopped working"}]}], "event": [], "spot": ["aspect", "opinion"], "asoc": ["neutral"], "spot_asoc": [{"span": "Pentium 4", "label": "aspect", "asoc": [["neutral", "stopped working"]]}, {"span": "1 GB ram", "label": "aspect", "asoc": [["neutral", "stopped working"]]}, {"span": "stopped working", "label": "opinion", "asoc": []}]}
{"text": "So , I took it back to the apple store and they narcissist genius bar staff ) fixed it by resetting the fan at boot up .", "tokens": ["So", ",", "I", "took", "it", "back", "to", "the", "apple", "store", "and", "they", "narcissist", "genius", "bar", "staff", ")", "fixed", "it", "by", "resetting", "the", "fan", "at", "boot", "up", "."], "record": "<extra_id_0> <extra_id_0> opinion <extra_id_5> fixed <extra_id_1> <extra_id_0> aspect <extra_id_5> fan <extra_id_0> neutral <extra_id_5> fixed <extra_id_1> <extra_id_1> <extra_id_1>", "entity": [{"type": "aspect", "offset": [22], "text": "fan"}, {"type": "opinion", "offset": [17], "text": "fixed"}], "relation": [{"type": "neutral", "args": [{"type": "aspect", "offset": [22], "text": "fan"}, {"type": "opinion", "offset": [17], "text": "fixed"}]}], "event": [], "spot": ["aspect", "opinion"], "asoc": ["neutral"], "spot_asoc": [{"span": "fixed", "label": "opinion", "asoc": []}, {"span": "fan", "label": "aspect", "asoc": [["neutral", "fixed"]]}]}
{"text": "It is much faster than my desktop which is a Core2 Quad running at 2.83 GHz .", "tokens": ["It", "is", "much", "faster", "than", "my", "desktop", "which", "is", "a", "Core2", "Quad", "running", "at", "2.83", "GHz", "."], "record": "<extra_id_0> <extra_id_0> opinion <extra_id_5> faster <extra_id_1> <extra_id_0> aspect <extra_id_5> Core2 Quad <extra_id_0> neutral <extra_id_5> faster <extra_id_1> <extra_id_1> <extra_id_1>", "entity": [{"type": "aspect", "offset": [10, 11], "text": "Core2 Quad"}, {"type": "opinion", "offset": [3], "text": "faster"}], "relation": [{"type": "neutral", "args": [{"type": "aspect", "offset": [10, 11], "text": "Core2 Quad"}, {"type": "opinion", "offset": [3], "text": "faster"}]}], "event": [], "spot": ["aspect", "opinion"], "asoc": ["neutral"], "spot_asoc": [{"span": "faster", "label": "opinion", "asoc": []}, {"span": "Core2 Quad", "label": "aspect", "asoc": [["neutral", "faster"]]}]}
