{"text": "Very good wine choices .", "tokens": ["Very", "good", "wine", "choices", "."], "record": "<extra_id_0> <extra_id_0> opinion <extra_id_5> good <extra_id_1> <extra_id_0> aspect <extra_id_5> wine choices <extra_id_0> positive <extra_id_5> good <extra_id_1> <extra_id_1> <extra_id_1>", "entity": [{"type": "aspect", "offset": [2, 3], "text": "wine choices"}, {"type": "opinion", "offset": [1], "text": "good"}], "relation": [{"type": "positive", "args": [{"type": "aspect", "offset": [2, 3], "text": "wine choices"}, {"type": "opinion", "offset": [1], "text": "good"}]}], "event": [], "spot": ["aspect", "opinion"], "asoc": ["positive"], "spot_asoc": [{"span": "good", "label": "opinion", "asoc": []}, {"span": "wine choices", "label": "aspect", "asoc": [["positive", "good"]]}]}
{"text": "The wait staff is pleasant , fun , and for the most part gorgeous ( in the wonderful aesthetic beautification way , not in that she's-way-cuter-than-me-that-b @ # $ * way ) .", "tokens": ["The", "wait", "staff", "is", "pleasant", ",", "fun", ",", "and", "for", "the", "most", "part", "gorgeous", "(", "in", "the", "wonderful", "aesthetic", "beautification", "way", ",", "not", "in", "that", "she's-way-cuter-than-me-that-b", "@", "#", "$", "*", "way", ")", "."], "record": "<extra_id_0> <extra_id_0> aspect <extra_id_5> wait staff <extra_id_0> positive <extra_id_5> pleasant <extra_id_1> <extra_id_0> positive <extra_id_5> fun <extra_id_1> <extra_id_0> positive <extra_id_5> gorgeous <extra_id_1> <extra_id_1> <extra_id_0> opinion <extra_id_5> pleasant <extra_id_1> <extra_id_0> opinion <extra_id_5> fun <extra_id_1> <extra_id_0> opinion <extra_id_5> gorgeous <extra_id_1> <extra_id_1>", "entity": [{"type": "aspect", "offset": [1, 2], "text": "wait staff"}, {"type": "opinion", "offset": [4], "text": "pleasant"}, {"type": "opinion", "offset": [6], "text": "fun"}, {"type": "opinion", "offset": [13], "text": "gorgeous"}], "relation": [{"type": "positive", "args": [{"type": "aspect", "offset": [1, 2], "text": "wait staff"}, {"type": "opinion", "offset": [4], "text": "pleasant"}]}, {"type": "positive", "args": [{"type": "aspect", "offset": [1, 2], "text": "wait staff"}, {"type": "opinion", "offset": [6], "text": "fun"}]}, {"type": "positive", "args": [{"type": "aspect", "offset": [1, 2], "text": "wait staff"}, {"type": "opinion", "offset": [13], "text": "gorgeous"}]}], "event": [], "spot": ["aspect", "opinion"], "asoc": ["positive"], "spot_asoc": [{"span": "wait staff", "label": "aspect", "asoc": [["positive", "pleasant"], ["positive", "fun"], ["positive", "gorgeous"]]}, {"span": "pleasant", "label": "opinion", "asoc": []}, {"span": "fun", "label": "opinion", "asoc": []}, {"span": "gorgeous", "label": "opinion", "asoc": []}]}
{"text": "After really enjoying ourselves at the bar we sat down at a table and had dinner .", "tokens": ["After", "really", "enjoying", "ourselves", "at", "the", "bar", "we", "sat", "down", "at", "a", "table", "and", "had", "dinner", "."], "record": "<extra_id_0> <extra_id_0> opinion <extra_id_5> enjoying <extra_id_1> <extra_id_0> aspect <extra_id_5> bar <extra_id_0> positive <extra_id_5> enjoying <extra_id_1> <extra_id_1> <extra_id_0> aspect <extra_id_5> table <extra_id_0> neutral <extra_id_5> enjoying <extra_id_1> <extra_id_1> <extra_id_0> aspect <extra_id_5> dinner <extra_id_0> neutral <extra_id_5> enjoying <extra_id_1> <extra_id_1> <extra_id_1>", "entity": [{"type": "aspect", "offset": [6], "text": "bar"}, {"type": "aspect", "offset": [12], "text": "table"}, {"type": "aspect", "offset": [15], "text": "dinner"}, {"type": "opinion", "offset": [2], "text": "enjoying"}], "relation": [{"type": "positive", "args": [{"type": "aspect", "offset": [6], "text": "bar"}, {"type": "opinion", "offset": [2], "text": "enjoying"}]}, {"type": "neutral", "args": [{"type": "aspect", "offset": [12], "text": "table"}, {"type": "opinion", "offset": [2], "text": "enjoying"}]}, {"type": "neutral", "args": [{"type": "aspect", "offset": [15], "text": "dinner"}, {"type": "opinion", "offset": [2], "text": "enjoying"}]}], "event": [], "spot": ["aspect", "opinion"], "asoc": ["positive", "neutral"], "spot_asoc": [{"span": "enjoying", "label": "opinion", "asoc": []}, {"span": "bar", "label": "aspect", "asoc": [["positive", "enjoying"]]}, {"span": "table", "label": "aspect", "asoc": [["neutral", "enjoying"]]}, {"span": "dinner", "label": "aspect", "asoc": [["neutral", "enjoying"]]}]}
{"text": "I can not imagine a friendlier staff working in a restaurant .", "tokens": ["I", "can", "not", "imagine", "a", "friendlier", "staff", "working", "in", "a", "restaurant", "."], "record": "<extra_id_0> <extra_id_0> opinion <extra_id_5> friendlier <extra_id_1> <extra_id_0> aspect <extra_id_5> staff <extra_id_0> positive <extra_id_5> friendlier <extra_id_1> <extra_id_1> <extra_id_1>", "entity": [{"type": "aspect", "offset": [6], "text": "staff"}, {"type": "opinion", "offset": [5], "text": "friendlier"}], "relation": [{"type": "positive", "args": [{"type": "aspect", "offset": [6], "text": "staff"}, {"type": "opinion", "offset": [5], "text": "friendlier"}]}], "event": [], "spot": ["aspect", "opinion"], "asoc": ["positive"], "spot_asoc": [{"span": "friendlier", "label": "opinion", "asoc": []}, {"span": "staff", "label": "aspect", "asoc": [["positive", "friendlier"]]}]}
{"text": "The design and atmosphere is just as good .", "tokens": ["The", "design", "and", "atmosphere", "is", "just", "as", "good", "."], "record": "<extra_id_0> <extra_id_0> aspect <extra_id_5> design <extra_id_0> positive <extra_id_5> good <extra_id_1> <extra_id_1> <extra_id_0> aspect <extra_id_5> atmosphere <extra_id_0> positive <extra_id_5> good <extra_id_1> <extra_id_1> <extra_id_0> opinion <extra_id_5> good <extra_id_1> <extra_id_1>", "entity": [{"type": "aspect", "offset": [1], "text": "design"}, {"type": "aspect", "offset": [3], "text": "atmosphere"}, {"type": "opinion", "offset": [7], "text": "good"}], "relation": [{"type": "positive", "args": [{"type": "aspect", "offset": [1], "text": "design"}, {"type": "opinion", "offset": [7], "text": "good"}]}, {"type": "positive", "args": [{"type": "aspect", "offset": [3], "text": "atmosphere"}, {"type": "opinion", "offset": [7], "text": "good"}]}], "event": [], "spot": ["aspect", "opinion"], "asoc": ["positive"], "spot_asoc": [{"span": "design", "label": "aspect", "asoc": [["positive", "good"]]}, {"span": "atmosphere", "label": "aspect", "asoc": [["positive", "good"]]}, {"span": "good", "label": "opinion", "asoc": []}]}
{"text": "We 've been to Grocery three times and not once has an item on the menu disappointed .", "tokens": ["We", "'ve", "been", "to", "Grocery", "three", "times", "and", "not", "once", "has", "an", "item", "on", "the", "menu", "disappointed", "."], "record": "<extra_id_0> <extra_id_0> aspect <extra_id_5> menu <extra_id_0> positive <extra_id_5> disappointed <extra_id_1> <extra_id_1> <extra_id_0> opinion <extra_id_5> disappointed <extra_id_1> <extra_id_1>", "entity": [{"type": "aspect", "offset": [15], "text": "menu"}, {"type": "opinion", "offset": [16], "text": "disappointed"}], "relation": [{"type": "positive", "args": [{"type": "aspect", "offset": [15], "text": "menu"}, {"type": "opinion", "offset": [16], "text": "disappointed"}]}], "event": [], "spot": ["aspect", "opinion"], "asoc": ["positive"], "spot_asoc": [{"span": "menu", "label": "aspect", "asoc": [["positive", "disappointed"]]}, {"span": "disappointed", "label": "opinion", "asoc": []}]}
{"text": "So if you want a nice , enjoyable meal at Montparnasse , go early for the pre-theater prix-fixe .", "tokens": ["So", "if", "you", "want", "a", "nice", ",", "enjoyable", "meal", "at", "Montparnasse", ",", "go", "early", "for", "the", "pre-theater", "prix-fixe", "."], "record": "<extra_id_0> <extra_id_0> opinion <extra_id_5> nice <extra_id_1> <extra_id_0> opinion <extra_id_5> enjoyable <extra_id_1> <extra_id_0> aspect <extra_id_5> meal <extra_id_0> positive <extra_id_5> nice <extra_id_1> <extra_id_0> positive <extra_id_5> enjoyable <extra_id_1> <extra_id_1> <extra_id_0> aspect <extra_id_5> pre-theater prix-fixe <extra_id_0> positive <extra_id_5> nice <extra_id_1> <extra_id_0> positive <extra_id_5> enjoyable <extra_id_1> <extra_id_1> <extra_id_1>", "entity": [{"type": "aspect", "offset": [8], "text": "meal"}, {"type": "aspect", "offset": [16, 17], "text": "pre-theater prix-fixe"}, {"type": "opinion", "offset": [5], "text": "nice"}, {"type": "opinion", "offset": [7], "text": "enjoyable"}], "relation": [{"type": "positive", "args": [{"type": "aspect", "offset": [8], "text": "meal"}, {"type": "opinion", "offset": [5], "text": "nice"}]}, {"type": "positive", "args": [{"type": "aspect", "offset": [8], "text": "meal"}, {"type": "opinion", "offset": [7], "text": "enjoyable"}]}, {"type": "positive", "args": [{"type": "aspect", "offset": [16, 17], "text": "pre-theater prix-fixe"}, {"type": "opinion", "offset": [5], "text": "nice"}]}, {"type": "positive", "args": [{"type": "aspect", "offset": [16, 17], "text": "pre-theater prix-fixe"}, {"type": "opinion", "offset": [7], "text": "enjoyable"}]}], "event": [], "spot": ["aspect", "opinion"], "asoc": ["positive"], "spot_asoc": [{"span": "nice", "label": "opinion", "asoc": []}, {"span": "enjoyable", "label": "opinion", "asoc": []}, {"span": "meal", "label": "aspect", "asoc": [["positive", "nice"], ["positive", "enjoyable"]]}, {"span": "pre-theater prix-fixe", "label": "aspect", "asoc": [["positive", "nice"], ["positive", "enjoyable"]]}]}
{"text": "The price was extremely reasonable for the appetizers and food we ate .", "tokens": ["The", "price", "was", "extremely", "reasonable", "for", "the", "appetizers", "and", "food", "we", "ate", "."], "record": "<extra_id_0> <extra_id_0> aspect <extra_id_5> price <extra_id_0> positive <extra_id_5> reasonable <extra_id_1> <extra_id_1> <extra_id_0> opinion <extra_id_5> reasonable <extra_id_1> <extra_id_1>", "entity": [{"type": "aspect", "offset": [1], "text": "price"}, {"type": "opinion", "offset": [4], "text": "reasonable"}], "relation": [{"type": "positive", "args": [{"type": "aspect", "offset": [1], "text": "price"}, {"type": "opinion", "offset": [4], "text": "reasonable"}]}], "event": [], "spot": ["aspect", "opinion"], "asoc": ["positive"], "spot_asoc": [{"span": "price", "label": "aspect", "asoc": [["positive", "reasonable"]]}, {"span": "reasonable", "label": "opinion", "asoc": []}]}
{"text": "I did n't complain , I liked the atmosphere so much .", "tokens": ["I", "did", "n't", "complain", ",", "I", "liked", "the", "atmosphere", "so", "much", "."], "record": "<extra_id_0> <extra_id_0> opinion <extra_id_5> liked <extra_id_1> <extra_id_0> aspect <extra_id_5> atmosphere <extra_id_0> positive <extra_id_5> liked <extra_id_1> <extra_id_1> <extra_id_1>", "entity": [{"type": "aspect", "offset": [8], "text": "atmosphere"}, {"type": "opinion", "offset": [6], "text": "liked"}], "relation": [{"type": "positive", "args": [{"type": "aspect", "offset": [8], "text": "atmosphere"}, {"type": "opinion", "offset": [6], "text": "liked"}]}], "event": [], "spot": ["aspect", "opinion"], "asoc": ["positive"], "spot_asoc": [{"span": "liked", "label": "opinion", "asoc": []}, {"span": "atmosphere", "label": "aspect", "asoc": [["positive", "liked"]]}]}
{"text": "The food is so cheap and the waiters are nice .", "tokens": ["The", "food", "is", "so", "cheap", "and", "the", "waiters", "are", "nice", "."], "record": "<extra_id_0> <extra_id_0> aspect <extra_id_5> food <extra_id_0> positive <extra_id_5> cheap <extra_id_1> <extra_id_1> <extra_id_0> opinion <extra_id_5> cheap <extra_id_1> <extra_id_0> aspect <extra_id_5> waiters <extra_id_0> positive <extra_id_5> nice <extra_id_1> <extra_id_1> <extra_id_0> opinion <extra_id_5> nice <extra_id_1> <extra_id_1>", "entity": [{"type": "aspect", "offset": [1], "text": "food"}, {"type": "aspect", "offset": [7], "text": "waiters"}, {"type": "opinion", "offset": [4], "text": "cheap"}, {"type": "opinion", "offset": [9], "text": "nice"}], "relation": [{"type": "positive", "args": [{"type": "aspect", "offset": [1], "text": "food"}, {"type": "opinion", "offset": [4], "text": "cheap"}]}, {"type": "positive", "args": [{"type": "aspect", "offset": [7], "text": "waiters"}, {"type": "opinion", "offset": [9], "text": "nice"}]}], "event": [], "spot": ["aspect", "opinion"], "asoc": ["positive"], "spot_asoc": [{"span": "food", "label": "aspect", "asoc": [["positive", "cheap"]]}, {"span": "cheap", "label": "opinion", "asoc": []}, {"span": "waiters", "label": "aspect", "asoc": [["positive", "nice"]]}, {"span": "nice", "label": "opinion", "asoc": []}]}
{"text": "It 's a place for people who pay a lot for mediocre food , noise and a chance to be with their fellow bridge and tunnel folks .", "tokens": ["It", "'s", "a", "place", "for", "people", "who", "pay", "a", "lot", "for", "mediocre", "food", ",", "noise", "and", "a", "chance", "to", "be", "with", "their", "fellow", "bridge", "and", "tunnel", "folks", "."], "record": "<extra_id_0> <extra_id_0> opinion <extra_id_5> mediocre <extra_id_1> <extra_id_0> aspect <extra_id_5> food <extra_id_0> neutral <extra_id_5> mediocre <extra_id_1> <extra_id_1> <extra_id_0> aspect <extra_id_5> noise <extra_id_0> negative <extra_id_5> mediocre <extra_id_1> <extra_id_1> <extra_id_1>", "entity": [{"type": "aspect", "offset": [12], "text": "food"}, {"type": "aspect", "offset": [14], "text": "noise"}, {"type": "opinion", "offset": [11], "text": "mediocre"}], "relation": [{"type": "neutral", "args": [{"type": "aspect", "offset": [12], "text": "food"}, {"type": "opinion", "offset": [11], "text": "mediocre"}]}, {"type": "negative", "args": [{"type": "aspect", "offset": [14], "text": "noise"}, {"type": "opinion", "offset": [11], "text": "mediocre"}]}], "event": [], "spot": ["aspect", "opinion"], "asoc": ["negative", "neutral"], "spot_asoc": [{"span": "mediocre", "label": "opinion", "asoc": []}, {"span": "food", "label": "aspect", "asoc": [["neutral", "mediocre"]]}, {"span": "noise", "label": "aspect", "asoc": [["negative", "mediocre"]]}]}
{"text": "The service was mediocre , and the lack of air conditioning made for a less than comfortable meal .", "tokens": ["The", "service", "was", "mediocre", ",", "and", "the", "lack", "of", "air", "conditioning", "made", "for", "a", "less", "than", "comfortable", "meal", "."], "record": "<extra_id_0> <extra_id_0> aspect <extra_id_5> service <extra_id_0> neutral <extra_id_5> mediocre <extra_id_1> <extra_id_1> <extra_id_0> opinion <extra_id_5> mediocre <extra_id_1> <extra_id_0> opinion <extra_id_5> lack <extra_id_1> <extra_id_0> aspect <extra_id_5> air conditioning <extra_id_0> negative <extra_id_5> lack <extra_id_1> <extra_id_1> <extra_id_0> opinion <extra_id_5> comfortable <extra_id_1> <extra_id_0> aspect <extra_id_5> meal <extra_id_0> negative <extra_id_5> comfortable <extra_id_1> <extra_id_1> <extra_id_1>", "entity": [{"type": "aspect", "offset": [1], "text": "service"}, {"type": "aspect", "offset": [9, 10], "text": "air conditioning"}, {"type": "aspect", "offset": [17], "text": "meal"}, {"type": "opinion", "offset": [3], "text": "mediocre"}, {"type": "opinion", "offset": [7], "text": "lack"}, {"type": "opinion", "offset": [16], "text": "comfortable"}], "relation": [{"type": "neutral", "args": [{"type": "aspect", "offset": [1], "text": "service"}, {"type": "opinion", "offset": [3], "text": "mediocre"}]}, {"type": "negative", "args": [{"type": "aspect", "offset": [9, 10], "text": "air conditioning"}, {"type": "opinion", "offset": [7], "text": "lack"}]}, {"type": "negative", "args": [{"type": "aspect", "offset": [17], "text": "meal"}, {"type": "opinion", "offset": [16], "text": "comfortable"}]}], "event": [], "spot": ["aspect", "opinion"], "asoc": ["negative", "neutral"], "spot_asoc": [{"span": "service", "label": "aspect", "asoc": [["neutral", "mediocre"]]}, {"span": "mediocre", "label": "opinion", "asoc": []}, {"span": "lack", "label": "opinion", "asoc": []}, {"span": "air conditioning", "label": "aspect", "asoc": [["negative", "lack"]]}, {"span": "comfortable", "label": "opinion", "asoc": []}, {"span": "meal", "label": "aspect", "asoc": [["negative", "comfortable"]]}]}
{"text": "The food was so-so .", "tokens": ["The", "food", "was", "so-so", "."], "record": "<extra_id_0> <extra_id_0> aspect <extra_id_5> food <extra_id_0> neutral <extra_id_5> so-so <extra_id_1> <extra_id_1> <extra_id_0> opinion <extra_id_5> so-so <extra_id_1> <extra_id_1>", "entity": [{"type": "aspect", "offset": [1], "text": "food"}, {"type": "opinion", "offset": [3], "text": "so-so"}], "relation": [{"type": "neutral", "args": [{"type": "aspect", "offset": [1], "text": "food"}, {"type": "opinion", "offset": [3], "text": "so-so"}]}], "event": [], "spot": ["aspect", "opinion"], "asoc": ["neutral"], "spot_asoc": [{"span": "food", "label": "aspect", "asoc": [["neutral", "so-so"]]}, {"span": "so-so", "label": "opinion", "asoc": []}]}
{"text": "But , nothing stands out about the cooking .", "tokens": ["But", ",", "nothing", "stands", "out", "about", "the", "cooking", "."], "record": "<extra_id_0> <extra_id_0> opinion <extra_id_5> nothing stands out <extra_id_1> <extra_id_0> aspect <extra_id_5> cooking <extra_id_0> neutral <extra_id_5> nothing stands out <extra_id_1> <extra_id_1> <extra_id_1>", "entity": [{"type": "aspect", "offset": [7], "text": "cooking"}, {"type": "opinion", "offset": [2, 3, 4], "text": "nothing stands out"}], "relation": [{"type": "neutral", "args": [{"type": "aspect", "offset": [7], "text": "cooking"}, {"type": "opinion", "offset": [2, 3, 4], "text": "nothing stands out"}]}], "event": [], "spot": ["aspect", "opinion"], "asoc": ["neutral"], "spot_asoc": [{"span": "nothing stands out", "label": "opinion", "asoc": []}, {"span": "cooking", "label": "aspect", "asoc": [["neutral", "nothing stands out"]]}]}
{"text": "Food was OK - fish was cooked well .", "tokens": ["Food", "was", "OK", "-", "fish", "was", "cooked", "well", "."], "record": "<extra_id_0> <extra_id_0> aspect <extra_id_5> Food <extra_id_0> neutral <extra_id_5> OK <extra_id_1> <extra_id_1> <extra_id_0> opinion <extra_id_5> OK <extra_id_1> <extra_id_0> aspect <extra_id_5> fish <extra_id_0> positive <extra_id_5> cooked well <extra_id_1> <extra_id_1> <extra_id_0> opinion <extra_id_5> cooked well <extra_id_1> <extra_id_1>", "entity": [{"type": "aspect", "offset": [0], "text": "Food"}, {"type": "aspect", "offset": [4], "text": "fish"}, {"type": "opinion", "offset": [2], "text": "OK"}, {"type": "opinion", "offset": [6, 7], "text": "cooked well"}], "relation": [{"type": "neutral", "args": [{"type": "aspect", "offset": [0], "text": "Food"}, {"type": "opinion", "offset": [2], "text": "OK"}]}, {"type": "positive", "args": [{"type": "aspect", "offset": [4], "text": "fish"}, {"type": "opinion", "offset": [6, 7], "text": "cooked well"}]}], "event": [], "spot": ["aspect", "opinion"], "asoc": ["positive", "neutral"], "spot_asoc": [{"span": "Food", "label": "aspect", "asoc": [["neutral", "OK"]]}, {"span": "OK", "label": "opinion", "asoc": []}, {"span": "fish", "label": "aspect", "asoc": [["positive", "cooked well"]]}, {"span": "cooked well", "label": "opinion", "asoc": []}]}
{"text": "$ 20 for all you can eat sushi can not be beaten .", "tokens": ["$", "20", "for", "all", "you", "can", "eat", "sushi", "can", "not", "be", "beaten", "."], "record": "<extra_id_0> <extra_id_0> aspect <extra_id_5> sushi <extra_id_0> neutral <extra_id_5> can not be beaten <extra_id_1> <extra_id_1> <extra_id_0> opinion <extra_id_5> can not be beaten <extra_id_1> <extra_id_1>", "entity": [{"type": "aspect", "offset": [7], "text": "sushi"}, {"type": "opinion", "offset": [8, 9, 10, 11], "text": "can not be beaten"}], "relation": [{"type": "neutral", "args": [{"type": "aspect", "offset": [7], "text": "sushi"}, {"type": "opinion", "offset": [8, 9, 10, 11], "text": "can not be beaten"}]}], "event": [], "spot": ["aspect", "opinion"], "asoc": ["neutral"], "spot_asoc": [{"span": "sushi", "label": "aspect", "asoc": [["neutral", "can not be beaten"]]}, {"span": "can not be beaten", "label": "opinion", "asoc": []}]}
{"text": "Do n't waste money on decor .", "tokens": ["Do", "n't", "waste", "money", "on", "decor", "."], "record": "<extra_id_0> <extra_id_0> opinion <extra_id_5> waste <extra_id_1> <extra_id_0> aspect <extra_id_5> decor <extra_id_0> neutral <extra_id_5> waste <extra_id_1> <extra_id_1> <extra_id_1>", "entity": [{"type": "aspect", "offset": [5], "text": "decor"}, {"type": "opinion", "offset": [2], "text": "waste"}], "relation": [{"type": "neutral", "args": [{"type": "aspect", "offset": [5], "text": "decor"}, {"type": "opinion", "offset": [2], "text": "waste"}]}], "event": [], "spot": ["aspect", "opinion"], "asoc": ["neutral"], "spot_asoc": [{"span": "waste", "label": "opinion", "asoc": []}, {"span": "decor", "label": "aspect", "asoc": [["neutral", "waste"]]}]}
{"text": "The Pad thai , lad nar and various other dishes all look good on paper but , I 've had better thai food in less asthetically pleasing places .", "tokens": ["The", "Pad", "thai", ",", "lad", "nar", "and", "various", "other", "dishes", "all", "look", "good", "on", "paper", "but", ",", "I", "'ve", "had", "better", "thai", "food", "in", "less", "asthetically", "pleasing", "places", "."], "record": "<extra_id_0> <extra_id_0> opinion <extra_id_5> better <extra_id_1> <extra_id_0> aspect <extra_id_5> thai food <extra_id_0> neutral <extra_id_5> better <extra_id_1> <extra_id_1> <extra_id_1>", "entity": [{"type": "aspect", "offset": [21, 22], "text": "thai food"}, {"type": "opinion", "offset": [20], "text": "better"}], "relation": [{"type": "neutral", "args": [{"type": "aspect", "offset": [21, 22], "text": "thai food"}, {"type": "opinion", "offset": [20], "text": "better"}]}], "event": [], "spot": ["aspect", "opinion"], "asoc": ["neutral"], "spot_asoc": [{"span": "better", "label": "opinion", "asoc": []}, {"span": "thai food", "label": "aspect", "asoc": [["neutral", "better"]]}]}
{"text": "The menu choices are similar but the taste lacked more flavor than it looked .", "tokens": ["The", "menu", "choices", "are", "similar", "but", "the", "taste", "lacked", "more", "flavor", "than", "it", "looked", "."], "record": "<extra_id_0> <extra_id_0> aspect <extra_id_5> menu choices <extra_id_0> neutral <extra_id_5> similar <extra_id_1> <extra_id_1> <extra_id_0> opinion <extra_id_5> similar <extra_id_1> <extra_id_0> aspect <extra_id_5> taste <extra_id_0> negative <extra_id_5> lacked <extra_id_1> <extra_id_1> <extra_id_0> opinion <extra_id_5> lacked <extra_id_1> <extra_id_0> aspect <extra_id_5> flavor <extra_id_0> negative <extra_id_5> lacked <extra_id_1> <extra_id_1> <extra_id_1>", "entity": [{"type": "aspect", "offset": [7], "text": "taste"}, {"type": "aspect", "offset": [1, 2], "text": "menu choices"}, {"type": "aspect", "offset": [10], "text": "flavor"}, {"type": "opinion", "offset": [8], "text": "lacked"}, {"type": "opinion", "offset": [4], "text": "similar"}], "relation": [{"type": "negative", "args": [{"type": "aspect", "offset": [7], "text": "taste"}, {"type": "opinion", "offset": [8], "text": "lacked"}]}, {"type": "neutral", "args": [{"type": "aspect", "offset": [1, 2], "text": "menu choices"}, {"type": "opinion", "offset": [4], "text": "similar"}]}, {"type": "negative", "args": [{"type": "aspect", "offset": [10], "text": "flavor"}, {"type": "opinion", "offset": [8], "text": "lacked"}]}], "event": [], "spot": ["aspect", "opinion"], "asoc": ["neutral", "negative"], "spot_asoc": [{"span": "menu choices", "label": "aspect", "asoc": [["neutral", "similar"]]}, {"span": "similar", "label": "opinion", "asoc": []}, {"span": "taste", "label": "aspect", "asoc": [["negative", "lacked"]]}, {"span": "lacked", "label": "opinion", "asoc": []}, {"span": "flavor", "label": "aspect", "asoc": [["negative", "lacked"]]}]}
{"text": "The location and ambience is Ok but the food is what makes up for it .", "tokens": ["The", "location", "and", "ambience", "is", "Ok", "but", "the", "food", "is", "what", "makes", "up", "for", "it", "."], "record": "<extra_id_0> <extra_id_0> aspect <extra_id_5> location <extra_id_0> neutral <extra_id_5> Ok <extra_id_1> <extra_id_1> <extra_id_0> aspect <extra_id_5> ambience <extra_id_0> neutral <extra_id_5> Ok <extra_id_1> <extra_id_1> <extra_id_0> opinion <extra_id_5> Ok <extra_id_1> <extra_id_0> aspect <extra_id_5> food <extra_id_0> positive <extra_id_5> makes up <extra_id_1> <extra_id_1> <extra_id_0> opinion <extra_id_5> makes up <extra_id_1> <extra_id_1>", "entity": [{"type": "aspect", "offset": [1], "text": "location"}, {"type": "aspect", "offset": [3], "text": "ambience"}, {"type": "aspect", "offset": [8], "text": "food"}, {"type": "opinion", "offset": [5], "text": "Ok"}, {"type": "opinion", "offset": [11, 12], "text": "makes up"}], "relation": [{"type": "neutral", "args": [{"type": "aspect", "offset": [1], "text": "location"}, {"type": "opinion", "offset": [5], "text": "Ok"}]}, {"type": "neutral", "args": [{"type": "aspect", "offset": [3], "text": "ambience"}, {"type": "opinion", "offset": [5], "text": "Ok"}]}, {"type": "positive", "args": [{"type": "aspect", "offset": [8], "text": "food"}, {"type": "opinion", "offset": [11, 12], "text": "makes up"}]}], "event": [], "spot": ["aspect", "opinion"], "asoc": ["positive", "neutral"], "spot_asoc": [{"span": "location", "label": "aspect", "asoc": [["neutral", "Ok"]]}, {"span": "ambience", "label": "aspect", "asoc": [["neutral", "Ok"]]}, {"span": "Ok", "label": "opinion", "asoc": []}, {"span": "food", "label": "aspect", "asoc": [["positive", "makes up"]]}, {"span": "makes up", "label": "opinion", "asoc": []}]}
{"text": "The food was pretty good , but a little flavorless and the portions very small , including dessert .", "tokens": ["The", "food", "was", "pretty", "good", ",", "but", "a", "little", "flavorless", "and", "the", "portions", "very", "small", ",", "including", "dessert", "."], "record": "<extra_id_0> <extra_id_0> aspect <extra_id_5> portions <extra_id_0> negative <extra_id_5> small <extra_id_1> <extra_id_1> <extra_id_0> opinion <extra_id_5> small <extra_id_1> <extra_id_0> aspect <extra_id_5> dessert <extra_id_0> negative <extra_id_5> small <extra_id_1> <extra_id_1> <extra_id_1>", "entity": [{"type": "aspect", "offset": [17], "text": "dessert"}, {"type": "aspect", "offset": [12], "text": "portions"}, {"type": "opinion", "offset": [14], "text": "small"}], "relation": [{"type": "negative", "args": [{"type": "aspect", "offset": [17], "text": "dessert"}, {"type": "opinion", "offset": [14], "text": "small"}]}, {"type": "negative", "args": [{"type": "aspect", "offset": [12], "text": "portions"}, {"type": "opinion", "offset": [14], "text": "small"}]}], "event": [], "spot": ["aspect", "opinion"], "asoc": ["negative"], "spot_asoc": [{"span": "portions", "label": "aspect", "asoc": [["negative", "small"]]}, {"span": "small", "label": "opinion", "asoc": []}, {"span": "dessert", "label": "aspect", "asoc": [["negative", "small"]]}]}
{"text": "( food was delivered by a busboy , not waiter ) We got no cheese offered for the pasta , our water and wine glasses remained EMPTY our entire meal , when we would have easily spent another $ 20 on wine .", "tokens": ["(", "food", "was", "delivered", "by", "a", "busboy", ",", "not", "waiter", ")", "We", "got", "no", "cheese", "offered", "for", "the", "pasta", ",", "our", "water", "and", "wine", "glasses", "remained", "EMPTY", "our", "entire", "meal", ",", "when", "we", "would", "have", "easily", "spent", "another", "$", "20", "on", "wine", "."], "record": "<extra_id_0> <extra_id_0> aspect <extra_id_5> water and wine glasses <extra_id_0> negative <extra_id_5> EMPTY <extra_id_1> <extra_id_1> <extra_id_0> opinion <extra_id_5> EMPTY <extra_id_1> <extra_id_1>", "entity": [{"type": "aspect", "offset": [21, 22, 23, 24], "text": "water and wine glasses"}, {"type": "opinion", "offset": [26], "text": "EMPTY"}], "relation": [{"type": "negative", "args": [{"type": "aspect", "offset": [21, 22, 23, 24], "text": "water and wine glasses"}, {"type": "opinion", "offset": [26], "text": "EMPTY"}]}], "event": [], "spot": ["aspect", "opinion"], "asoc": ["negative"], "spot_asoc": [{"span": "water and wine glasses", "label": "aspect", "asoc": [["negative", "EMPTY"]]}, {"span": "EMPTY", "label": "opinion", "asoc": []}]}
{"text": "The counter service is bad .", "tokens": ["The", "counter", "service", "is", "bad", "."], "record": "<extra_id_0> <extra_id_0> aspect <extra_id_5> counter service <extra_id_0> negative <extra_id_5> bad <extra_id_1> <extra_id_1> <extra_id_0> opinion <extra_id_5> bad <extra_id_1> <extra_id_1>", "entity": [{"type": "aspect", "offset": [1, 2], "text": "counter service"}, {"type": "opinion", "offset": [4], "text": "bad"}], "relation": [{"type": "negative", "args": [{"type": "aspect", "offset": [1, 2], "text": "counter service"}, {"type": "opinion", "offset": [4], "text": "bad"}]}], "event": [], "spot": ["aspect", "opinion"], "asoc": ["negative"], "spot_asoc": [{"span": "counter service", "label": "aspect", "asoc": [["negative", "bad"]]}, {"span": "bad", "label": "opinion", "asoc": []}]}
{"text": "The only problem is that the manager is a complete incompetent .", "tokens": ["The", "only", "problem", "is", "that", "the", "manager", "is", "a", "complete", "incompetent", "."], "record": "<extra_id_0> <extra_id_0> aspect <extra_id_5> manager <extra_id_0> negative <extra_id_5> incompetent <extra_id_1> <extra_id_1> <extra_id_0> opinion <extra_id_5> incompetent <extra_id_1> <extra_id_1>", "entity": [{"type": "aspect", "offset": [6], "text": "manager"}, {"type": "opinion", "offset": [10], "text": "incompetent"}], "relation": [{"type": "negative", "args": [{"type": "aspect", "offset": [6], "text": "manager"}, {"type": "opinion", "offset": [10], "text": "incompetent"}]}], "event": [], "spot": ["aspect", "opinion"], "asoc": ["negative"], "spot_asoc": [{"span": "manager", "label": "aspect", "asoc": [["negative", "incompetent"]]}, {"span": "incompetent", "label": "opinion", "asoc": []}]}
{"text": "Definitely not worth the price !", "tokens": ["Definitely", "not", "worth", "the", "price", "!"], "record": "<extra_id_0> <extra_id_0> opinion <extra_id_5> not worth <extra_id_1> <extra_id_0> aspect <extra_id_5> price <extra_id_0> negative <extra_id_5> not worth <extra_id_1> <extra_id_1> <extra_id_1>", "entity": [{"type": "aspect", "offset": [4], "text": "price"}, {"type": "opinion", "offset": [1, 2], "text": "not worth"}], "relation": [{"type": "negative", "args": [{"type": "aspect", "offset": [4], "text": "price"}, {"type": "opinion", "offset": [1, 2], "text": "not worth"}]}], "event": [], "spot": ["aspect", "opinion"], "asoc": ["negative"], "spot_asoc": [{"span": "not worth", "label": "opinion", "asoc": []}, {"span": "price", "label": "aspect", "asoc": [["negative", "not worth"]]}]}
{"text": "The manager claimed that he could not compensate us for anything on the bill which just shows the lack of sophistication from the entire group .", "tokens": ["The", "manager", "claimed", "that", "he", "could", "not", "compensate", "us", "for", "anything", "on", "the", "bill", "which", "just", "shows", "the", "lack", "of", "sophistication", "from", "the", "entire", "group", "."], "record": "<extra_id_0> <extra_id_0> aspect <extra_id_5> manager <extra_id_0> negative <extra_id_5> lack of sophistication <extra_id_1> <extra_id_1> <extra_id_0> opinion <extra_id_5> lack of sophistication <extra_id_1> <extra_id_1>", "entity": [{"type": "aspect", "offset": [1], "text": "manager"}, {"type": "opinion", "offset": [18, 19, 20], "text": "lack of sophistication"}], "relation": [{"type": "negative", "args": [{"type": "aspect", "offset": [1], "text": "manager"}, {"type": "opinion", "offset": [18, 19, 20], "text": "lack of sophistication"}]}], "event": [], "spot": ["aspect", "opinion"], "asoc": ["negative"], "spot_asoc": [{"span": "manager", "label": "aspect", "asoc": [["negative", "lack of sophistication"]]}, {"span": "lack of sophistication", "label": "opinion", "asoc": []}]}
{"text": "Overall a disappointing experience for that price category .", "tokens": ["Overall", "a", "disappointing", "experience", "for", "that", "price", "category", "."], "record": "<extra_id_0> <extra_id_0> opinion <extra_id_5> disappointing <extra_id_1> <extra_id_0> aspect <extra_id_5> price <extra_id_0> negative <extra_id_5> disappointing <extra_id_1> <extra_id_1> <extra_id_1>", "entity": [{"type": "aspect", "offset": [6], "text": "price"}, {"type": "opinion", "offset": [2], "text": "disappointing"}], "relation": [{"type": "negative", "args": [{"type": "aspect", "offset": [6], "text": "price"}, {"type": "opinion", "offset": [2], "text": "disappointing"}]}], "event": [], "spot": ["aspect", "opinion"], "asoc": ["negative"], "spot_asoc": [{"span": "disappointing", "label": "opinion", "asoc": []}, {"span": "price", "label": "aspect", "asoc": [["negative", "disappointing"]]}]}
{"text": "Given the incredible architecture surrounding it , this place has no character .", "tokens": ["Given", "the", "incredible", "architecture", "surrounding", "it", ",", "this", "place", "has", "no", "character", "."], "record": "<extra_id_0> <extra_id_0> opinion <extra_id_5> incredible <extra_id_1> <extra_id_0> aspect <extra_id_5> architecture <extra_id_0> positive <extra_id_5> incredible <extra_id_1> <extra_id_1> <extra_id_0> aspect <extra_id_5> place <extra_id_0> negative <extra_id_5> no character <extra_id_1> <extra_id_1> <extra_id_0> opinion <extra_id_5> no character <extra_id_1> <extra_id_1>", "entity": [{"type": "aspect", "offset": [3], "text": "architecture"}, {"type": "aspect", "offset": [8], "text": "place"}, {"type": "opinion", "offset": [2], "text": "incredible"}, {"type": "opinion", "offset": [10, 11], "text": "no character"}], "relation": [{"type": "positive", "args": [{"type": "aspect", "offset": [3], "text": "architecture"}, {"type": "opinion", "offset": [2], "text": "incredible"}]}, {"type": "negative", "args": [{"type": "aspect", "offset": [8], "text": "place"}, {"type": "opinion", "offset": [10, 11], "text": "no character"}]}], "event": [], "spot": ["aspect", "opinion"], "asoc": ["positive", "negative"], "spot_asoc": [{"span": "incredible", "label": "opinion", "asoc": []}, {"span": "architecture", "label": "aspect", "asoc": [["positive", "incredible"]]}, {"span": "place", "label": "aspect", "asoc": [["negative", "no character"]]}, {"span": "no character", "label": "opinion", "asoc": []}]}
{"text": "Service was slow had to wait to order and get food although not crowded .", "tokens": ["Service", "was", "slow", "had", "to", "wait", "to", "order", "and", "get", "food", "although", "not", "crowded", "."], "record": "<extra_id_0> <extra_id_0> aspect <extra_id_5> Service <extra_id_0> negative <extra_id_5> slow <extra_id_1> <extra_id_1> <extra_id_0> opinion <extra_id_5> slow <extra_id_1> <extra_id_1>", "entity": [{"type": "aspect", "offset": [0], "text": "Service"}, {"type": "opinion", "offset": [2], "text": "slow"}], "relation": [{"type": "negative", "args": [{"type": "aspect", "offset": [0], "text": "Service"}, {"type": "opinion", "offset": [2], "text": "slow"}]}], "event": [], "spot": ["aspect", "opinion"], "asoc": ["negative"], "spot_asoc": [{"span": "Service", "label": "aspect", "asoc": [["negative", "slow"]]}, {"span": "slow", "label": "opinion", "asoc": []}]}
{"text": "If your favorite Chinese food is General Tao chicken , then this is NOT your place .", "tokens": ["If", "your", "favorite", "Chinese", "food", "is", "General", "Tao", "chicken", ",", "then", "this", "is", "NOT", "your", "place", "."], "record": "<extra_id_0> <extra_id_0> opinion <extra_id_5> favorite <extra_id_1> <extra_id_0> aspect <extra_id_5> General Tao chicken <extra_id_0> negative <extra_id_5> favorite <extra_id_1> <extra_id_1> <extra_id_1>", "entity": [{"type": "aspect", "offset": [6, 7, 8], "text": "General Tao chicken"}, {"type": "opinion", "offset": [2], "text": "favorite"}], "relation": [{"type": "negative", "args": [{"type": "aspect", "offset": [6, 7, 8], "text": "General Tao chicken"}, {"type": "opinion", "offset": [2], "text": "favorite"}]}], "event": [], "spot": ["aspect", "opinion"], "asoc": ["negative"], "spot_asoc": [{"span": "favorite", "label": "opinion", "asoc": []}, {"span": "General Tao chicken", "label": "aspect", "asoc": [["negative", "favorite"]]}]}
