{"text": "The palak paneer was standard , and I was not a fan of the malai kofta .", "tokens": ["The", "palak", "paneer", "was", "standard", ",", "and", "I", "was", "not", "a", "fan", "of", "the", "malai", "kofta", "."], "record": "<extra_id_0> <extra_id_0> aspect <extra_id_5> palak paneer <extra_id_0> neutral <extra_id_5> standard <extra_id_1> <extra_id_1> <extra_id_0> opinion <extra_id_5> standard <extra_id_1> <extra_id_1>", "entity": [{"type": "aspect", "offset": [1, 2], "text": "palak paneer"}, {"type": "opinion", "offset": [4], "text": "standard"}], "relation": [{"type": "neutral", "args": [{"type": "aspect", "offset": [1, 2], "text": "palak paneer"}, {"type": "opinion", "offset": [4], "text": "standard"}]}], "event": [], "spot": ["aspect", "opinion"], "asoc": ["neutral"], "spot_asoc": [{"span": "palak paneer", "label": "aspect", "asoc": [["neutral", "standard"]]}, {"span": "standard", "label": "opinion", "asoc": []}]}
{"text": "Threw my fiance 's surprise 30th birthday dinner here could n't be happier .", "tokens": ["Threw", "my", "fiance", "'s", "surprise", "30th", "birthday", "dinner", "here", "could", "n't", "be", "happier", "."], "record": "<extra_id_0> <extra_id_0> aspect <extra_id_5> dinner <extra_id_0> neutral <extra_id_5> could n't be happier <extra_id_1> <extra_id_1> <extra_id_0> opinion <extra_id_5> could n't be happier <extra_id_1> <extra_id_1>", "entity": [{"type": "aspect", "offset": [7], "text": "dinner"}, {"type": "opinion", "offset": [9, 10, 11, 12], "text": "could n't be happier"}], "relation": [{"type": "neutral", "args": [{"type": "aspect", "offset": [7], "text": "dinner"}, {"type": "opinion", "offset": [9, 10, 11, 12], "text": "could n't be happier"}]}], "event": [], "spot": ["aspect", "opinion"], "asoc": ["neutral"], "spot_asoc": [{"span": "dinner", "label": "aspect", "asoc": [["neutral", "could n't be happier"]]}, {"span": "could n't be happier", "label": "opinion", "asoc": []}]}
{"text": "We go on Mondays for the prix fixe and our experience with the food has been comparable to Blue Ribbon .", "tokens": ["We", "go", "on", "Mondays", "for", "the", "prix", "fixe", "and", "our", "experience", "with", "the", "food", "has", "been", "comparable", "to", "Blue", "Ribbon", "."], "record": "<extra_id_0> <extra_id_0> aspect <extra_id_5> food <extra_id_0> neutral <extra_id_5> comparable <extra_id_1> <extra_id_1> <extra_id_0> opinion <extra_id_5> comparable <extra_id_1> <extra_id_1>", "entity": [{"type": "aspect", "offset": [13], "text": "food"}, {"type": "opinion", "offset": [16], "text": "comparable"}], "relation": [{"type": "neutral", "args": [{"type": "aspect", "offset": [13], "text": "food"}, {"type": "opinion", "offset": [16], "text": "comparable"}]}], "event": [], "spot": ["aspect", "opinion"], "asoc": ["neutral"], "spot_asoc": [{"span": "food", "label": "aspect", "asoc": [["neutral", "comparable"]]}, {"span": "comparable", "label": "opinion", "asoc": []}]}
{"text": "After we got our sashimi order , I could not believe how small the portions were !", "tokens": ["After", "we", "got", "our", "sashimi", "order", ",", "I", "could", "not", "believe", "how", "small", "the", "portions", "were", "!"], "record": "<extra_id_0> <extra_id_0> aspect <extra_id_5> sashimi <extra_id_0> neutral <extra_id_5> small <extra_id_1> <extra_id_1> <extra_id_0> opinion <extra_id_5> small <extra_id_1> <extra_id_0> aspect <extra_id_5> portions <extra_id_0> negative <extra_id_5> small <extra_id_1> <extra_id_1> <extra_id_1>", "entity": [{"type": "aspect", "offset": [4], "text": "sashimi"}, {"type": "aspect", "offset": [14], "text": "portions"}, {"type": "opinion", "offset": [12], "text": "small"}], "relation": [{"type": "neutral", "args": [{"type": "aspect", "offset": [4], "text": "sashimi"}, {"type": "opinion", "offset": [12], "text": "small"}]}, {"type": "negative", "args": [{"type": "aspect", "offset": [14], "text": "portions"}, {"type": "opinion", "offset": [12], "text": "small"}]}], "event": [], "spot": ["aspect", "opinion"], "asoc": ["negative", "neutral"], "spot_asoc": [{"span": "sashimi", "label": "aspect", "asoc": [["neutral", "small"]]}, {"span": "small", "label": "opinion", "asoc": []}, {"span": "portions", "label": "aspect", "asoc": [["negative", "small"]]}]}
{"text": "Stick to dimsum , not super overpriced noodles .", "tokens": ["Stick", "to", "dimsum", ",", "not", "super", "overpriced", "noodles", "."], "record": "<extra_id_0> <extra_id_0> opinion <extra_id_5> not super overpriced <extra_id_1> <extra_id_0> aspect <extra_id_5> noodles <extra_id_0> neutral <extra_id_5> not super overpriced <extra_id_1> <extra_id_1> <extra_id_1>", "entity": [{"type": "aspect", "offset": [7], "text": "noodles"}, {"type": "opinion", "offset": [4, 5, 6], "text": "not super overpriced"}], "relation": [{"type": "neutral", "args": [{"type": "aspect", "offset": [7], "text": "noodles"}, {"type": "opinion", "offset": [4, 5, 6], "text": "not super overpriced"}]}], "event": [], "spot": ["aspect", "opinion"], "asoc": ["neutral"], "spot_asoc": [{"span": "not super overpriced", "label": "opinion", "asoc": []}, {"span": "noodles", "label": "aspect", "asoc": [["neutral", "not super overpriced"]]}]}
{"text": "The Halibut was too salty , dessert was so so ( do n't waste any of your calories ) and service was poor .", "tokens": ["The", "Halibut", "was", "too", "salty", ",", "dessert", "was", "so", "so", "(", "do", "n't", "waste", "any", "of", "your", "calories", ")", "and", "service", "was", "poor", "."], "record": "<extra_id_0> <extra_id_0> aspect <extra_id_5> Halibut <extra_id_0> negative <extra_id_5> salty <extra_id_1> <extra_id_1> <extra_id_0> opinion <extra_id_5> salty <extra_id_1> <extra_id_0> aspect <extra_id_5> dessert <extra_id_0> neutral <extra_id_5> so so <extra_id_1> <extra_id_1> <extra_id_0> opinion <extra_id_5> so so <extra_id_1> <extra_id_0> aspect <extra_id_5> service <extra_id_0> negative <extra_id_5> poor <extra_id_1> <extra_id_1> <extra_id_0> opinion <extra_id_5> poor <extra_id_1> <extra_id_1>", "entity": [{"type": "aspect", "offset": [1], "text": "Halibut"}, {"type": "aspect", "offset": [6], "text": "dessert"}, {"type": "aspect", "offset": [20], "text": "service"}, {"type": "opinion", "offset": [4], "text": "salty"}, {"type": "opinion", "offset": [8, 9], "text": "so so"}, {"type": "opinion", "offset": [22], "text": "poor"}], "relation": [{"type": "negative", "args": [{"type": "aspect", "offset": [1], "text": "Halibut"}, {"type": "opinion", "offset": [4], "text": "salty"}]}, {"type": "neutral", "args": [{"type": "aspect", "offset": [6], "text": "dessert"}, {"type": "opinion", "offset": [8, 9], "text": "so so"}]}, {"type": "negative", "args": [{"type": "aspect", "offset": [20], "text": "service"}, {"type": "opinion", "offset": [22], "text": "poor"}]}], "event": [], "spot": ["aspect", "opinion"], "asoc": ["neutral", "negative"], "spot_asoc": [{"span": "Halibut", "label": "aspect", "asoc": [["negative", "salty"]]}, {"span": "salty", "label": "opinion", "asoc": []}, {"span": "dessert", "label": "aspect", "asoc": [["neutral", "so so"]]}, {"span": "so so", "label": "opinion", "asoc": []}, {"span": "service", "label": "aspect", "asoc": [["negative", "poor"]]}, {"span": "poor", "label": "opinion", "asoc": []}]}
{"text": "We had a party in their private room and they made it truly memorable and were very helpful in the planning .", "tokens": ["We", "had", "a", "party", "in", "their", "private", "room", "and", "they", "made", "it", "truly", "memorable", "and", "were", "very", "helpful", "in", "the", "planning", "."], "record": "<extra_id_0> <extra_id_0> aspect <extra_id_5> private room <extra_id_0> neutral <extra_id_5> truly memorable <extra_id_1> <extra_id_1> <extra_id_0> opinion <extra_id_5> truly memorable <extra_id_1> <extra_id_1>", "entity": [{"type": "aspect", "offset": [6, 7], "text": "private room"}, {"type": "opinion", "offset": [12, 13], "text": "truly memorable"}], "relation": [{"type": "neutral", "args": [{"type": "aspect", "offset": [6, 7], "text": "private room"}, {"type": "opinion", "offset": [12, 13], "text": "truly memorable"}]}], "event": [], "spot": ["aspect", "opinion"], "asoc": ["neutral"], "spot_asoc": [{"span": "private room", "label": "aspect", "asoc": [["neutral", "truly memorable"]]}, {"span": "truly memorable", "label": "opinion", "asoc": []}]}
{"text": "Each table has a pot of boiling water sunken into its surface , and you get platters of thin sliced meats , various vegetables , and rice and glass noodles .", "tokens": ["Each", "table", "has", "a", "pot", "of", "boiling", "water", "sunken", "into", "its", "surface", ",", "and", "you", "get", "platters", "of", "thin", "sliced", "meats", ",", "various", "vegetables", ",", "and", "rice", "and", "glass", "noodles", "."], "record": "<extra_id_0> <extra_id_0> opinion <extra_id_5> thin <extra_id_1> <extra_id_0> aspect <extra_id_5> meats <extra_id_0> neutral <extra_id_5> thin <extra_id_1> <extra_id_1> <extra_id_0> opinion <extra_id_5> various <extra_id_1> <extra_id_0> aspect <extra_id_5> vegetables <extra_id_0> neutral <extra_id_5> various <extra_id_1> <extra_id_1> <extra_id_1>", "entity": [{"type": "aspect", "offset": [20], "text": "meats"}, {"type": "aspect", "offset": [23], "text": "vegetables"}, {"type": "opinion", "offset": [18], "text": "thin"}, {"type": "opinion", "offset": [22], "text": "various"}], "relation": [{"type": "neutral", "args": [{"type": "aspect", "offset": [20], "text": "meats"}, {"type": "opinion", "offset": [18], "text": "thin"}]}, {"type": "neutral", "args": [{"type": "aspect", "offset": [23], "text": "vegetables"}, {"type": "opinion", "offset": [22], "text": "various"}]}], "event": [], "spot": ["aspect", "opinion"], "asoc": ["neutral"], "spot_asoc": [{"span": "thin", "label": "opinion", "asoc": []}, {"span": "meats", "label": "aspect", "asoc": [["neutral", "thin"]]}, {"span": "various", "label": "opinion", "asoc": []}, {"span": "vegetables", "label": "aspect", "asoc": [["neutral", "various"]]}]}
{"text": "Shockingly easy to throw a group dinner here : simple contract , deposit only to hold the date the entire 2nd fl mezz for our grp of 20 .", "tokens": ["Shockingly", "easy", "to", "throw", "a", "group", "dinner", "here", ":", "simple", "contract", ",", "deposit", "only", "to", "hold", "the", "date", "the", "entire", "2nd", "fl", "mezz", "for", "our", "grp", "of", "20", "."], "record": "<extra_id_0> <extra_id_0> opinion <extra_id_5> easy <extra_id_1> <extra_id_0> aspect <extra_id_5> group dinner <extra_id_0> neutral <extra_id_5> easy <extra_id_1> <extra_id_1> <extra_id_1>", "entity": [{"type": "aspect", "offset": [5, 6], "text": "group dinner"}, {"type": "opinion", "offset": [1], "text": "easy"}], "relation": [{"type": "neutral", "args": [{"type": "aspect", "offset": [5, 6], "text": "group dinner"}, {"type": "opinion", "offset": [1], "text": "easy"}]}], "event": [], "spot": ["aspect", "opinion"], "asoc": ["neutral"], "spot_asoc": [{"span": "easy", "label": "opinion", "asoc": []}, {"span": "group dinner", "label": "aspect", "asoc": [["neutral", "easy"]]}]}
{"text": "great place to go for a drink too because they have 100 kinds of beer .", "tokens": ["great", "place", "to", "go", "for", "a", "drink", "too", "because", "they", "have", "100", "kinds", "of", "beer", "."], "record": "<extra_id_0> <extra_id_0> opinion <extra_id_5> great <extra_id_1> <extra_id_0> aspect <extra_id_5> drink <extra_id_0> neutral <extra_id_5> great <extra_id_1> <extra_id_1> <extra_id_1>", "entity": [{"type": "aspect", "offset": [6], "text": "drink"}, {"type": "opinion", "offset": [0], "text": "great"}], "relation": [{"type": "neutral", "args": [{"type": "aspect", "offset": [6], "text": "drink"}, {"type": "opinion", "offset": [0], "text": "great"}]}], "event": [], "spot": ["aspect", "opinion"], "asoc": ["neutral"], "spot_asoc": [{"span": "great", "label": "opinion", "asoc": []}, {"span": "drink", "label": "aspect", "asoc": [["neutral", "great"]]}]}
{"text": "Two people in our party felt like something else , and Volare immediately obliged with two great dishes that were not in their regular menu .", "tokens": ["Two", "people", "in", "our", "party", "felt", "like", "something", "else", ",", "and", "Volare", "immediately", "obliged", "with", "two", "great", "dishes", "that", "were", "not", "in", "their", "regular", "menu", "."], "record": "<extra_id_0> <extra_id_0> opinion <extra_id_5> great <extra_id_1> <extra_id_0> aspect <extra_id_5> dishes <extra_id_0> positive <extra_id_5> great <extra_id_1> <extra_id_1> <extra_id_0> opinion <extra_id_5> regular <extra_id_1> <extra_id_0> aspect <extra_id_5> menu <extra_id_0> neutral <extra_id_5> regular <extra_id_1> <extra_id_1> <extra_id_1>", "entity": [{"type": "aspect", "offset": [17], "text": "dishes"}, {"type": "aspect", "offset": [24], "text": "menu"}, {"type": "opinion", "offset": [16], "text": "great"}, {"type": "opinion", "offset": [23], "text": "regular"}], "relation": [{"type": "positive", "args": [{"type": "aspect", "offset": [17], "text": "dishes"}, {"type": "opinion", "offset": [16], "text": "great"}]}, {"type": "neutral", "args": [{"type": "aspect", "offset": [24], "text": "menu"}, {"type": "opinion", "offset": [23], "text": "regular"}]}], "event": [], "spot": ["aspect", "opinion"], "asoc": ["positive", "neutral"], "spot_asoc": [{"span": "great", "label": "opinion", "asoc": []}, {"span": "dishes", "label": "aspect", "asoc": [["positive", "great"]]}, {"span": "regular", "label": "opinion", "asoc": []}, {"span": "menu", "label": "aspect", "asoc": [["neutral", "regular"]]}]}
{"text": "If you are in search of the most authentic NYC deli experience look no further than the famous and historic Katz 's Deli down on the Lower East Side .", "tokens": ["If", "you", "are", "in", "search", "of", "the", "most", "authentic", "NYC", "deli", "experience", "look", "no", "further", "than", "the", "famous", "and", "historic", "Katz", "'s", "Deli", "down", "on", "the", "Lower", "East", "Side", "."], "record": "<extra_id_0> <extra_id_0> opinion <extra_id_5> authentic <extra_id_1> <extra_id_0> aspect <extra_id_5> deli <extra_id_0> positive <extra_id_5> authentic <extra_id_1> <extra_id_1> <extra_id_1>", "entity": [{"type": "aspect", "offset": [10], "text": "deli"}, {"type": "opinion", "offset": [8], "text": "authentic"}], "relation": [{"type": "positive", "args": [{"type": "aspect", "offset": [10], "text": "deli"}, {"type": "opinion", "offset": [8], "text": "authentic"}]}], "event": [], "spot": ["aspect", "opinion"], "asoc": ["positive"], "spot_asoc": [{"span": "authentic", "label": "opinion", "asoc": []}, {"span": "deli", "label": "aspect", "asoc": [["positive", "authentic"]]}]}
{"text": "the drinks are amazing and half off till 8pm .", "tokens": ["the", "drinks", "are", "amazing", "and", "half", "off", "till", "8pm", "."], "record": "<extra_id_0> <extra_id_0> aspect <extra_id_5> drinks <extra_id_0> positive <extra_id_5> amazing <extra_id_1> <extra_id_1> <extra_id_0> opinion <extra_id_5> amazing <extra_id_1> <extra_id_1>", "entity": [{"type": "aspect", "offset": [1], "text": "drinks"}, {"type": "opinion", "offset": [3], "text": "amazing"}], "relation": [{"type": "positive", "args": [{"type": "aspect", "offset": [1], "text": "drinks"}, {"type": "opinion", "offset": [3], "text": "amazing"}]}], "event": [], "spot": ["aspect", "opinion"], "asoc": ["positive"], "spot_asoc": [{"span": "drinks", "label": "aspect", "asoc": [["positive", "amazing"]]}, {"span": "amazing", "label": "opinion", "asoc": []}]}
{"text": "I love and I know gourmet food by excellence !", "tokens": ["I", "love", "and", "I", "know", "gourmet", "food", "by", "excellence", "!"], "record": "<extra_id_0> <extra_id_0> opinion <extra_id_5> love <extra_id_1> <extra_id_0> aspect <extra_id_5> gourmet food <extra_id_0> positive <extra_id_5> love <extra_id_1> <extra_id_0> positive <extra_id_5> excellence <extra_id_1> <extra_id_1> <extra_id_0> opinion <extra_id_5> excellence <extra_id_1> <extra_id_1>", "entity": [{"type": "aspect", "offset": [5, 6], "text": "gourmet food"}, {"type": "opinion", "offset": [1], "text": "love"}, {"type": "opinion", "offset": [8], "text": "excellence"}], "relation": [{"type": "positive", "args": [{"type": "aspect", "offset": [5, 6], "text": "gourmet food"}, {"type": "opinion", "offset": [1], "text": "love"}]}, {"type": "positive", "args": [{"type": "aspect", "offset": [5, 6], "text": "gourmet food"}, {"type": "opinion", "offset": [8], "text": "excellence"}]}], "event": [], "spot": ["aspect", "opinion"], "asoc": ["positive"], "spot_asoc": [{"span": "love", "label": "opinion", "asoc": []}, {"span": "gourmet food", "label": "aspect", "asoc": [["positive", "love"], ["positive", "excellence"]]}, {"span": "excellence", "label": "opinion", "asoc": []}]}
{"text": "I 've dined at Alain Ducasse 's restaurant in Monte Carlo for half the price for the same excellent dining experience .", "tokens": ["I", "'ve", "dined", "at", "Alain", "Ducasse", "'s", "restaurant", "in", "Monte", "Carlo", "for", "half", "the", "price", "for", "the", "same", "excellent", "dining", "experience", "."], "record": "<extra_id_0> <extra_id_0> opinion <extra_id_5> excellent <extra_id_1> <extra_id_0> aspect <extra_id_5> dining <extra_id_0> positive <extra_id_5> excellent <extra_id_1> <extra_id_1> <extra_id_1>", "entity": [{"type": "aspect", "offset": [19], "text": "dining"}, {"type": "opinion", "offset": [18], "text": "excellent"}], "relation": [{"type": "positive", "args": [{"type": "aspect", "offset": [19], "text": "dining"}, {"type": "opinion", "offset": [18], "text": "excellent"}]}], "event": [], "spot": ["aspect", "opinion"], "asoc": ["positive"], "spot_asoc": [{"span": "excellent", "label": "opinion", "asoc": []}, {"span": "dining", "label": "aspect", "asoc": [["positive", "excellent"]]}]}
{"text": "Fluke sashimi drizzled with jalapeno-lime olive oil , the fruit of the oil nicely highlighting the fish 's sweetness .", "tokens": ["Fluke", "sashimi", "drizzled", "with", "jalapeno-lime", "olive", "oil", ",", "the", "fruit", "of", "the", "oil", "nicely", "highlighting", "the", "fish", "'s", "sweetness", "."], "record": "<extra_id_0> <extra_id_0> aspect <extra_id_5> fruit of the oil <extra_id_0> positive <extra_id_5> nicely <extra_id_1> <extra_id_1> <extra_id_0> opinion <extra_id_5> nicely <extra_id_1> <extra_id_0> aspect <extra_id_5> fish <extra_id_0> positive <extra_id_5> sweetness <extra_id_1> <extra_id_1> <extra_id_0> opinion <extra_id_5> sweetness <extra_id_1> <extra_id_1>", "entity": [{"type": "aspect", "offset": [9, 10, 11, 12], "text": "fruit of the oil"}, {"type": "aspect", "offset": [16], "text": "fish"}, {"type": "opinion", "offset": [13], "text": "nicely"}, {"type": "opinion", "offset": [18], "text": "sweetness"}], "relation": [{"type": "positive", "args": [{"type": "aspect", "offset": [9, 10, 11, 12], "text": "fruit of the oil"}, {"type": "opinion", "offset": [13], "text": "nicely"}]}, {"type": "positive", "args": [{"type": "aspect", "offset": [16], "text": "fish"}, {"type": "opinion", "offset": [18], "text": "sweetness"}]}], "event": [], "spot": ["aspect", "opinion"], "asoc": ["positive"], "spot_asoc": [{"span": "fruit of the oil", "label": "aspect", "asoc": [["positive", "nicely"]]}, {"span": "nicely", "label": "opinion", "asoc": []}, {"span": "fish", "label": "aspect", "asoc": [["positive", "sweetness"]]}, {"span": "sweetness", "label": "opinion", "asoc": []}]}
{"text": "I love Indian food and consider myself to be quite an expert on it .", "tokens": ["I", "love", "Indian", "food", "and", "consider", "myself", "to", "be", "quite", "an", "expert", "on", "it", "."], "record": "<extra_id_0> <extra_id_0> opinion <extra_id_5> love <extra_id_1> <extra_id_0> aspect <extra_id_5> Indian food <extra_id_0> positive <extra_id_5> love <extra_id_1> <extra_id_1> <extra_id_1>", "entity": [{"type": "aspect", "offset": [2, 3], "text": "Indian food"}, {"type": "opinion", "offset": [1], "text": "love"}], "relation": [{"type": "positive", "args": [{"type": "aspect", "offset": [2, 3], "text": "Indian food"}, {"type": "opinion", "offset": [1], "text": "love"}]}], "event": [], "spot": ["aspect", "opinion"], "asoc": ["positive"], "spot_asoc": [{"span": "love", "label": "opinion", "asoc": []}, {"span": "Indian food", "label": "aspect", "asoc": [["positive", "love"]]}]}
{"text": "Tuk Tuk is one of those comfortable neighborhood joints where you know you will always have a good meal at a fair price .", "tokens": ["Tuk", "Tuk", "is", "one", "of", "those", "comfortable", "neighborhood", "joints", "where", "you", "know", "you", "will", "always", "have", "a", "good", "meal", "at", "a", "fair", "price", "."], "record": "<extra_id_0> <extra_id_0> opinion <extra_id_5> good <extra_id_1> <extra_id_0> aspect <extra_id_5> meal <extra_id_0> positive <extra_id_5> good <extra_id_1> <extra_id_1> <extra_id_0> opinion <extra_id_5> fair <extra_id_1> <extra_id_0> aspect <extra_id_5> price <extra_id_0> positive <extra_id_5> fair <extra_id_1> <extra_id_1> <extra_id_1>", "entity": [{"type": "aspect", "offset": [18], "text": "meal"}, {"type": "aspect", "offset": [22], "text": "price"}, {"type": "opinion", "offset": [17], "text": "good"}, {"type": "opinion", "offset": [21], "text": "fair"}], "relation": [{"type": "positive", "args": [{"type": "aspect", "offset": [18], "text": "meal"}, {"type": "opinion", "offset": [17], "text": "good"}]}, {"type": "positive", "args": [{"type": "aspect", "offset": [22], "text": "price"}, {"type": "opinion", "offset": [21], "text": "fair"}]}], "event": [], "spot": ["aspect", "opinion"], "asoc": ["positive"], "spot_asoc": [{"span": "good", "label": "opinion", "asoc": []}, {"span": "meal", "label": "aspect", "asoc": [["positive", "good"]]}, {"span": "fair", "label": "opinion", "asoc": []}, {"span": "price", "label": "aspect", "asoc": [["positive", "fair"]]}]}
{"text": "While the ambiance and atmosphere were great , the food and service could have been a lot better .", "tokens": ["While", "the", "ambiance", "and", "atmosphere", "were", "great", ",", "the", "food", "and", "service", "could", "have", "been", "a", "lot", "better", "."], "record": "<extra_id_0> <extra_id_0> aspect <extra_id_5> ambiance <extra_id_0> positive <extra_id_5> great <extra_id_1> <extra_id_1> <extra_id_0> aspect <extra_id_5> atmosphere <extra_id_0> positive <extra_id_5> great <extra_id_1> <extra_id_1> <extra_id_0> opinion <extra_id_5> great <extra_id_1> <extra_id_0> aspect <extra_id_5> food <extra_id_0> negative <extra_id_5> could have been a lot better <extra_id_1> <extra_id_1> <extra_id_0> aspect <extra_id_5> service <extra_id_0> negative <extra_id_5> could have been a lot better <extra_id_1> <extra_id_1> <extra_id_0> opinion <extra_id_5> could have been a lot better <extra_id_1> <extra_id_1>", "entity": [{"type": "aspect", "offset": [2], "text": "ambiance"}, {"type": "aspect", "offset": [4], "text": "atmosphere"}, {"type": "aspect", "offset": [9], "text": "food"}, {"type": "aspect", "offset": [11], "text": "service"}, {"type": "opinion", "offset": [6], "text": "great"}, {"type": "opinion", "offset": [12, 13, 14, 15, 16, 17], "text": "could have been a lot better"}], "relation": [{"type": "positive", "args": [{"type": "aspect", "offset": [2], "text": "ambiance"}, {"type": "opinion", "offset": [6], "text": "great"}]}, {"type": "positive", "args": [{"type": "aspect", "offset": [4], "text": "atmosphere"}, {"type": "opinion", "offset": [6], "text": "great"}]}, {"type": "negative", "args": [{"type": "aspect", "offset": [9], "text": "food"}, {"type": "opinion", "offset": [12, 13, 14, 15, 16, 17], "text": "could have been a lot better"}]}, {"type": "negative", "args": [{"type": "aspect", "offset": [11], "text": "service"}, {"type": "opinion", "offset": [12, 13, 14, 15, 16, 17], "text": "could have been a lot better"}]}], "event": [], "spot": ["aspect", "opinion"], "asoc": ["positive", "negative"], "spot_asoc": [{"span": "ambiance", "label": "aspect", "asoc": [["positive", "great"]]}, {"span": "atmosphere", "label": "aspect", "asoc": [["positive", "great"]]}, {"span": "great", "label": "opinion", "asoc": []}, {"span": "food", "label": "aspect", "asoc": [["negative", "could have been a lot better"]]}, {"span": "service", "label": "aspect", "asoc": [["negative", "could have been a lot better"]]}, {"span": "could have been a lot better", "label": "opinion", "asoc": []}]}
{"text": "Nice atmosphere , the service was very pleasant and the desert was good .", "tokens": ["Nice", "atmosphere", ",", "the", "service", "was", "very", "pleasant", "and", "the", "desert", "was", "good", "."], "record": "<extra_id_0> <extra_id_0> opinion <extra_id_5> Nice <extra_id_1> <extra_id_0> aspect <extra_id_5> atmosphere <extra_id_0> positive <extra_id_5> Nice <extra_id_1> <extra_id_1> <extra_id_0> aspect <extra_id_5> service <extra_id_0> positive <extra_id_5> pleasant <extra_id_1> <extra_id_1> <extra_id_0> opinion <extra_id_5> pleasant <extra_id_1> <extra_id_0> aspect <extra_id_5> desert <extra_id_0> positive <extra_id_5> good <extra_id_1> <extra_id_1> <extra_id_0> opinion <extra_id_5> good <extra_id_1> <extra_id_1>", "entity": [{"type": "aspect", "offset": [1], "text": "atmosphere"}, {"type": "aspect", "offset": [4], "text": "service"}, {"type": "aspect", "offset": [10], "text": "desert"}, {"type": "opinion", "offset": [0], "text": "Nice"}, {"type": "opinion", "offset": [7], "text": "pleasant"}, {"type": "opinion", "offset": [12], "text": "good"}], "relation": [{"type": "positive", "args": [{"type": "aspect", "offset": [1], "text": "atmosphere"}, {"type": "opinion", "offset": [0], "text": "Nice"}]}, {"type": "positive", "args": [{"type": "aspect", "offset": [4], "text": "service"}, {"type": "opinion", "offset": [7], "text": "pleasant"}]}, {"type": "positive", "args": [{"type": "aspect", "offset": [10], "text": "desert"}, {"type": "opinion", "offset": [12], "text": "good"}]}], "event": [], "spot": ["aspect", "opinion"], "asoc": ["positive"], "spot_asoc": [{"span": "Nice", "label": "opinion", "asoc": []}, {"span": "atmosphere", "label": "aspect", "asoc": [["positive", "Nice"]]}, {"span": "service", "label": "aspect", "asoc": [["positive", "pleasant"]]}, {"span": "pleasant", "label": "opinion", "asoc": []}, {"span": "desert", "label": "aspect", "asoc": [["positive", "good"]]}, {"span": "good", "label": "opinion", "asoc": []}]}
{"text": "The sweet lassi was excellent as was the lamb chettinad and the garlic naan but the rasamalai was forgettable .", "tokens": ["The", "sweet", "lassi", "was", "excellent", "as", "was", "the", "lamb", "chettinad", "and", "the", "garlic", "naan", "but", "the", "rasamalai", "was", "forgettable", "."], "record": "<extra_id_0> <extra_id_0> aspect <extra_id_5> sweet lassi <extra_id_0> positive <extra_id_5> excellent <extra_id_1> <extra_id_1> <extra_id_0> opinion <extra_id_5> excellent <extra_id_1> <extra_id_0> aspect <extra_id_5> rasamalai <extra_id_0> negative <extra_id_5> forgettable <extra_id_1> <extra_id_1> <extra_id_0> opinion <extra_id_5> forgettable <extra_id_1> <extra_id_1>", "entity": [{"type": "aspect", "offset": [1, 2], "text": "sweet lassi"}, {"type": "aspect", "offset": [16], "text": "rasamalai"}, {"type": "opinion", "offset": [4], "text": "excellent"}, {"type": "opinion", "offset": [18], "text": "forgettable"}], "relation": [{"type": "positive", "args": [{"type": "aspect", "offset": [1, 2], "text": "sweet lassi"}, {"type": "opinion", "offset": [4], "text": "excellent"}]}, {"type": "negative", "args": [{"type": "aspect", "offset": [16], "text": "rasamalai"}, {"type": "opinion", "offset": [18], "text": "forgettable"}]}], "event": [], "spot": ["aspect", "opinion"], "asoc": ["positive", "negative"], "spot_asoc": [{"span": "sweet lassi", "label": "aspect", "asoc": [["positive", "excellent"]]}, {"span": "excellent", "label": "opinion", "asoc": []}, {"span": "rasamalai", "label": "aspect", "asoc": [["negative", "forgettable"]]}, {"span": "forgettable", "label": "opinion", "asoc": []}]}
{"text": "The waiters and owners were nonchalant about this and promised to call the exterminator but were n't as dismayed or apologetic as I would have expected .", "tokens": ["The", "waiters", "and", "owners", "were", "nonchalant", "about", "this", "and", "promised", "to", "call", "the", "exterminator", "but", "were", "n't", "as", "dismayed", "or", "apologetic", "as", "I", "would", "have", "expected", "."], "record": "<extra_id_0> <extra_id_0> aspect <extra_id_5> waiters <extra_id_0> negative <extra_id_5> nonchalant <extra_id_1> <extra_id_1> <extra_id_0> aspect <extra_id_5> owners <extra_id_0> negative <extra_id_5> nonchalant <extra_id_1> <extra_id_1> <extra_id_0> opinion <extra_id_5> nonchalant <extra_id_1> <extra_id_1>", "entity": [{"type": "aspect", "offset": [1], "text": "waiters"}, {"type": "aspect", "offset": [3], "text": "owners"}, {"type": "opinion", "offset": [5], "text": "nonchalant"}], "relation": [{"type": "negative", "args": [{"type": "aspect", "offset": [1], "text": "waiters"}, {"type": "opinion", "offset": [5], "text": "nonchalant"}]}, {"type": "negative", "args": [{"type": "aspect", "offset": [3], "text": "owners"}, {"type": "opinion", "offset": [5], "text": "nonchalant"}]}], "event": [], "spot": ["aspect", "opinion"], "asoc": ["negative"], "spot_asoc": [{"span": "waiters", "label": "aspect", "asoc": [["negative", "nonchalant"]]}, {"span": "owners", "label": "aspect", "asoc": [["negative", "nonchalant"]]}, {"span": "nonchalant", "label": "opinion", "asoc": []}]}
{"text": "The food was bland oily .", "tokens": ["The", "food", "was", "bland", "oily", "."], "record": "<extra_id_0> <extra_id_0> aspect <extra_id_5> food <extra_id_0> negative <extra_id_5> bland oily <extra_id_1> <extra_id_1> <extra_id_0> opinion <extra_id_5> bland oily <extra_id_1> <extra_id_1>", "entity": [{"type": "aspect", "offset": [1], "text": "food"}, {"type": "opinion", "offset": [3, 4], "text": "bland oily"}], "relation": [{"type": "negative", "args": [{"type": "aspect", "offset": [1], "text": "food"}, {"type": "opinion", "offset": [3, 4], "text": "bland oily"}]}], "event": [], "spot": ["aspect", "opinion"], "asoc": ["negative"], "spot_asoc": [{"span": "food", "label": "aspect", "asoc": [["negative", "bland oily"]]}, {"span": "bland oily", "label": "opinion", "asoc": []}]}
{"text": "For many people , this may not seem like Aunthentic Thai food because most places in NYC arent quite authentic .", "tokens": ["For", "many", "people", ",", "this", "may", "not", "seem", "like", "Aunthentic", "Thai", "food", "because", "most", "places", "in", "NYC", "arent", "quite", "authentic", "."], "record": "<extra_id_0> <extra_id_0> aspect <extra_id_5> Thai food <extra_id_0> negative <extra_id_5> authentic <extra_id_1> <extra_id_1> <extra_id_0> opinion <extra_id_5> authentic <extra_id_1> <extra_id_1>", "entity": [{"type": "aspect", "offset": [10, 11], "text": "Thai food"}, {"type": "opinion", "offset": [19], "text": "authentic"}], "relation": [{"type": "negative", "args": [{"type": "aspect", "offset": [10, 11], "text": "Thai food"}, {"type": "opinion", "offset": [19], "text": "authentic"}]}], "event": [], "spot": ["aspect", "opinion"], "asoc": ["negative"], "spot_asoc": [{"span": "Thai food", "label": "aspect", "asoc": [["negative", "authentic"]]}, {"span": "authentic", "label": "opinion", "asoc": []}]}
{"text": "Not enough wines by the glass either .", "tokens": ["Not", "enough", "wines", "by", "the", "glass", "either", "."], "record": "<extra_id_0> <extra_id_0> opinion <extra_id_5> Not enough <extra_id_1> <extra_id_0> aspect <extra_id_5> wines by the glass <extra_id_0> negative <extra_id_5> Not enough <extra_id_1> <extra_id_1> <extra_id_1>", "entity": [{"type": "aspect", "offset": [2, 3, 4, 5], "text": "wines by the glass"}, {"type": "opinion", "offset": [0, 1], "text": "Not enough"}], "relation": [{"type": "negative", "args": [{"type": "aspect", "offset": [2, 3, 4, 5], "text": "wines by the glass"}, {"type": "opinion", "offset": [0, 1], "text": "Not enough"}]}], "event": [], "spot": ["aspect", "opinion"], "asoc": ["negative"], "spot_asoc": [{"span": "Not enough", "label": "opinion", "asoc": []}, {"span": "wines by the glass", "label": "aspect", "asoc": [["negative", "Not enough"]]}]}
{"text": "I must say it 's a little pricey for the food because it was not as spectacular as the view .", "tokens": ["I", "must", "say", "it", "'s", "a", "little", "pricey", "for", "the", "food", "because", "it", "was", "not", "as", "spectacular", "as", "the", "view", "."], "record": "<extra_id_0> <extra_id_0> opinion <extra_id_5> pricey <extra_id_1> <extra_id_0> aspect <extra_id_5> food <extra_id_0> negative <extra_id_5> pricey <extra_id_1> <extra_id_1> <extra_id_1>", "entity": [{"type": "aspect", "offset": [10], "text": "food"}, {"type": "opinion", "offset": [7], "text": "pricey"}], "relation": [{"type": "negative", "args": [{"type": "aspect", "offset": [10], "text": "food"}, {"type": "opinion", "offset": [7], "text": "pricey"}]}], "event": [], "spot": ["aspect", "opinion"], "asoc": ["negative"], "spot_asoc": [{"span": "pricey", "label": "opinion", "asoc": []}, {"span": "food", "label": "aspect", "asoc": [["negative", "pricey"]]}]}
{"text": "Staffs are not that friendly , but the taste covers all .", "tokens": ["Staffs", "are", "not", "that", "friendly", ",", "but", "the", "taste", "covers", "all", "."], "record": "<extra_id_0> <extra_id_0> aspect <extra_id_5> Staffs <extra_id_0> negative <extra_id_5> not that friendly <extra_id_1> <extra_id_1> <extra_id_0> opinion <extra_id_5> not that friendly <extra_id_1> <extra_id_0> aspect <extra_id_5> taste <extra_id_0> positive <extra_id_5> covers all <extra_id_1> <extra_id_1> <extra_id_0> opinion <extra_id_5> covers all <extra_id_1> <extra_id_1>", "entity": [{"type": "aspect", "offset": [0], "text": "Staffs"}, {"type": "aspect", "offset": [8], "text": "taste"}, {"type": "opinion", "offset": [2, 3, 4], "text": "not that friendly"}, {"type": "opinion", "offset": [9, 10], "text": "covers all"}], "relation": [{"type": "negative", "args": [{"type": "aspect", "offset": [0], "text": "Staffs"}, {"type": "opinion", "offset": [2, 3, 4], "text": "not that friendly"}]}, {"type": "positive", "args": [{"type": "aspect", "offset": [8], "text": "taste"}, {"type": "opinion", "offset": [9, 10], "text": "covers all"}]}], "event": [], "spot": ["aspect", "opinion"], "asoc": ["positive", "negative"], "spot_asoc": [{"span": "Staffs", "label": "aspect", "asoc": [["negative", "not that friendly"]]}, {"span": "not that friendly", "label": "opinion", "asoc": []}, {"span": "taste", "label": "aspect", "asoc": [["positive", "covers all"]]}, {"span": "covers all", "label": "opinion", "asoc": []}]}
{"text": "The worst excuse for Japanese food I 've ever encountered .", "tokens": ["The", "worst", "excuse", "for", "Japanese", "food", "I", "'ve", "ever", "encountered", "."], "record": "<extra_id_0> <extra_id_0> opinion <extra_id_5> worst <extra_id_1> <extra_id_0> aspect <extra_id_5> Japanese food <extra_id_0> negative <extra_id_5> worst <extra_id_1> <extra_id_1> <extra_id_1>", "entity": [{"type": "aspect", "offset": [4, 5], "text": "Japanese food"}, {"type": "opinion", "offset": [1], "text": "worst"}], "relation": [{"type": "negative", "args": [{"type": "aspect", "offset": [4, 5], "text": "Japanese food"}, {"type": "opinion", "offset": [1], "text": "worst"}]}], "event": [], "spot": ["aspect", "opinion"], "asoc": ["negative"], "spot_asoc": [{"span": "worst", "label": "opinion", "asoc": []}, {"span": "Japanese food", "label": "aspect", "asoc": [["negative", "worst"]]}]}
{"text": "Pizza was a little soggy .", "tokens": ["Pizza", "was", "a", "little", "soggy", "."], "record": "<extra_id_0> <extra_id_0> aspect <extra_id_5> Pizza <extra_id_0> negative <extra_id_5> soggy <extra_id_1> <extra_id_1> <extra_id_0> opinion <extra_id_5> soggy <extra_id_1> <extra_id_1>", "entity": [{"type": "aspect", "offset": [0], "text": "Pizza"}, {"type": "opinion", "offset": [4], "text": "soggy"}], "relation": [{"type": "negative", "args": [{"type": "aspect", "offset": [0], "text": "Pizza"}, {"type": "opinion", "offset": [4], "text": "soggy"}]}], "event": [], "spot": ["aspect", "opinion"], "asoc": ["negative"], "spot_asoc": [{"span": "Pizza", "label": "aspect", "asoc": [["negative", "soggy"]]}, {"span": "soggy", "label": "opinion", "asoc": []}]}
{"text": "They are still living in the dark ages and do not have an answering machine , so if you want to make a reservation you are limited .", "tokens": ["They", "are", "still", "living", "in", "the", "dark", "ages", "and", "do", "not", "have", "an", "answering", "machine", ",", "so", "if", "you", "want", "to", "make", "a", "reservation", "you", "are", "limited", "."], "record": "<extra_id_0> <extra_id_0> aspect <extra_id_5> reservation <extra_id_0> negative <extra_id_5> limited <extra_id_1> <extra_id_1> <extra_id_0> opinion <extra_id_5> limited <extra_id_1> <extra_id_1>", "entity": [{"type": "aspect", "offset": [23], "text": "reservation"}, {"type": "opinion", "offset": [26], "text": "limited"}], "relation": [{"type": "negative", "args": [{"type": "aspect", "offset": [23], "text": "reservation"}, {"type": "opinion", "offset": [26], "text": "limited"}]}], "event": [], "spot": ["aspect", "opinion"], "asoc": ["negative"], "spot_asoc": [{"span": "reservation", "label": "aspect", "asoc": [["negative", "limited"]]}, {"span": "limited", "label": "opinion", "asoc": []}]}
