{"text": "Very good wine choices .", "tokens": ["Very", "good", "wine", "choices", "."], "record": "<extra_id_0> <extra_id_0> opinion <extra_id_5> good <extra_id_1> <extra_id_0> aspect <extra_id_5> wine choices <extra_id_0> positive <extra_id_5> good <extra_id_1> <extra_id_1> <extra_id_1>", "entity": [{"type": "aspect", "offset": [2, 3], "text": "wine choices"}, {"type": "opinion", "offset": [1], "text": "good"}], "relation": [{"type": "positive", "args": [{"type": "aspect", "offset": [2, 3], "text": "wine choices"}, {"type": "opinion", "offset": [1], "text": "good"}]}], "event": [], "spot": ["aspect", "opinion"], "asoc": ["positive"], "spot_asoc": [{"span": "good", "label": "opinion", "asoc": []}, {"span": "wine choices", "label": "aspect", "asoc": [["positive", "good"]]}]}
{"text": "As we were sitting eating the subpar food the manager proceeded to berate a couple of his employees for putting out the wrong containers for condiments and explained to them how expensive these containers were .", "tokens": ["As", "we", "were", "sitting", "eating", "the", "subpar", "food", "the", "manager", "proceeded", "to", "berate", "a", "couple", "of", "his", "employees", "for", "putting", "out", "the", "wrong", "containers", "for", "condiments", "and", "explained", "to", "them", "how", "expensive", "these", "containers", "were", "."], "record": "<extra_id_0> <extra_id_0> opinion <extra_id_5> subpar <extra_id_1> <extra_id_0> aspect <extra_id_5> food <extra_id_0> negative <extra_id_5> subpar <extra_id_1> <extra_id_1> <extra_id_0> opinion <extra_id_5> expensive <extra_id_1> <extra_id_0> aspect <extra_id_5> containers <extra_id_0> neutral <extra_id_5> expensive <extra_id_1> <extra_id_1> <extra_id_1>", "entity": [{"type": "aspect", "offset": [7], "text": "food"}, {"type": "aspect", "offset": [33], "text": "containers"}, {"type": "opinion", "offset": [6], "text": "subpar"}, {"type": "opinion", "offset": [31], "text": "expensive"}], "relation": [{"type": "negative", "args": [{"type": "aspect", "offset": [7], "text": "food"}, {"type": "opinion", "offset": [6], "text": "subpar"}]}, {"type": "neutral", "args": [{"type": "aspect", "offset": [33], "text": "containers"}, {"type": "opinion", "offset": [31], "text": "expensive"}]}], "event": [], "spot": ["aspect", "opinion"], "asoc": ["neutral", "negative"], "spot_asoc": [{"span": "subpar", "label": "opinion", "asoc": []}, {"span": "food", "label": "aspect", "asoc": [["negative", "subpar"]]}, {"span": "expensive", "label": "opinion", "asoc": []}, {"span": "containers", "label": "aspect", "asoc": [["neutral", "expensive"]]}]}
{"text": "For some reason , all the seafood on the menu was unavailable except for the Salmon .", "tokens": ["For", "some", "reason", ",", "all", "the", "seafood", "on", "the", "menu", "was", "unavailable", "except", "for", "the", "Salmon", "."], "record": "<extra_id_0> <extra_id_0> aspect <extra_id_5> seafood <extra_id_0> negative <extra_id_5> unavailable <extra_id_1> <extra_id_1> <extra_id_0> aspect <extra_id_5> menu <extra_id_0> negative <extra_id_5> unavailable <extra_id_1> <extra_id_1> <extra_id_0> opinion <extra_id_5> unavailable <extra_id_1> <extra_id_0> opinion <extra_id_5> except <extra_id_1> <extra_id_0> aspect <extra_id_5> Salmon <extra_id_0> neutral <extra_id_5> except <extra_id_1> <extra_id_1> <extra_id_1>", "entity": [{"type": "aspect", "offset": [6], "text": "seafood"}, {"type": "aspect", "offset": [9], "text": "menu"}, {"type": "aspect", "offset": [15], "text": "Salmon"}, {"type": "opinion", "offset": [11], "text": "unavailable"}, {"type": "opinion", "offset": [12], "text": "except"}], "relation": [{"type": "negative", "args": [{"type": "aspect", "offset": [6], "text": "seafood"}, {"type": "opinion", "offset": [11], "text": "unavailable"}]}, {"type": "negative", "args": [{"type": "aspect", "offset": [9], "text": "menu"}, {"type": "opinion", "offset": [11], "text": "unavailable"}]}, {"type": "neutral", "args": [{"type": "aspect", "offset": [15], "text": "Salmon"}, {"type": "opinion", "offset": [12], "text": "except"}]}], "event": [], "spot": ["aspect", "opinion"], "asoc": ["neutral", "negative"], "spot_asoc": [{"span": "seafood", "label": "aspect", "asoc": [["negative", "unavailable"]]}, {"span": "menu", "label": "aspect", "asoc": [["negative", "unavailable"]]}, {"span": "unavailable", "label": "opinion", "asoc": []}, {"span": "except", "label": "opinion", "asoc": []}, {"span": "Salmon", "label": "aspect", "asoc": [["neutral", "except"]]}]}
