{"text": "Do n't waste money on decor .", "tokens": ["Do", "n't", "waste", "money", "on", "decor", "."], "record": "<extra_id_0> <extra_id_0> opinion <extra_id_5> waste <extra_id_1> <extra_id_0> aspect <extra_id_5> decor <extra_id_0> neutral <extra_id_5> waste <extra_id_1> <extra_id_1> <extra_id_1>", "entity": [{"type": "aspect", "offset": [5], "text": "decor"}, {"type": "opinion", "offset": [2], "text": "waste"}], "relation": [{"type": "neutral", "args": [{"type": "aspect", "offset": [5], "text": "decor"}, {"type": "opinion", "offset": [2], "text": "waste"}]}], "event": [], "spot": ["aspect", "opinion"], "asoc": ["neutral"], "spot_asoc": [{"span": "waste", "label": "opinion", "asoc": []}, {"span": "decor", "label": "aspect", "asoc": [["neutral", "waste"]]}]}
{"text": "Delicious food at a great price but do not go here on a cold day and sit by the front door .", "tokens": ["Delicious", "food", "at", "a", "great", "price", "but", "do", "not", "go", "here", "on", "a", "cold", "day", "and", "sit", "by", "the", "front", "door", "."], "record": "<extra_id_0> <extra_id_0> opinion <extra_id_5> Delicious <extra_id_1> <extra_id_0> aspect <extra_id_5> food <extra_id_0> positive <extra_id_5> Delicious <extra_id_1> <extra_id_1> <extra_id_0> opinion <extra_id_5> great <extra_id_1> <extra_id_0> aspect <extra_id_5> price <extra_id_0> positive <extra_id_5> great <extra_id_1> <extra_id_1> <extra_id_0> opinion <extra_id_5> cold <extra_id_1> <extra_id_0> aspect <extra_id_5> front door <extra_id_0> neutral <extra_id_5> cold <extra_id_1> <extra_id_1> <extra_id_1>", "entity": [{"type": "aspect", "offset": [1], "text": "food"}, {"type": "aspect", "offset": [5], "text": "price"}, {"type": "aspect", "offset": [19, 20], "text": "front door"}, {"type": "opinion", "offset": [0], "text": "Delicious"}, {"type": "opinion", "offset": [4], "text": "great"}, {"type": "opinion", "offset": [13], "text": "cold"}], "relation": [{"type": "positive", "args": [{"type": "aspect", "offset": [1], "text": "food"}, {"type": "opinion", "offset": [0], "text": "Delicious"}]}, {"type": "positive", "args": [{"type": "aspect", "offset": [5], "text": "price"}, {"type": "opinion", "offset": [4], "text": "great"}]}, {"type": "neutral", "args": [{"type": "aspect", "offset": [19, 20], "text": "front door"}, {"type": "opinion", "offset": [13], "text": "cold"}]}], "event": [], "spot": ["aspect", "opinion"], "asoc": ["positive", "neutral"], "spot_asoc": [{"span": "Delicious", "label": "opinion", "asoc": []}, {"span": "food", "label": "aspect", "asoc": [["positive", "Delicious"]]}, {"span": "great", "label": "opinion", "asoc": []}, {"span": "price", "label": "aspect", "asoc": [["positive", "great"]]}, {"span": "cold", "label": "opinion", "asoc": []}, {"span": "front door", "label": "aspect", "asoc": [["neutral", "cold"]]}]}
{"text": "I had a late dinner at Lucky Stike , a great name for a joint if ever I saw one .", "tokens": ["I", "had", "a", "late", "dinner", "at", "Lucky", "Stike", ",", "a", "great", "name", "for", "a", "joint", "if", "ever", "I", "saw", "one", "."], "record": "<extra_id_0> <extra_id_0> aspect <extra_id_5> dinner <extra_id_0> neutral <extra_id_5> great <extra_id_1> <extra_id_1> <extra_id_0> opinion <extra_id_5> great <extra_id_1> <extra_id_1>", "entity": [{"type": "aspect", "offset": [4], "text": "dinner"}, {"type": "opinion", "offset": [10], "text": "great"}], "relation": [{"type": "neutral", "args": [{"type": "aspect", "offset": [4], "text": "dinner"}, {"type": "opinion", "offset": [10], "text": "great"}]}], "event": [], "spot": ["aspect", "opinion"], "asoc": ["neutral"], "spot_asoc": [{"span": "dinner", "label": "aspect", "asoc": [["neutral", "great"]]}, {"span": "great", "label": "opinion", "asoc": []}]}
{"text": "Food was OK - fish was cooked well .", "tokens": ["Food", "was", "OK", "-", "fish", "was", "cooked", "well", "."], "record": "<extra_id_0> <extra_id_0> aspect <extra_id_5> Food <extra_id_0> neutral <extra_id_5> OK <extra_id_1> <extra_id_1> <extra_id_0> opinion <extra_id_5> OK <extra_id_1> <extra_id_0> aspect <extra_id_5> fish <extra_id_0> positive <extra_id_5> cooked well <extra_id_1> <extra_id_1> <extra_id_0> opinion <extra_id_5> cooked well <extra_id_1> <extra_id_1>", "entity": [{"type": "aspect", "offset": [0], "text": "Food"}, {"type": "aspect", "offset": [4], "text": "fish"}, {"type": "opinion", "offset": [2], "text": "OK"}, {"type": "opinion", "offset": [6, 7], "text": "cooked well"}], "relation": [{"type": "neutral", "args": [{"type": "aspect", "offset": [0], "text": "Food"}, {"type": "opinion", "offset": [2], "text": "OK"}]}, {"type": "positive", "args": [{"type": "aspect", "offset": [4], "text": "fish"}, {"type": "opinion", "offset": [6, 7], "text": "cooked well"}]}], "event": [], "spot": ["aspect", "opinion"], "asoc": ["positive", "neutral"], "spot_asoc": [{"span": "Food", "label": "aspect", "asoc": [["neutral", "OK"]]}, {"span": "OK", "label": "opinion", "asoc": []}, {"span": "fish", "label": "aspect", "asoc": [["positive", "cooked well"]]}, {"span": "cooked well", "label": "opinion", "asoc": []}]}
{"text": "What came to our table was burned beyond recognition and stringy .", "tokens": ["What", "came", "to", "our", "table", "was", "burned", "beyond", "recognition", "and", "stringy", "."], "record": "<extra_id_0> <extra_id_0> aspect <extra_id_5> table <extra_id_0> neutral <extra_id_5> burned <extra_id_1> <extra_id_1> <extra_id_0> opinion <extra_id_5> burned <extra_id_1> <extra_id_1>", "entity": [{"type": "aspect", "offset": [4], "text": "table"}, {"type": "opinion", "offset": [6], "text": "burned"}], "relation": [{"type": "neutral", "args": [{"type": "aspect", "offset": [4], "text": "table"}, {"type": "opinion", "offset": [6], "text": "burned"}]}], "event": [], "spot": ["aspect", "opinion"], "asoc": ["neutral"], "spot_asoc": [{"span": "table", "label": "aspect", "asoc": [["neutral", "burned"]]}, {"span": "burned", "label": "opinion", "asoc": []}]}
{"text": "I would never wait for a table to eat , it just is not THAT great .", "tokens": ["I", "would", "never", "wait", "for", "a", "table", "to", "eat", ",", "it", "just", "is", "not", "THAT", "great", "."], "record": "<extra_id_0> <extra_id_0> opinion <extra_id_5> never wait <extra_id_1> <extra_id_0> aspect <extra_id_5> table <extra_id_0> neutral <extra_id_5> never wait <extra_id_1> <extra_id_1> <extra_id_1>", "entity": [{"type": "aspect", "offset": [6], "text": "table"}, {"type": "opinion", "offset": [2, 3], "text": "never wait"}], "relation": [{"type": "neutral", "args": [{"type": "aspect", "offset": [6], "text": "table"}, {"type": "opinion", "offset": [2, 3], "text": "never wait"}]}], "event": [], "spot": ["aspect", "opinion"], "asoc": ["neutral"], "spot_asoc": [{"span": "never wait", "label": "opinion", "asoc": []}, {"span": "table", "label": "aspect", "asoc": [["neutral", "never wait"]]}]}
{"text": "The appetizers are just OK and the main courses were decidedly subpar .", "tokens": ["The", "appetizers", "are", "just", "OK", "and", "the", "main", "courses", "were", "decidedly", "subpar", "."], "record": "<extra_id_0> <extra_id_0> aspect <extra_id_5> appetizers <extra_id_0> neutral <extra_id_5> OK <extra_id_1> <extra_id_1> <extra_id_0> opinion <extra_id_5> OK <extra_id_1> <extra_id_0> aspect <extra_id_5> main courses <extra_id_0> negative <extra_id_5> subpar <extra_id_1> <extra_id_1> <extra_id_0> opinion <extra_id_5> subpar <extra_id_1> <extra_id_1>", "entity": [{"type": "aspect", "offset": [1], "text": "appetizers"}, {"type": "aspect", "offset": [7, 8], "text": "main courses"}, {"type": "opinion", "offset": [4], "text": "OK"}, {"type": "opinion", "offset": [11], "text": "subpar"}], "relation": [{"type": "neutral", "args": [{"type": "aspect", "offset": [1], "text": "appetizers"}, {"type": "opinion", "offset": [4], "text": "OK"}]}, {"type": "negative", "args": [{"type": "aspect", "offset": [7, 8], "text": "main courses"}, {"type": "opinion", "offset": [11], "text": "subpar"}]}], "event": [], "spot": ["aspect", "opinion"], "asoc": ["negative", "neutral"], "spot_asoc": [{"span": "appetizers", "label": "aspect", "asoc": [["neutral", "OK"]]}, {"span": "OK", "label": "opinion", "asoc": []}, {"span": "main courses", "label": "aspect", "asoc": [["negative", "subpar"]]}, {"span": "subpar", "label": "opinion", "asoc": []}]}
{"text": "The atmosphere is nothing special , but it feels like a Sushi establishment in Tokyo .", "tokens": ["The", "atmosphere", "is", "nothing", "special", ",", "but", "it", "feels", "like", "a", "Sushi", "establishment", "in", "Tokyo", "."], "record": "<extra_id_0> <extra_id_0> aspect <extra_id_5> atmosphere <extra_id_0> neutral <extra_id_5> nothing special <extra_id_1> <extra_id_1> <extra_id_0> opinion <extra_id_5> nothing special <extra_id_1> <extra_id_1>", "entity": [{"type": "aspect", "offset": [1], "text": "atmosphere"}, {"type": "opinion", "offset": [3, 4], "text": "nothing special"}], "relation": [{"type": "neutral", "args": [{"type": "aspect", "offset": [1], "text": "atmosphere"}, {"type": "opinion", "offset": [3, 4], "text": "nothing special"}]}], "event": [], "spot": ["aspect", "opinion"], "asoc": ["neutral"], "spot_asoc": [{"span": "atmosphere", "label": "aspect", "asoc": [["neutral", "nothing special"]]}, {"span": "nothing special", "label": "opinion", "asoc": []}]}
{"text": "Great wine selection , Gigondas is worth the price , and the house champagne is a great value .", "tokens": ["Great", "wine", "selection", ",", "Gigondas", "is", "worth", "the", "price", ",", "and", "the", "house", "champagne", "is", "a", "great", "value", "."], "record": "<extra_id_0> <extra_id_0> opinion <extra_id_5> Great <extra_id_1> <extra_id_0> aspect <extra_id_5> wine selection <extra_id_0> positive <extra_id_5> Great <extra_id_1> <extra_id_1> <extra_id_0> aspect <extra_id_5> Gigondas <extra_id_0> positive <extra_id_5> worth the price <extra_id_1> <extra_id_1> <extra_id_0> opinion <extra_id_5> worth <extra_id_1> <extra_id_0> opinion <extra_id_5> worth the price <extra_id_1> <extra_id_0> aspect <extra_id_5> price <extra_id_0> neutral <extra_id_5> worth <extra_id_1> <extra_id_1> <extra_id_0> aspect <extra_id_5> house champagne <extra_id_0> positive <extra_id_5> great value <extra_id_1> <extra_id_1> <extra_id_0> opinion <extra_id_5> great value <extra_id_1> <extra_id_1>", "entity": [{"type": "aspect", "offset": [1, 2], "text": "wine selection"}, {"type": "aspect", "offset": [4], "text": "Gigondas"}, {"type": "aspect", "offset": [12, 13], "text": "house champagne"}, {"type": "aspect", "offset": [8], "text": "price"}, {"type": "opinion", "offset": [0], "text": "Great"}, {"type": "opinion", "offset": [6, 7, 8], "text": "worth the price"}, {"type": "opinion", "offset": [16, 17], "text": "great value"}, {"type": "opinion", "offset": [6], "text": "worth"}], "relation": [{"type": "positive", "args": [{"type": "aspect", "offset": [1, 2], "text": "wine selection"}, {"type": "opinion", "offset": [0], "text": "Great"}]}, {"type": "positive", "args": [{"type": "aspect", "offset": [4], "text": "Gigondas"}, {"type": "opinion", "offset": [6, 7, 8], "text": "worth the price"}]}, {"type": "positive", "args": [{"type": "aspect", "offset": [12, 13], "text": "house champagne"}, {"type": "opinion", "offset": [16, 17], "text": "great value"}]}, {"type": "neutral", "args": [{"type": "aspect", "offset": [8], "text": "price"}, {"type": "opinion", "offset": [6], "text": "worth"}]}], "event": [], "spot": ["aspect", "opinion"], "asoc": ["positive", "neutral"], "spot_asoc": [{"span": "Great", "label": "opinion", "asoc": []}, {"span": "wine selection", "label": "aspect", "asoc": [["positive", "Great"]]}, {"span": "Gigondas", "label": "aspect", "asoc": [["positive", "worth the price"]]}, {"span": "worth", "label": "opinion", "asoc": []}, {"span": "worth the price", "label": "opinion", "asoc": []}, {"span": "price", "label": "aspect", "asoc": [["neutral", "worth"]]}, {"span": "house champagne", "label": "aspect", "asoc": [["positive", "great value"]]}, {"span": "great value", "label": "opinion", "asoc": []}]}
{"text": "On the other hand , if you are not fooled easily , you will find hundreds of restaurants that will give you service and ambiance that is on par with Alain Ducasse , and food that will outshine in presentaion , taste , choice , quality and quantity .", "tokens": ["On", "the", "other", "hand", ",", "if", "you", "are", "not", "fooled", "easily", ",", "you", "will", "find", "hundreds", "of", "restaurants", "that", "will", "give", "you", "service", "and", "ambiance", "that", "is", "on", "par", "with", "Alain", "Ducasse", ",", "and", "food", "that", "will", "outshine", "in", "presentaion", ",", "taste", ",", "choice", ",", "quality", "and", "quantity", "."], "record": "<extra_id_0> <extra_id_0> aspect <extra_id_5> service <extra_id_0> neutral <extra_id_5> on par <extra_id_1> <extra_id_1> <extra_id_0> aspect <extra_id_5> ambiance <extra_id_0> neutral <extra_id_5> on par <extra_id_1> <extra_id_1> <extra_id_0> opinion <extra_id_5> on par <extra_id_1> <extra_id_0> aspect <extra_id_5> food <extra_id_0> negative <extra_id_5> outshine <extra_id_1> <extra_id_1> <extra_id_0> opinion <extra_id_5> outshine <extra_id_1> <extra_id_1>", "entity": [{"type": "aspect", "offset": [22], "text": "service"}, {"type": "aspect", "offset": [24], "text": "ambiance"}, {"type": "aspect", "offset": [34], "text": "food"}, {"type": "opinion", "offset": [27, 28], "text": "on par"}, {"type": "opinion", "offset": [37], "text": "outshine"}], "relation": [{"type": "neutral", "args": [{"type": "aspect", "offset": [22], "text": "service"}, {"type": "opinion", "offset": [27, 28], "text": "on par"}]}, {"type": "neutral", "args": [{"type": "aspect", "offset": [24], "text": "ambiance"}, {"type": "opinion", "offset": [27, 28], "text": "on par"}]}, {"type": "negative", "args": [{"type": "aspect", "offset": [34], "text": "food"}, {"type": "opinion", "offset": [37], "text": "outshine"}]}], "event": [], "spot": ["aspect", "opinion"], "asoc": ["negative", "neutral"], "spot_asoc": [{"span": "service", "label": "aspect", "asoc": [["neutral", "on par"]]}, {"span": "ambiance", "label": "aspect", "asoc": [["neutral", "on par"]]}, {"span": "on par", "label": "opinion", "asoc": []}, {"span": "food", "label": "aspect", "asoc": [["negative", "outshine"]]}, {"span": "outshine", "label": "opinion", "asoc": []}]}
{"text": "This is the perfect spot for meeting friends , having lunch , dinner , pre-theatre or after-theatre drinks !", "tokens": ["This", "is", "the", "perfect", "spot", "for", "meeting", "friends", ",", "having", "lunch", ",", "dinner", ",", "pre-theatre", "or", "after-theatre", "drinks", "!"], "record": "<extra_id_0> <extra_id_0> opinion <extra_id_5> perfect <extra_id_1> <extra_id_0> aspect <extra_id_5> spot <extra_id_0> positive <extra_id_5> perfect <extra_id_1> <extra_id_1> <extra_id_1>", "entity": [{"type": "aspect", "offset": [4], "text": "spot"}, {"type": "opinion", "offset": [3], "text": "perfect"}], "relation": [{"type": "positive", "args": [{"type": "aspect", "offset": [4], "text": "spot"}, {"type": "opinion", "offset": [3], "text": "perfect"}]}], "event": [], "spot": ["aspect", "opinion"], "asoc": ["positive"], "spot_asoc": [{"span": "perfect", "label": "opinion", "asoc": []}, {"span": "spot", "label": "aspect", "asoc": [["positive", "perfect"]]}]}
{"text": "The fried rice is amazing here .", "tokens": ["The", "fried", "rice", "is", "amazing", "here", "."], "record": "<extra_id_0> <extra_id_0> aspect <extra_id_5> fried rice <extra_id_0> positive <extra_id_5> amazing <extra_id_1> <extra_id_1> <extra_id_0> opinion <extra_id_5> amazing <extra_id_1> <extra_id_1>", "entity": [{"type": "aspect", "offset": [1, 2], "text": "fried rice"}, {"type": "opinion", "offset": [4], "text": "amazing"}], "relation": [{"type": "positive", "args": [{"type": "aspect", "offset": [1, 2], "text": "fried rice"}, {"type": "opinion", "offset": [4], "text": "amazing"}]}], "event": [], "spot": ["aspect", "opinion"], "asoc": ["positive"], "spot_asoc": [{"span": "fried rice", "label": "aspect", "asoc": [["positive", "amazing"]]}, {"span": "amazing", "label": "opinion", "asoc": []}]}
{"text": "Our son loves pizza and we have a certified Neapolitan pizzaria in our home city ( Seattle ) , we liked this nearly as much - and the differences were more about personal preference than any reflection on either restaurant .", "tokens": ["Our", "son", "loves", "pizza", "and", "we", "have", "a", "certified", "Neapolitan", "pizzaria", "in", "our", "home", "city", "(", "Seattle", ")", ",", "we", "liked", "this", "nearly", "as", "much", "-", "and", "the", "differences", "were", "more", "about", "personal", "preference", "than", "any", "reflection", "on", "either", "restaurant", "."], "record": "<extra_id_0> <extra_id_0> opinion <extra_id_5> loves <extra_id_1> <extra_id_0> aspect <extra_id_5> pizza <extra_id_0> positive <extra_id_5> loves <extra_id_1> <extra_id_1> <extra_id_1>", "entity": [{"type": "aspect", "offset": [3], "text": "pizza"}, {"type": "opinion", "offset": [2], "text": "loves"}], "relation": [{"type": "positive", "args": [{"type": "aspect", "offset": [3], "text": "pizza"}, {"type": "opinion", "offset": [2], "text": "loves"}]}], "event": [], "spot": ["aspect", "opinion"], "asoc": ["positive"], "spot_asoc": [{"span": "loves", "label": "opinion", "asoc": []}, {"span": "pizza", "label": "aspect", "asoc": [["positive", "loves"]]}]}
{"text": "The ingredients taste fresher , the crust is thinner and crispier , the slice is less oily , and it 's never burnt like it occasionally is at Joe 's .", "tokens": ["The", "ingredients", "taste", "fresher", ",", "the", "crust", "is", "thinner", "and", "crispier", ",", "the", "slice", "is", "less", "oily", ",", "and", "it", "'s", "never", "burnt", "like", "it", "occasionally", "is", "at", "Joe", "'s", "."], "record": "<extra_id_0> <extra_id_0> aspect <extra_id_5> ingredients <extra_id_0> positive <extra_id_5> fresher <extra_id_1> <extra_id_1> <extra_id_0> opinion <extra_id_5> fresher <extra_id_1> <extra_id_0> aspect <extra_id_5> crust <extra_id_0> positive <extra_id_5> thinner <extra_id_1> <extra_id_0> positive <extra_id_5> crispier <extra_id_1> <extra_id_1> <extra_id_0> opinion <extra_id_5> thinner <extra_id_1> <extra_id_0> opinion <extra_id_5> crispier <extra_id_1> <extra_id_0> aspect <extra_id_5> slice <extra_id_0> positive <extra_id_5> less oily <extra_id_1> <extra_id_1> <extra_id_0> opinion <extra_id_5> less oily <extra_id_1> <extra_id_1>", "entity": [{"type": "aspect", "offset": [1], "text": "ingredients"}, {"type": "aspect", "offset": [6], "text": "crust"}, {"type": "aspect", "offset": [13], "text": "slice"}, {"type": "opinion", "offset": [3], "text": "fresher"}, {"type": "opinion", "offset": [8], "text": "thinner"}, {"type": "opinion", "offset": [10], "text": "crispier"}, {"type": "opinion", "offset": [15, 16], "text": "less oily"}], "relation": [{"type": "positive", "args": [{"type": "aspect", "offset": [1], "text": "ingredients"}, {"type": "opinion", "offset": [3], "text": "fresher"}]}, {"type": "positive", "args": [{"type": "aspect", "offset": [6], "text": "crust"}, {"type": "opinion", "offset": [8], "text": "thinner"}]}, {"type": "positive", "args": [{"type": "aspect", "offset": [6], "text": "crust"}, {"type": "opinion", "offset": [10], "text": "crispier"}]}, {"type": "positive", "args": [{"type": "aspect", "offset": [13], "text": "slice"}, {"type": "opinion", "offset": [15, 16], "text": "less oily"}]}], "event": [], "spot": ["aspect", "opinion"], "asoc": ["positive"], "spot_asoc": [{"span": "ingredients", "label": "aspect", "asoc": [["positive", "fresher"]]}, {"span": "fresher", "label": "opinion", "asoc": []}, {"span": "crust", "label": "aspect", "asoc": [["positive", "thinner"], ["positive", "crispier"]]}, {"span": "thinner", "label": "opinion", "asoc": []}, {"span": "crispier", "label": "opinion", "asoc": []}, {"span": "slice", "label": "aspect", "asoc": [["positive", "less oily"]]}, {"span": "less oily", "label": "opinion", "asoc": []}]}
{"text": "I have been coming here for years and have nothing but good things to say about the service and the great staff at La Lanterna .", "tokens": ["I", "have", "been", "coming", "here", "for", "years", "and", "have", "nothing", "but", "good", "things", "to", "say", "about", "the", "service", "and", "the", "great", "staff", "at", "La", "Lanterna", "."], "record": "<extra_id_0> <extra_id_0> opinion <extra_id_5> good <extra_id_1> <extra_id_0> aspect <extra_id_5> service <extra_id_0> positive <extra_id_5> good <extra_id_1> <extra_id_1> <extra_id_0> opinion <extra_id_5> great <extra_id_1> <extra_id_0> aspect <extra_id_5> staff <extra_id_0> positive <extra_id_5> great <extra_id_1> <extra_id_1> <extra_id_1>", "entity": [{"type": "aspect", "offset": [17], "text": "service"}, {"type": "aspect", "offset": [21], "text": "staff"}, {"type": "opinion", "offset": [11], "text": "good"}, {"type": "opinion", "offset": [20], "text": "great"}], "relation": [{"type": "positive", "args": [{"type": "aspect", "offset": [17], "text": "service"}, {"type": "opinion", "offset": [11], "text": "good"}]}, {"type": "positive", "args": [{"type": "aspect", "offset": [21], "text": "staff"}, {"type": "opinion", "offset": [20], "text": "great"}]}], "event": [], "spot": ["aspect", "opinion"], "asoc": ["positive"], "spot_asoc": [{"span": "good", "label": "opinion", "asoc": []}, {"span": "service", "label": "aspect", "asoc": [["positive", "good"]]}, {"span": "great", "label": "opinion", "asoc": []}, {"span": "staff", "label": "aspect", "asoc": [["positive", "great"]]}]}
{"text": "An oasis of refinement : Food , though somewhat uneven , often reaches the pinnacles of new American fine cuisine - chef 's passion ( and kitchen 's precise execution ) is most evident in the fish dishes and soups .", "tokens": ["An", "oasis", "of", "refinement", ":", "Food", ",", "though", "somewhat", "uneven", ",", "often", "reaches", "the", "pinnacles", "of", "new", "American", "fine", "cuisine", "-", "chef", "'s", "passion", "(", "and", "kitchen", "'s", "precise", "execution", ")", "is", "most", "evident", "in", "the", "fish", "dishes", "and", "soups", "."], "record": "<extra_id_0> <extra_id_0> aspect <extra_id_5> chef <extra_id_0> positive <extra_id_5> passion <extra_id_1> <extra_id_1> <extra_id_0> opinion <extra_id_5> passion <extra_id_1> <extra_id_0> aspect <extra_id_5> kitchen <extra_id_0> positive <extra_id_5> precise execution <extra_id_1> <extra_id_1> <extra_id_0> opinion <extra_id_5> precise execution <extra_id_1> <extra_id_0> opinion <extra_id_5> evident <extra_id_1> <extra_id_0> aspect <extra_id_5> fish dishes <extra_id_0> positive <extra_id_5> evident <extra_id_1> <extra_id_1> <extra_id_0> aspect <extra_id_5> soups <extra_id_0> positive <extra_id_5> evident <extra_id_1> <extra_id_1> <extra_id_1>", "entity": [{"type": "aspect", "offset": [21], "text": "chef"}, {"type": "aspect", "offset": [36, 37], "text": "fish dishes"}, {"type": "aspect", "offset": [39], "text": "soups"}, {"type": "aspect", "offset": [26], "text": "kitchen"}, {"type": "opinion", "offset": [23], "text": "passion"}, {"type": "opinion", "offset": [33], "text": "evident"}, {"type": "opinion", "offset": [28, 29], "text": "precise execution"}], "relation": [{"type": "positive", "args": [{"type": "aspect", "offset": [21], "text": "chef"}, {"type": "opinion", "offset": [23], "text": "passion"}]}, {"type": "positive", "args": [{"type": "aspect", "offset": [36, 37], "text": "fish dishes"}, {"type": "opinion", "offset": [33], "text": "evident"}]}, {"type": "positive", "args": [{"type": "aspect", "offset": [39], "text": "soups"}, {"type": "opinion", "offset": [33], "text": "evident"}]}, {"type": "positive", "args": [{"type": "aspect", "offset": [26], "text": "kitchen"}, {"type": "opinion", "offset": [28, 29], "text": "precise execution"}]}], "event": [], "spot": ["aspect", "opinion"], "asoc": ["positive"], "spot_asoc": [{"span": "chef", "label": "aspect", "asoc": [["positive", "passion"]]}, {"span": "passion", "label": "opinion", "asoc": []}, {"span": "kitchen", "label": "aspect", "asoc": [["positive", "precise execution"]]}, {"span": "precise execution", "label": "opinion", "asoc": []}, {"span": "evident", "label": "opinion", "asoc": []}, {"span": "fish dishes", "label": "aspect", "asoc": [["positive", "evident"]]}, {"span": "soups", "label": "aspect", "asoc": [["positive", "evident"]]}]}
{"text": "we split a tasty vegetable samosa and the malai tikka wrap .", "tokens": ["we", "split", "a", "tasty", "vegetable", "samosa", "and", "the", "malai", "tikka", "wrap", "."], "record": "<extra_id_0> <extra_id_0> opinion <extra_id_5> tasty <extra_id_1> <extra_id_0> aspect <extra_id_5> vegetable samosa <extra_id_0> positive <extra_id_5> tasty <extra_id_1> <extra_id_1> <extra_id_0> aspect <extra_id_5> malai tikka wrap <extra_id_0> positive <extra_id_5> tasty <extra_id_1> <extra_id_1> <extra_id_1>", "entity": [{"type": "aspect", "offset": [4, 5], "text": "vegetable samosa"}, {"type": "aspect", "offset": [8, 9, 10], "text": "malai tikka wrap"}, {"type": "opinion", "offset": [3], "text": "tasty"}], "relation": [{"type": "positive", "args": [{"type": "aspect", "offset": [4, 5], "text": "vegetable samosa"}, {"type": "opinion", "offset": [3], "text": "tasty"}]}, {"type": "positive", "args": [{"type": "aspect", "offset": [8, 9, 10], "text": "malai tikka wrap"}, {"type": "opinion", "offset": [3], "text": "tasty"}]}], "event": [], "spot": ["aspect", "opinion"], "asoc": ["positive"], "spot_asoc": [{"span": "tasty", "label": "opinion", "asoc": []}, {"span": "vegetable samosa", "label": "aspect", "asoc": [["positive", "tasty"]]}, {"span": "malai tikka wrap", "label": "aspect", "asoc": [["positive", "tasty"]]}]}
{"text": "The soup is pretty good too .", "tokens": ["The", "soup", "is", "pretty", "good", "too", "."], "record": "<extra_id_0> <extra_id_0> aspect <extra_id_5> soup <extra_id_0> positive <extra_id_5> good <extra_id_1> <extra_id_1> <extra_id_0> opinion <extra_id_5> good <extra_id_1> <extra_id_1>", "entity": [{"type": "aspect", "offset": [1], "text": "soup"}, {"type": "opinion", "offset": [4], "text": "good"}], "relation": [{"type": "positive", "args": [{"type": "aspect", "offset": [1], "text": "soup"}, {"type": "opinion", "offset": [4], "text": "good"}]}], "event": [], "spot": ["aspect", "opinion"], "asoc": ["positive"], "spot_asoc": [{"span": "soup", "label": "aspect", "asoc": [["positive", "good"]]}, {"span": "good", "label": "opinion", "asoc": []}]}
{"text": "Service was devine , oysters where a sensual as they come , and the price ca n't be beat ! ! !", "tokens": ["Service", "was", "devine", ",", "oysters", "where", "a", "sensual", "as", "they", "come", ",", "and", "the", "price", "ca", "n't", "be", "beat", "!", "!", "!"], "record": "<extra_id_0> <extra_id_0> aspect <extra_id_5> Service <extra_id_0> positive <extra_id_5> devine <extra_id_1> <extra_id_1> <extra_id_0> opinion <extra_id_5> devine <extra_id_1> <extra_id_0> aspect <extra_id_5> oysters <extra_id_0> positive <extra_id_5> sensual <extra_id_1> <extra_id_1> <extra_id_0> opinion <extra_id_5> sensual <extra_id_1> <extra_id_0> aspect <extra_id_5> price <extra_id_0> positive <extra_id_5> ca n't be beat <extra_id_1> <extra_id_1> <extra_id_0> opinion <extra_id_5> ca n't be beat <extra_id_1> <extra_id_1>", "entity": [{"type": "aspect", "offset": [0], "text": "Service"}, {"type": "aspect", "offset": [4], "text": "oysters"}, {"type": "aspect", "offset": [14], "text": "price"}, {"type": "opinion", "offset": [2], "text": "devine"}, {"type": "opinion", "offset": [7], "text": "sensual"}, {"type": "opinion", "offset": [15, 16, 17, 18], "text": "ca n't be beat"}], "relation": [{"type": "positive", "args": [{"type": "aspect", "offset": [0], "text": "Service"}, {"type": "opinion", "offset": [2], "text": "devine"}]}, {"type": "positive", "args": [{"type": "aspect", "offset": [4], "text": "oysters"}, {"type": "opinion", "offset": [7], "text": "sensual"}]}, {"type": "positive", "args": [{"type": "aspect", "offset": [14], "text": "price"}, {"type": "opinion", "offset": [15, 16, 17, 18], "text": "ca n't be beat"}]}], "event": [], "spot": ["aspect", "opinion"], "asoc": ["positive"], "spot_asoc": [{"span": "Service", "label": "aspect", "asoc": [["positive", "devine"]]}, {"span": "devine", "label": "opinion", "asoc": []}, {"span": "oysters", "label": "aspect", "asoc": [["positive", "sensual"]]}, {"span": "sensual", "label": "opinion", "asoc": []}, {"span": "price", "label": "aspect", "asoc": [["positive", "ca n't be beat"]]}, {"span": "ca n't be beat", "label": "opinion", "asoc": []}]}
{"text": "The staff is very kind and well trained , they 're fast , they are always prompt to jump behind the bar and fix drinks , they know details of every item in the menu and make excellent recomendations .", "tokens": ["The", "staff", "is", "very", "kind", "and", "well", "trained", ",", "they", "'re", "fast", ",", "they", "are", "always", "prompt", "to", "jump", "behind", "the", "bar", "and", "fix", "drinks", ",", "they", "know", "details", "of", "every", "item", "in", "the", "menu", "and", "make", "excellent", "recomendations", "."], "record": "<extra_id_0> <extra_id_0> aspect <extra_id_5> staff <extra_id_0> positive <extra_id_5> kind <extra_id_1> <extra_id_0> positive <extra_id_5> well trained <extra_id_1> <extra_id_0> positive <extra_id_5> fast <extra_id_1> <extra_id_0> positive <extra_id_5> prompt <extra_id_1> <extra_id_1> <extra_id_0> opinion <extra_id_5> kind <extra_id_1> <extra_id_0> opinion <extra_id_5> well trained <extra_id_1> <extra_id_0> opinion <extra_id_5> fast <extra_id_1> <extra_id_0> opinion <extra_id_5> prompt <extra_id_1> <extra_id_1>", "entity": [{"type": "aspect", "offset": [1], "text": "staff"}, {"type": "opinion", "offset": [4], "text": "kind"}, {"type": "opinion", "offset": [6, 7], "text": "well trained"}, {"type": "opinion", "offset": [11], "text": "fast"}, {"type": "opinion", "offset": [16], "text": "prompt"}], "relation": [{"type": "positive", "args": [{"type": "aspect", "offset": [1], "text": "staff"}, {"type": "opinion", "offset": [4], "text": "kind"}]}, {"type": "positive", "args": [{"type": "aspect", "offset": [1], "text": "staff"}, {"type": "opinion", "offset": [6, 7], "text": "well trained"}]}, {"type": "positive", "args": [{"type": "aspect", "offset": [1], "text": "staff"}, {"type": "opinion", "offset": [11], "text": "fast"}]}, {"type": "positive", "args": [{"type": "aspect", "offset": [1], "text": "staff"}, {"type": "opinion", "offset": [16], "text": "prompt"}]}], "event": [], "spot": ["aspect", "opinion"], "asoc": ["positive"], "spot_asoc": [{"span": "staff", "label": "aspect", "asoc": [["positive", "kind"], ["positive", "well trained"], ["positive", "fast"], ["positive", "prompt"]]}, {"span": "kind", "label": "opinion", "asoc": []}, {"span": "well trained", "label": "opinion", "asoc": []}, {"span": "fast", "label": "opinion", "asoc": []}, {"span": "prompt", "label": "opinion", "asoc": []}]}
{"text": "The food there is so good that even to order out the wait is incredible .", "tokens": ["The", "food", "there", "is", "so", "good", "that", "even", "to", "order", "out", "the", "wait", "is", "incredible", "."], "record": "<extra_id_0> <extra_id_0> aspect <extra_id_5> food <extra_id_0> positive <extra_id_5> good <extra_id_1> <extra_id_1> <extra_id_0> opinion <extra_id_5> good <extra_id_1> <extra_id_0> aspect <extra_id_5> wait <extra_id_0> negative <extra_id_5> incredible <extra_id_1> <extra_id_1> <extra_id_0> opinion <extra_id_5> incredible <extra_id_1> <extra_id_1>", "entity": [{"type": "aspect", "offset": [1], "text": "food"}, {"type": "aspect", "offset": [12], "text": "wait"}, {"type": "opinion", "offset": [5], "text": "good"}, {"type": "opinion", "offset": [14], "text": "incredible"}], "relation": [{"type": "positive", "args": [{"type": "aspect", "offset": [1], "text": "food"}, {"type": "opinion", "offset": [5], "text": "good"}]}, {"type": "negative", "args": [{"type": "aspect", "offset": [12], "text": "wait"}, {"type": "opinion", "offset": [14], "text": "incredible"}]}], "event": [], "spot": ["aspect", "opinion"], "asoc": ["positive", "negative"], "spot_asoc": [{"span": "food", "label": "aspect", "asoc": [["positive", "good"]]}, {"span": "good", "label": "opinion", "asoc": []}, {"span": "wait", "label": "aspect", "asoc": [["negative", "incredible"]]}, {"span": "incredible", "label": "opinion", "asoc": []}]}
{"text": "It 's a shame that a nice , convenient place like the Pink Pony can be so ruined by lousy service .", "tokens": ["It", "'s", "a", "shame", "that", "a", "nice", ",", "convenient", "place", "like", "the", "Pink", "Pony", "can", "be", "so", "ruined", "by", "lousy", "service", "."], "record": "<extra_id_0> <extra_id_0> opinion <extra_id_5> convenient <extra_id_1> <extra_id_0> aspect <extra_id_5> place <extra_id_0> positive <extra_id_5> convenient <extra_id_1> <extra_id_1> <extra_id_0> opinion <extra_id_5> lousy <extra_id_1> <extra_id_0> aspect <extra_id_5> service <extra_id_0> negative <extra_id_5> lousy <extra_id_1> <extra_id_1> <extra_id_1>", "entity": [{"type": "aspect", "offset": [9], "text": "place"}, {"type": "aspect", "offset": [20], "text": "service"}, {"type": "opinion", "offset": [8], "text": "convenient"}, {"type": "opinion", "offset": [19], "text": "lousy"}], "relation": [{"type": "positive", "args": [{"type": "aspect", "offset": [9], "text": "place"}, {"type": "opinion", "offset": [8], "text": "convenient"}]}, {"type": "negative", "args": [{"type": "aspect", "offset": [20], "text": "service"}, {"type": "opinion", "offset": [19], "text": "lousy"}]}], "event": [], "spot": ["aspect", "opinion"], "asoc": ["positive", "negative"], "spot_asoc": [{"span": "convenient", "label": "opinion", "asoc": []}, {"span": "place", "label": "aspect", "asoc": [["positive", "convenient"]]}, {"span": "lousy", "label": "opinion", "asoc": []}, {"span": "service", "label": "aspect", "asoc": [["negative", "lousy"]]}]}
{"text": "Made my dining experience uncomfortable .", "tokens": ["Made", "my", "dining", "experience", "uncomfortable", "."], "record": "<extra_id_0> <extra_id_0> aspect <extra_id_5> dining experience <extra_id_0> negative <extra_id_5> uncomfortable <extra_id_1> <extra_id_1> <extra_id_0> opinion <extra_id_5> uncomfortable <extra_id_1> <extra_id_1>", "entity": [{"type": "aspect", "offset": [2, 3], "text": "dining experience"}, {"type": "opinion", "offset": [4], "text": "uncomfortable"}], "relation": [{"type": "negative", "args": [{"type": "aspect", "offset": [2, 3], "text": "dining experience"}, {"type": "opinion", "offset": [4], "text": "uncomfortable"}]}], "event": [], "spot": ["aspect", "opinion"], "asoc": ["negative"], "spot_asoc": [{"span": "dining experience", "label": "aspect", "asoc": [["negative", "uncomfortable"]]}, {"span": "uncomfortable", "label": "opinion", "asoc": []}]}
{"text": "The food is terrible and overall , I would have to say avoid at all costs .", "tokens": ["The", "food", "is", "terrible", "and", "overall", ",", "I", "would", "have", "to", "say", "avoid", "at", "all", "costs", "."], "record": "<extra_id_0> <extra_id_0> aspect <extra_id_5> food <extra_id_0> negative <extra_id_5> terrible <extra_id_1> <extra_id_1> <extra_id_0> opinion <extra_id_5> terrible <extra_id_1> <extra_id_1>", "entity": [{"type": "aspect", "offset": [1], "text": "food"}, {"type": "opinion", "offset": [3], "text": "terrible"}], "relation": [{"type": "negative", "args": [{"type": "aspect", "offset": [1], "text": "food"}, {"type": "opinion", "offset": [3], "text": "terrible"}]}], "event": [], "spot": ["aspect", "opinion"], "asoc": ["negative"], "spot_asoc": [{"span": "food", "label": "aspect", "asoc": [["negative", "terrible"]]}, {"span": "terrible", "label": "opinion", "asoc": []}]}
{"text": "The appetizers are just OK and the main courses were decidedly subpar .", "tokens": ["The", "appetizers", "are", "just", "OK", "and", "the", "main", "courses", "were", "decidedly", "subpar", "."], "record": "<extra_id_0> <extra_id_0> aspect <extra_id_5> appetizers <extra_id_0> neutral <extra_id_5> OK <extra_id_1> <extra_id_1> <extra_id_0> opinion <extra_id_5> OK <extra_id_1> <extra_id_0> aspect <extra_id_5> main courses <extra_id_0> negative <extra_id_5> subpar <extra_id_1> <extra_id_1> <extra_id_0> opinion <extra_id_5> subpar <extra_id_1> <extra_id_1>", "entity": [{"type": "aspect", "offset": [1], "text": "appetizers"}, {"type": "aspect", "offset": [7, 8], "text": "main courses"}, {"type": "opinion", "offset": [4], "text": "OK"}, {"type": "opinion", "offset": [11], "text": "subpar"}], "relation": [{"type": "neutral", "args": [{"type": "aspect", "offset": [1], "text": "appetizers"}, {"type": "opinion", "offset": [4], "text": "OK"}]}, {"type": "negative", "args": [{"type": "aspect", "offset": [7, 8], "text": "main courses"}, {"type": "opinion", "offset": [11], "text": "subpar"}]}], "event": [], "spot": ["aspect", "opinion"], "asoc": ["negative", "neutral"], "spot_asoc": [{"span": "appetizers", "label": "aspect", "asoc": [["neutral", "OK"]]}, {"span": "OK", "label": "opinion", "asoc": []}, {"span": "main courses", "label": "aspect", "asoc": [["negative", "subpar"]]}, {"span": "subpar", "label": "opinion", "asoc": []}]}
{"text": "they did give a 15 % discount at the end , was n't enough , as they knew the service was horrible .", "tokens": ["they", "did", "give", "a", "15", "%", "discount", "at", "the", "end", ",", "was", "n't", "enough", ",", "as", "they", "knew", "the", "service", "was", "horrible", "."], "record": "<extra_id_0> <extra_id_0> aspect <extra_id_5> discount <extra_id_0> negative <extra_id_5> was n't enough <extra_id_1> <extra_id_1> <extra_id_0> opinion <extra_id_5> was n't enough <extra_id_1> <extra_id_0> aspect <extra_id_5> service <extra_id_0> negative <extra_id_5> horrible <extra_id_1> <extra_id_1> <extra_id_0> opinion <extra_id_5> horrible <extra_id_1> <extra_id_1>", "entity": [{"type": "aspect", "offset": [6], "text": "discount"}, {"type": "aspect", "offset": [19], "text": "service"}, {"type": "opinion", "offset": [11, 12, 13], "text": "was n't enough"}, {"type": "opinion", "offset": [21], "text": "horrible"}], "relation": [{"type": "negative", "args": [{"type": "aspect", "offset": [6], "text": "discount"}, {"type": "opinion", "offset": [11, 12, 13], "text": "was n't enough"}]}, {"type": "negative", "args": [{"type": "aspect", "offset": [19], "text": "service"}, {"type": "opinion", "offset": [21], "text": "horrible"}]}], "event": [], "spot": ["aspect", "opinion"], "asoc": ["negative"], "spot_asoc": [{"span": "discount", "label": "aspect", "asoc": [["negative", "was n't enough"]]}, {"span": "was n't enough", "label": "opinion", "asoc": []}, {"span": "service", "label": "aspect", "asoc": [["negative", "horrible"]]}, {"span": "horrible", "label": "opinion", "asoc": []}]}
{"text": "I ate here a week ago and found most dishes average at best and too expensive .", "tokens": ["I", "ate", "here", "a", "week", "ago", "and", "found", "most", "dishes", "average", "at", "best", "and", "too", "expensive", "."], "record": "<extra_id_0> <extra_id_0> aspect <extra_id_5> dishes <extra_id_0> negative <extra_id_5> average <extra_id_1> <extra_id_0> negative <extra_id_5> too expensive <extra_id_1> <extra_id_1> <extra_id_0> opinion <extra_id_5> average <extra_id_1> <extra_id_0> opinion <extra_id_5> too expensive <extra_id_1> <extra_id_1>", "entity": [{"type": "aspect", "offset": [9], "text": "dishes"}, {"type": "opinion", "offset": [10], "text": "average"}, {"type": "opinion", "offset": [14, 15], "text": "too expensive"}], "relation": [{"type": "negative", "args": [{"type": "aspect", "offset": [9], "text": "dishes"}, {"type": "opinion", "offset": [10], "text": "average"}]}, {"type": "negative", "args": [{"type": "aspect", "offset": [9], "text": "dishes"}, {"type": "opinion", "offset": [14, 15], "text": "too expensive"}]}], "event": [], "spot": ["aspect", "opinion"], "asoc": ["negative"], "spot_asoc": [{"span": "dishes", "label": "aspect", "asoc": [["negative", "average"], ["negative", "too expensive"]]}, {"span": "average", "label": "opinion", "asoc": []}, {"span": "too expensive", "label": "opinion", "asoc": []}]}
{"text": "The sauces used are also not that exciting .", "tokens": ["The", "sauces", "used", "are", "also", "not", "that", "exciting", "."], "record": "<extra_id_0> <extra_id_0> aspect <extra_id_5> sauces <extra_id_0> negative <extra_id_5> not that exciting <extra_id_1> <extra_id_1> <extra_id_0> opinion <extra_id_5> not that exciting <extra_id_1> <extra_id_1>", "entity": [{"type": "aspect", "offset": [1], "text": "sauces"}, {"type": "opinion", "offset": [5, 6, 7], "text": "not that exciting"}], "relation": [{"type": "negative", "args": [{"type": "aspect", "offset": [1], "text": "sauces"}, {"type": "opinion", "offset": [5, 6, 7], "text": "not that exciting"}]}], "event": [], "spot": ["aspect", "opinion"], "asoc": ["negative"], "spot_asoc": [{"span": "sauces", "label": "aspect", "asoc": [["negative", "not that exciting"]]}, {"span": "not that exciting", "label": "opinion", "asoc": []}]}
{"text": "Aside from the rushed service , we were very impressed with the food and the drinks .", "tokens": ["Aside", "from", "the", "rushed", "service", ",", "we", "were", "very", "impressed", "with", "the", "food", "and", "the", "drinks", "."], "record": "<extra_id_0> <extra_id_0> opinion <extra_id_5> rushed <extra_id_1> <extra_id_0> aspect <extra_id_5> service <extra_id_0> negative <extra_id_5> rushed <extra_id_1> <extra_id_1> <extra_id_0> opinion <extra_id_5> impressed <extra_id_1> <extra_id_0> aspect <extra_id_5> food <extra_id_0> positive <extra_id_5> impressed <extra_id_1> <extra_id_1> <extra_id_0> aspect <extra_id_5> drinks <extra_id_0> positive <extra_id_5> impressed <extra_id_1> <extra_id_1> <extra_id_1>", "entity": [{"type": "aspect", "offset": [4], "text": "service"}, {"type": "aspect", "offset": [12], "text": "food"}, {"type": "aspect", "offset": [15], "text": "drinks"}, {"type": "opinion", "offset": [3], "text": "rushed"}, {"type": "opinion", "offset": [9], "text": "impressed"}], "relation": [{"type": "negative", "args": [{"type": "aspect", "offset": [4], "text": "service"}, {"type": "opinion", "offset": [3], "text": "rushed"}]}, {"type": "positive", "args": [{"type": "aspect", "offset": [12], "text": "food"}, {"type": "opinion", "offset": [9], "text": "impressed"}]}, {"type": "positive", "args": [{"type": "aspect", "offset": [15], "text": "drinks"}, {"type": "opinion", "offset": [9], "text": "impressed"}]}], "event": [], "spot": ["aspect", "opinion"], "asoc": ["positive", "negative"], "spot_asoc": [{"span": "rushed", "label": "opinion", "asoc": []}, {"span": "service", "label": "aspect", "asoc": [["negative", "rushed"]]}, {"span": "impressed", "label": "opinion", "asoc": []}, {"span": "food", "label": "aspect", "asoc": [["positive", "impressed"]]}, {"span": "drinks", "label": "aspect", "asoc": [["positive", "impressed"]]}]}
{"text": "The food was just OK , at least for what food was available .", "tokens": ["The", "food", "was", "just", "OK", ",", "at", "least", "for", "what", "food", "was", "available", "."], "record": "<extra_id_0> <extra_id_0> aspect <extra_id_5> food <extra_id_0> negative <extra_id_5> OK <extra_id_1> <extra_id_1> <extra_id_0> opinion <extra_id_5> OK <extra_id_1> <extra_id_1>", "entity": [{"type": "aspect", "offset": [1], "text": "food"}, {"type": "opinion", "offset": [4], "text": "OK"}], "relation": [{"type": "negative", "args": [{"type": "aspect", "offset": [1], "text": "food"}, {"type": "opinion", "offset": [4], "text": "OK"}]}], "event": [], "spot": ["aspect", "opinion"], "asoc": ["negative"], "spot_asoc": [{"span": "food", "label": "aspect", "asoc": [["negative", "OK"]]}, {"span": "OK", "label": "opinion", "asoc": []}]}
