{"text": "Service was very good - prompt , attentive and non-intrusive .", "tokens": ["Service", "was", "very", "good", "-", "prompt", ",", "attentive", "and", "non-intrusive", "."], "record": "<extra_id_0> <extra_id_0> aspect <extra_id_5> Service <extra_id_0> positive <extra_id_5> good <extra_id_1> <extra_id_0> positive <extra_id_5> prompt <extra_id_1> <extra_id_0> positive <extra_id_5> attentive <extra_id_1> <extra_id_0> positive <extra_id_5> non-intrusive <extra_id_1> <extra_id_1> <extra_id_0> opinion <extra_id_5> good <extra_id_1> <extra_id_0> opinion <extra_id_5> prompt <extra_id_1> <extra_id_0> opinion <extra_id_5> attentive <extra_id_1> <extra_id_0> opinion <extra_id_5> non-intrusive <extra_id_1> <extra_id_1>", "entity": [{"type": "aspect", "offset": [0], "text": "Service"}, {"type": "opinion", "offset": [3], "text": "good"}, {"type": "opinion", "offset": [5], "text": "prompt"}, {"type": "opinion", "offset": [7], "text": "attentive"}, {"type": "opinion", "offset": [9], "text": "non-intrusive"}], "relation": [{"type": "positive", "args": [{"type": "aspect", "offset": [0], "text": "Service"}, {"type": "opinion", "offset": [3], "text": "good"}]}, {"type": "positive", "args": [{"type": "aspect", "offset": [0], "text": "Service"}, {"type": "opinion", "offset": [5], "text": "prompt"}]}, {"type": "positive", "args": [{"type": "aspect", "offset": [0], "text": "Service"}, {"type": "opinion", "offset": [7], "text": "attentive"}]}, {"type": "positive", "args": [{"type": "aspect", "offset": [0], "text": "Service"}, {"type": "opinion", "offset": [9], "text": "non-intrusive"}]}], "event": [], "spot": ["aspect", "opinion"], "asoc": ["positive"], "spot_asoc": [{"span": "Service", "label": "aspect", "asoc": [["positive", "good"], ["positive", "prompt"], ["positive", "attentive"], ["positive", "non-intrusive"]]}, {"span": "good", "label": "opinion", "asoc": []}, {"span": "prompt", "label": "opinion", "asoc": []}, {"span": "attentive", "label": "opinion", "asoc": []}, {"span": "non-intrusive", "label": "opinion", "asoc": []}]}
{"text": "Late nite omelletes are not good here , there is no variety !", "tokens": ["Late", "nite", "omelletes", "are", "not", "good", "here", ",", "there", "is", "no", "variety", "!"], "record": "<extra_id_0> <extra_id_0> aspect <extra_id_5> omelletes <extra_id_0> negative <extra_id_5> not good <extra_id_1> <extra_id_1> <extra_id_0> opinion <extra_id_5> not good <extra_id_1> <extra_id_1>", "entity": [{"type": "aspect", "offset": [2], "text": "omelletes"}, {"type": "opinion", "offset": [4, 5], "text": "not good"}], "relation": [{"type": "negative", "args": [{"type": "aspect", "offset": [2], "text": "omelletes"}, {"type": "opinion", "offset": [4, 5], "text": "not good"}]}], "event": [], "spot": ["aspect", "opinion"], "asoc": ["negative"], "spot_asoc": [{"span": "omelletes", "label": "aspect", "asoc": [["negative", "not good"]]}, {"span": "not good", "label": "opinion", "asoc": []}]}
{"text": "It 's the perfect restaurant for NY life style , it got cool design , awesome drinks and food and lot 's of good looking people eating and hanging at the pink bar ...", "tokens": ["It", "'s", "the", "perfect", "restaurant", "for", "NY", "life", "style", ",", "it", "got", "cool", "design", ",", "awesome", "drinks", "and", "food", "and", "lot", "'s", "of", "good", "looking", "people", "eating", "and", "hanging", "at", "the", "pink", "bar", "..."], "record": "<extra_id_0> <extra_id_0> opinion <extra_id_5> cool <extra_id_1> <extra_id_0> aspect <extra_id_5> design <extra_id_0> positive <extra_id_5> cool <extra_id_1> <extra_id_1> <extra_id_0> opinion <extra_id_5> awesome <extra_id_1> <extra_id_0> aspect <extra_id_5> drinks <extra_id_0> positive <extra_id_5> awesome <extra_id_1> <extra_id_1> <extra_id_0> aspect <extra_id_5> food <extra_id_0> positive <extra_id_5> awesome <extra_id_1> <extra_id_1> <extra_id_0> opinion <extra_id_5> pink <extra_id_1> <extra_id_0> aspect <extra_id_5> bar <extra_id_0> neutral <extra_id_5> pink <extra_id_1> <extra_id_1> <extra_id_1>", "entity": [{"type": "aspect", "offset": [13], "text": "design"}, {"type": "aspect", "offset": [16], "text": "drinks"}, {"type": "aspect", "offset": [18], "text": "food"}, {"type": "aspect", "offset": [32], "text": "bar"}, {"type": "opinion", "offset": [12], "text": "cool"}, {"type": "opinion", "offset": [15], "text": "awesome"}, {"type": "opinion", "offset": [31], "text": "pink"}], "relation": [{"type": "positive", "args": [{"type": "aspect", "offset": [13], "text": "design"}, {"type": "opinion", "offset": [12], "text": "cool"}]}, {"type": "positive", "args": [{"type": "aspect", "offset": [16], "text": "drinks"}, {"type": "opinion", "offset": [15], "text": "awesome"}]}, {"type": "positive", "args": [{"type": "aspect", "offset": [18], "text": "food"}, {"type": "opinion", "offset": [15], "text": "awesome"}]}, {"type": "neutral", "args": [{"type": "aspect", "offset": [32], "text": "bar"}, {"type": "opinion", "offset": [31], "text": "pink"}]}], "event": [], "spot": ["aspect", "opinion"], "asoc": ["positive", "neutral"], "spot_asoc": [{"span": "cool", "label": "opinion", "asoc": []}, {"span": "design", "label": "aspect", "asoc": [["positive", "cool"]]}, {"span": "awesome", "label": "opinion", "asoc": []}, {"span": "drinks", "label": "aspect", "asoc": [["positive", "awesome"]]}, {"span": "food", "label": "aspect", "asoc": [["positive", "awesome"]]}, {"span": "pink", "label": "opinion", "asoc": []}, {"span": "bar", "label": "aspect", "asoc": [["neutral", "pink"]]}]}
