{"text": "One of my favorites though was the Angry Lobster , a cold lobster salad that was magnificent .", "tokens": ["One", "of", "my", "favorites", "though", "was", "the", "Angry", "Lobster", ",", "a", "cold", "lobster", "salad", "that", "was", "magnificent", "."], "record": "<extra_id_0> <extra_id_0> opinion <extra_id_5> favorites <extra_id_1> <extra_id_0> aspect <extra_id_5> Angry Lobster <extra_id_0> positive <extra_id_5> favorites <extra_id_1> <extra_id_1> <extra_id_0> aspect <extra_id_5> cold lobster salad <extra_id_0> positive <extra_id_5> magnificent <extra_id_1> <extra_id_1> <extra_id_0> opinion <extra_id_5> magnificent <extra_id_1> <extra_id_1>", "entity": [{"type": "aspect", "offset": [7, 8], "text": "Angry Lobster"}, {"type": "aspect", "offset": [11, 12, 13], "text": "cold lobster salad"}, {"type": "opinion", "offset": [3], "text": "favorites"}, {"type": "opinion", "offset": [16], "text": "magnificent"}], "relation": [{"type": "positive", "args": [{"type": "aspect", "offset": [7, 8], "text": "Angry Lobster"}, {"type": "opinion", "offset": [3], "text": "favorites"}]}, {"type": "positive", "args": [{"type": "aspect", "offset": [11, 12, 13], "text": "cold lobster salad"}, {"type": "opinion", "offset": [16], "text": "magnificent"}]}], "event": [], "spot": ["aspect", "opinion"], "asoc": ["positive"], "spot_asoc": [{"span": "favorites", "label": "opinion", "asoc": []}, {"span": "Angry Lobster", "label": "aspect", "asoc": [["positive", "favorites"]]}, {"span": "cold lobster salad", "label": "aspect", "asoc": [["positive", "magnificent"]]}, {"span": "magnificent", "label": "opinion", "asoc": []}]}
{"text": "They pray to their Food Gods to make them into a good pizza like VT 's .", "tokens": ["They", "pray", "to", "their", "Food", "Gods", "to", "make", "them", "into", "a", "good", "pizza", "like", "VT", "'s", "."], "record": "<extra_id_0> <extra_id_0> opinion <extra_id_5> good <extra_id_1> <extra_id_0> aspect <extra_id_5> pizza <extra_id_0> negative <extra_id_5> good <extra_id_1> <extra_id_1> <extra_id_1>", "entity": [{"type": "aspect", "offset": [12], "text": "pizza"}, {"type": "opinion", "offset": [11], "text": "good"}], "relation": [{"type": "negative", "args": [{"type": "aspect", "offset": [12], "text": "pizza"}, {"type": "opinion", "offset": [11], "text": "good"}]}], "event": [], "spot": ["aspect", "opinion"], "asoc": ["negative"], "spot_asoc": [{"span": "good", "label": "opinion", "asoc": []}, {"span": "pizza", "label": "aspect", "asoc": [["negative", "good"]]}]}
{"text": "All we received was an apology as we left to see our show without dinner .", "tokens": ["All", "we", "received", "was", "an", "apology", "as", "we", "left", "to", "see", "our", "show", "without", "dinner", "."], "record": "<extra_id_0> <extra_id_0> opinion <extra_id_5> without <extra_id_1> <extra_id_0> aspect <extra_id_5> dinner <extra_id_0> neutral <extra_id_5> without <extra_id_1> <extra_id_1> <extra_id_1>", "entity": [{"type": "aspect", "offset": [14], "text": "dinner"}, {"type": "opinion", "offset": [13], "text": "without"}], "relation": [{"type": "neutral", "args": [{"type": "aspect", "offset": [14], "text": "dinner"}, {"type": "opinion", "offset": [13], "text": "without"}]}], "event": [], "spot": ["aspect", "opinion"], "asoc": ["neutral"], "spot_asoc": [{"span": "without", "label": "opinion", "asoc": []}, {"span": "dinner", "label": "aspect", "asoc": [["neutral", "without"]]}]}
