{"text": "This is my first Dell I heard their customer service was lacking and that they were working on improving it !", "tokens": ["This", "is", "my", "first", "Dell", "I", "heard", "their", "customer", "service", "was", "lacking", "and", "that", "they", "were", "working", "on", "improving", "it", "!"], "record": "<extra_id_0> <extra_id_0> aspect <extra_id_5> customer service <extra_id_0> negative <extra_id_5> lacking <extra_id_1> <extra_id_1> <extra_id_0> opinion <extra_id_5> lacking <extra_id_1> <extra_id_1>", "entity": [{"type": "aspect", "offset": [8, 9], "text": "customer service"}, {"type": "opinion", "offset": [11], "text": "lacking"}], "relation": [{"type": "negative", "args": [{"type": "aspect", "offset": [8, 9], "text": "customer service"}, {"type": "opinion", "offset": [11], "text": "lacking"}]}], "event": [], "spot": ["aspect", "opinion"], "asoc": ["negative"], "spot_asoc": [{"span": "customer service", "label": "aspect", "asoc": [["negative", "lacking"]]}, {"span": "lacking", "label": "opinion", "asoc": []}]}
{"text": "Am very glad I bought it , great netbook , low price .", "tokens": ["Am", "very", "glad", "I", "bought", "it", ",", "great", "netbook", ",", "low", "price", "."], "record": "<extra_id_0> <extra_id_0> opinion <extra_id_5> low <extra_id_1> <extra_id_0> aspect <extra_id_5> price <extra_id_0> positive <extra_id_5> low <extra_id_1> <extra_id_1> <extra_id_1>", "entity": [{"type": "aspect", "offset": [11], "text": "price"}, {"type": "opinion", "offset": [10], "text": "low"}], "relation": [{"type": "positive", "args": [{"type": "aspect", "offset": [11], "text": "price"}, {"type": "opinion", "offset": [10], "text": "low"}]}], "event": [], "spot": ["aspect", "opinion"], "asoc": ["positive"], "spot_asoc": [{"span": "low", "label": "opinion", "asoc": []}, {"span": "price", "label": "aspect", "asoc": [["positive", "low"]]}]}
{"text": "One night I turned the freaking thing off after using it , the next day I turn it on , no GUI , screen all dark , power light steady , hard drive light steady and not flashing as it usually does .", "tokens": ["One", "night", "I", "turned", "the", "freaking", "thing", "off", "after", "using", "it", ",", "the", "next", "day", "I", "turn", "it", "on", ",", "no", "GUI", ",", "screen", "all", "dark", ",", "power", "light", "steady", ",", "hard", "drive", "light", "steady", "and", "not", "flashing", "as", "it", "usually", "does", "."], "record": "<extra_id_0> <extra_id_0> opinion <extra_id_5> no <extra_id_1> <extra_id_0> aspect <extra_id_5> GUI <extra_id_0> negative <extra_id_5> no <extra_id_1> <extra_id_1> <extra_id_0> aspect <extra_id_5> screen <extra_id_0> negative <extra_id_5> dark <extra_id_1> <extra_id_1> <extra_id_0> opinion <extra_id_5> dark <extra_id_1> <extra_id_0> aspect <extra_id_5> power light <extra_id_0> neutral <extra_id_5> steady <extra_id_1> <extra_id_1> <extra_id_0> opinion <extra_id_5> steady <extra_id_1> <extra_id_0> aspect <extra_id_5> hard drive light <extra_id_0> negative <extra_id_5> steady <extra_id_1> <extra_id_1> <extra_id_0> opinion <extra_id_5> steady <extra_id_1> <extra_id_1>", "entity": [{"type": "aspect", "offset": [21], "text": "GUI"}, {"type": "aspect", "offset": [23], "text": "screen"}, {"type": "aspect", "offset": [27, 28], "text": "power light"}, {"type": "aspect", "offset": [31, 32, 33], "text": "hard drive light"}, {"type": "opinion", "offset": [20], "text": "no"}, {"type": "opinion", "offset": [25], "text": "dark"}, {"type": "opinion", "offset": [29], "text": "steady"}, {"type": "opinion", "offset": [34], "text": "steady"}], "relation": [{"type": "negative", "args": [{"type": "aspect", "offset": [21], "text": "GUI"}, {"type": "opinion", "offset": [20], "text": "no"}]}, {"type": "negative", "args": [{"type": "aspect", "offset": [23], "text": "screen"}, {"type": "opinion", "offset": [25], "text": "dark"}]}, {"type": "neutral", "args": [{"type": "aspect", "offset": [27, 28], "text": "power light"}, {"type": "opinion", "offset": [29], "text": "steady"}]}, {"type": "negative", "args": [{"type": "aspect", "offset": [31, 32, 33], "text": "hard drive light"}, {"type": "opinion", "offset": [34], "text": "steady"}]}], "event": [], "spot": ["aspect", "opinion"], "asoc": ["neutral", "negative"], "spot_asoc": [{"span": "no", "label": "opinion", "asoc": []}, {"span": "GUI", "label": "aspect", "asoc": [["negative", "no"]]}, {"span": "screen", "label": "aspect", "asoc": [["negative", "dark"]]}, {"span": "dark", "label": "opinion", "asoc": []}, {"span": "power light", "label": "aspect", "asoc": [["neutral", "steady"]]}, {"span": "steady", "label": "opinion", "asoc": []}, {"span": "hard drive light", "label": "aspect", "asoc": [["negative", "steady"]]}, {"span": "steady", "label": "opinion", "asoc": []}]}
