{"text": "We had Pam 's special fried fish and it was amazing .", "tokens": ["We", "had", "Pam", "'s", "special", "fried", "fish", "and", "it", "was", "amazing", "."], "record": "<extra_id_0> <extra_id_0> aspect <extra_id_5> Pam 's special fried fish <extra_id_0> positive <extra_id_5> amazing <extra_id_1> <extra_id_1> <extra_id_0> opinion <extra_id_5> amazing <extra_id_1> <extra_id_1>", "entity": [{"type": "aspect", "offset": [2, 3, 4, 5, 6], "text": "Pam 's special fried fish"}, {"type": "opinion", "offset": [10], "text": "amazing"}], "relation": [{"type": "positive", "args": [{"type": "aspect", "offset": [2, 3, 4, 5, 6], "text": "Pam 's special fried fish"}, {"type": "opinion", "offset": [10], "text": "amazing"}]}], "event": [], "spot": ["aspect", "opinion"], "asoc": ["positive"], "spot_asoc": [{"span": "Pam 's special fried fish", "label": "aspect", "asoc": [["positive", "amazing"]]}, {"span": "amazing", "label": "opinion", "asoc": []}]}
{"text": "It 's easy to get a table for a large group and you do n't get hustled out .", "tokens": ["It", "'s", "easy", "to", "get", "a", "table", "for", "a", "large", "group", "and", "you", "do", "n't", "get", "hustled", "out", "."], "record": "<extra_id_0> <extra_id_0> opinion <extra_id_5> easy <extra_id_1> <extra_id_0> aspect <extra_id_5> table <extra_id_0> positive <extra_id_5> easy <extra_id_1> <extra_id_1> <extra_id_1>", "entity": [{"type": "aspect", "offset": [6], "text": "table"}, {"type": "opinion", "offset": [2], "text": "easy"}], "relation": [{"type": "positive", "args": [{"type": "aspect", "offset": [6], "text": "table"}, {"type": "opinion", "offset": [2], "text": "easy"}]}], "event": [], "spot": ["aspect", "opinion"], "asoc": ["positive"], "spot_asoc": [{"span": "easy", "label": "opinion", "asoc": []}, {"span": "table", "label": "aspect", "asoc": [["positive", "easy"]]}]}
{"text": "I liked the beer selection !", "tokens": ["I", "liked", "the", "beer", "selection", "!"], "record": "<extra_id_0> <extra_id_0> opinion <extra_id_5> liked <extra_id_1> <extra_id_0> aspect <extra_id_5> beer selection <extra_id_0> positive <extra_id_5> liked <extra_id_1> <extra_id_1> <extra_id_1>", "entity": [{"type": "aspect", "offset": [3, 4], "text": "beer selection"}, {"type": "opinion", "offset": [1], "text": "liked"}], "relation": [{"type": "positive", "args": [{"type": "aspect", "offset": [3, 4], "text": "beer selection"}, {"type": "opinion", "offset": [1], "text": "liked"}]}], "event": [], "spot": ["aspect", "opinion"], "asoc": ["positive"], "spot_asoc": [{"span": "liked", "label": "opinion", "asoc": []}, {"span": "beer selection", "label": "aspect", "asoc": [["positive", "liked"]]}]}
{"text": "black white shakes came out good also .", "tokens": ["black", "white", "shakes", "came", "out", "good", "also", "."], "record": "<extra_id_0> <extra_id_0> aspect <extra_id_5> black white shakes <extra_id_0> positive <extra_id_5> good <extra_id_1> <extra_id_1> <extra_id_0> opinion <extra_id_5> good <extra_id_1> <extra_id_1>", "entity": [{"type": "aspect", "offset": [0, 1, 2], "text": "black white shakes"}, {"type": "opinion", "offset": [5], "text": "good"}], "relation": [{"type": "positive", "args": [{"type": "aspect", "offset": [0, 1, 2], "text": "black white shakes"}, {"type": "opinion", "offset": [5], "text": "good"}]}], "event": [], "spot": ["aspect", "opinion"], "asoc": ["positive"], "spot_asoc": [{"span": "black white shakes", "label": "aspect", "asoc": [["positive", "good"]]}, {"span": "good", "label": "opinion", "asoc": []}]}
{"text": "If it 's just a quick martini at the bar ( which I recommend Jeffery 's ) or a mind blowing Roast Chicken , go to Village !", "tokens": ["If", "it", "'s", "just", "a", "quick", "martini", "at", "the", "bar", "(", "which", "I", "recommend", "Jeffery", "'s", ")", "or", "a", "mind", "blowing", "Roast", "Chicken", ",", "go", "to", "Village", "!"], "record": "<extra_id_0> <extra_id_0> opinion <extra_id_5> quick <extra_id_1> <extra_id_0> aspect <extra_id_5> martini <extra_id_0> neutral <extra_id_5> quick <extra_id_1> <extra_id_1> <extra_id_0> aspect <extra_id_5> bar <extra_id_0> neutral <extra_id_5> recommend <extra_id_1> <extra_id_1> <extra_id_0> opinion <extra_id_5> recommend <extra_id_1> <extra_id_0> opinion <extra_id_5> mind blowing <extra_id_1> <extra_id_0> aspect <extra_id_5> Roast Chicken <extra_id_0> positive <extra_id_5> mind blowing <extra_id_1> <extra_id_1> <extra_id_1>", "entity": [{"type": "aspect", "offset": [6], "text": "martini"}, {"type": "aspect", "offset": [9], "text": "bar"}, {"type": "aspect", "offset": [21, 22], "text": "Roast Chicken"}, {"type": "opinion", "offset": [5], "text": "quick"}, {"type": "opinion", "offset": [13], "text": "recommend"}, {"type": "opinion", "offset": [19, 20], "text": "mind blowing"}], "relation": [{"type": "neutral", "args": [{"type": "aspect", "offset": [6], "text": "martini"}, {"type": "opinion", "offset": [5], "text": "quick"}]}, {"type": "neutral", "args": [{"type": "aspect", "offset": [9], "text": "bar"}, {"type": "opinion", "offset": [13], "text": "recommend"}]}, {"type": "positive", "args": [{"type": "aspect", "offset": [21, 22], "text": "Roast Chicken"}, {"type": "opinion", "offset": [19, 20], "text": "mind blowing"}]}], "event": [], "spot": ["aspect", "opinion"], "asoc": ["positive", "neutral"], "spot_asoc": [{"span": "quick", "label": "opinion", "asoc": []}, {"span": "martini", "label": "aspect", "asoc": [["neutral", "quick"]]}, {"span": "bar", "label": "aspect", "asoc": [["neutral", "recommend"]]}, {"span": "recommend", "label": "opinion", "asoc": []}, {"span": "mind blowing", "label": "opinion", "asoc": []}, {"span": "Roast Chicken", "label": "aspect", "asoc": [["positive", "mind blowing"]]}]}
{"text": "The second you walk through the heavy vault like door , with people anticipating your arrival you get the sense that you are going to have the dining ride of a lifetime .", "tokens": ["The", "second", "you", "walk", "through", "the", "heavy", "vault", "like", "door", ",", "with", "people", "anticipating", "your", "arrival", "you", "get", "the", "sense", "that", "you", "are", "going", "to", "have", "the", "dining", "ride", "of", "a", "lifetime", "."], "record": "<extra_id_0> <extra_id_0> opinion <extra_id_5> heavy <extra_id_1> <extra_id_0> aspect <extra_id_5> door <extra_id_0> neutral <extra_id_5> heavy <extra_id_1> <extra_id_1> <extra_id_1>", "entity": [{"type": "aspect", "offset": [9], "text": "door"}, {"type": "opinion", "offset": [6], "text": "heavy"}], "relation": [{"type": "neutral", "args": [{"type": "aspect", "offset": [9], "text": "door"}, {"type": "opinion", "offset": [6], "text": "heavy"}]}], "event": [], "spot": ["aspect", "opinion"], "asoc": ["neutral"], "spot_asoc": [{"span": "heavy", "label": "opinion", "asoc": []}, {"span": "door", "label": "aspect", "asoc": [["neutral", "heavy"]]}]}
{"text": "The fillings may be unconventional but the dosa batter is definitely authentic and the combinations very tasty .", "tokens": ["The", "fillings", "may", "be", "unconventional", "but", "the", "dosa", "batter", "is", "definitely", "authentic", "and", "the", "combinations", "very", "tasty", "."], "record": "<extra_id_0> <extra_id_0> aspect <extra_id_5> fillings <extra_id_0> neutral <extra_id_5> unconventional <extra_id_1> <extra_id_1> <extra_id_0> opinion <extra_id_5> unconventional <extra_id_1> <extra_id_0> aspect <extra_id_5> dosa batter <extra_id_0> positive <extra_id_5> authentic <extra_id_1> <extra_id_1> <extra_id_0> opinion <extra_id_5> authentic <extra_id_1> <extra_id_1>", "entity": [{"type": "aspect", "offset": [1], "text": "fillings"}, {"type": "aspect", "offset": [7, 8], "text": "dosa batter"}, {"type": "opinion", "offset": [4], "text": "unconventional"}, {"type": "opinion", "offset": [11], "text": "authentic"}], "relation": [{"type": "neutral", "args": [{"type": "aspect", "offset": [1], "text": "fillings"}, {"type": "opinion", "offset": [4], "text": "unconventional"}]}, {"type": "positive", "args": [{"type": "aspect", "offset": [7, 8], "text": "dosa batter"}, {"type": "opinion", "offset": [11], "text": "authentic"}]}], "event": [], "spot": ["aspect", "opinion"], "asoc": ["positive", "neutral"], "spot_asoc": [{"span": "fillings", "label": "aspect", "asoc": [["neutral", "unconventional"]]}, {"span": "unconventional", "label": "opinion", "asoc": []}, {"span": "dosa batter", "label": "aspect", "asoc": [["positive", "authentic"]]}, {"span": "authentic", "label": "opinion", "asoc": []}]}
{"text": "The service was mediocre , and the lack of air conditioning made for a less than comfortable meal .", "tokens": ["The", "service", "was", "mediocre", ",", "and", "the", "lack", "of", "air", "conditioning", "made", "for", "a", "less", "than", "comfortable", "meal", "."], "record": "<extra_id_0> <extra_id_0> aspect <extra_id_5> service <extra_id_0> neutral <extra_id_5> mediocre <extra_id_1> <extra_id_1> <extra_id_0> opinion <extra_id_5> mediocre <extra_id_1> <extra_id_0> opinion <extra_id_5> lack <extra_id_1> <extra_id_0> aspect <extra_id_5> air conditioning <extra_id_0> negative <extra_id_5> lack <extra_id_1> <extra_id_1> <extra_id_0> opinion <extra_id_5> comfortable <extra_id_1> <extra_id_0> aspect <extra_id_5> meal <extra_id_0> negative <extra_id_5> comfortable <extra_id_1> <extra_id_1> <extra_id_1>", "entity": [{"type": "aspect", "offset": [1], "text": "service"}, {"type": "aspect", "offset": [9, 10], "text": "air conditioning"}, {"type": "aspect", "offset": [17], "text": "meal"}, {"type": "opinion", "offset": [3], "text": "mediocre"}, {"type": "opinion", "offset": [7], "text": "lack"}, {"type": "opinion", "offset": [16], "text": "comfortable"}], "relation": [{"type": "neutral", "args": [{"type": "aspect", "offset": [1], "text": "service"}, {"type": "opinion", "offset": [3], "text": "mediocre"}]}, {"type": "negative", "args": [{"type": "aspect", "offset": [9, 10], "text": "air conditioning"}, {"type": "opinion", "offset": [7], "text": "lack"}]}, {"type": "negative", "args": [{"type": "aspect", "offset": [17], "text": "meal"}, {"type": "opinion", "offset": [16], "text": "comfortable"}]}], "event": [], "spot": ["aspect", "opinion"], "asoc": ["negative", "neutral"], "spot_asoc": [{"span": "service", "label": "aspect", "asoc": [["neutral", "mediocre"]]}, {"span": "mediocre", "label": "opinion", "asoc": []}, {"span": "lack", "label": "opinion", "asoc": []}, {"span": "air conditioning", "label": "aspect", "asoc": [["negative", "lack"]]}, {"span": "comfortable", "label": "opinion", "asoc": []}, {"span": "meal", "label": "aspect", "asoc": [["negative", "comfortable"]]}]}
{"text": "But , they were too big for the bun .", "tokens": ["But", ",", "they", "were", "too", "big", "for", "the", "bun", "."], "record": "<extra_id_0> <extra_id_0> opinion <extra_id_5> too big <extra_id_1> <extra_id_0> aspect <extra_id_5> bun <extra_id_0> neutral <extra_id_5> too big <extra_id_1> <extra_id_1> <extra_id_1>", "entity": [{"type": "aspect", "offset": [8], "text": "bun"}, {"type": "opinion", "offset": [4, 5], "text": "too big"}], "relation": [{"type": "neutral", "args": [{"type": "aspect", "offset": [8], "text": "bun"}, {"type": "opinion", "offset": [4, 5], "text": "too big"}]}], "event": [], "spot": ["aspect", "opinion"], "asoc": ["neutral"], "spot_asoc": [{"span": "too big", "label": "opinion", "asoc": []}, {"span": "bun", "label": "aspect", "asoc": [["neutral", "too big"]]}]}
{"text": "The bagel was huge .", "tokens": ["The", "bagel", "was", "huge", "."], "record": "<extra_id_0> <extra_id_0> aspect <extra_id_5> bagel <extra_id_0> neutral <extra_id_5> huge <extra_id_1> <extra_id_1> <extra_id_0> opinion <extra_id_5> huge <extra_id_1> <extra_id_1>", "entity": [{"type": "aspect", "offset": [1], "text": "bagel"}, {"type": "opinion", "offset": [3], "text": "huge"}], "relation": [{"type": "neutral", "args": [{"type": "aspect", "offset": [1], "text": "bagel"}, {"type": "opinion", "offset": [3], "text": "huge"}]}], "event": [], "spot": ["aspect", "opinion"], "asoc": ["neutral"], "spot_asoc": [{"span": "bagel", "label": "aspect", "asoc": [["neutral", "huge"]]}, {"span": "huge", "label": "opinion", "asoc": []}]}
{"text": "Make reservations but expect to be delayed 15-20 minutes as the hosting staff was having difficulty seating guests who arrived with a reservation because they probably had a lot of walk ins being so close to Time Square .", "tokens": ["Make", "reservations", "but", "expect", "to", "be", "delayed", "15-20", "minutes", "as", "the", "hosting", "staff", "was", "having", "difficulty", "seating", "guests", "who", "arrived", "with", "a", "reservation", "because", "they", "probably", "had", "a", "lot", "of", "walk", "ins", "being", "so", "close", "to", "Time", "Square", "."], "record": "<extra_id_0> <extra_id_0> aspect <extra_id_5> reservations <extra_id_0> negative <extra_id_5> delayed <extra_id_1> <extra_id_1> <extra_id_0> opinion <extra_id_5> delayed <extra_id_1> <extra_id_0> opinion <extra_id_5> difficulty <extra_id_1> <extra_id_0> aspect <extra_id_5> seating <extra_id_0> negative <extra_id_5> difficulty <extra_id_1> <extra_id_1> <extra_id_1>", "entity": [{"type": "aspect", "offset": [1], "text": "reservations"}, {"type": "aspect", "offset": [16], "text": "seating"}, {"type": "opinion", "offset": [6], "text": "delayed"}, {"type": "opinion", "offset": [15], "text": "difficulty"}], "relation": [{"type": "negative", "args": [{"type": "aspect", "offset": [1], "text": "reservations"}, {"type": "opinion", "offset": [6], "text": "delayed"}]}, {"type": "negative", "args": [{"type": "aspect", "offset": [16], "text": "seating"}, {"type": "opinion", "offset": [15], "text": "difficulty"}]}], "event": [], "spot": ["aspect", "opinion"], "asoc": ["negative"], "spot_asoc": [{"span": "reservations", "label": "aspect", "asoc": [["negative", "delayed"]]}, {"span": "delayed", "label": "opinion", "asoc": []}, {"span": "difficulty", "label": "opinion", "asoc": []}, {"span": "seating", "label": "aspect", "asoc": [["negative", "difficulty"]]}]}
{"text": "The food was mediocre at best but it was the horrible service that made me vow never to go back .", "tokens": ["The", "food", "was", "mediocre", "at", "best", "but", "it", "was", "the", "horrible", "service", "that", "made", "me", "vow", "never", "to", "go", "back", "."], "record": "<extra_id_0> <extra_id_0> aspect <extra_id_5> food <extra_id_0> neutral <extra_id_5> mediocre <extra_id_1> <extra_id_1> <extra_id_0> opinion <extra_id_5> mediocre <extra_id_1> <extra_id_0> opinion <extra_id_5> horrible <extra_id_1> <extra_id_0> aspect <extra_id_5> service <extra_id_0> negative <extra_id_5> horrible <extra_id_1> <extra_id_1> <extra_id_1>", "entity": [{"type": "aspect", "offset": [1], "text": "food"}, {"type": "aspect", "offset": [11], "text": "service"}, {"type": "opinion", "offset": [3], "text": "mediocre"}, {"type": "opinion", "offset": [10], "text": "horrible"}], "relation": [{"type": "neutral", "args": [{"type": "aspect", "offset": [1], "text": "food"}, {"type": "opinion", "offset": [3], "text": "mediocre"}]}, {"type": "negative", "args": [{"type": "aspect", "offset": [11], "text": "service"}, {"type": "opinion", "offset": [10], "text": "horrible"}]}], "event": [], "spot": ["aspect", "opinion"], "asoc": ["negative", "neutral"], "spot_asoc": [{"span": "food", "label": "aspect", "asoc": [["neutral", "mediocre"]]}, {"span": "mediocre", "label": "opinion", "asoc": []}, {"span": "horrible", "label": "opinion", "asoc": []}, {"span": "service", "label": "aspect", "asoc": [["negative", "horrible"]]}]}
{"text": "Food was very good as well , considering that we tried the budget selection ( though I wish the pork belly that I ordered was roasted a bit longer , so that fat was more of a melt-in-your-mouth experience ) .", "tokens": ["Food", "was", "very", "good", "as", "well", ",", "considering", "that", "we", "tried", "the", "budget", "selection", "(", "though", "I", "wish", "the", "pork", "belly", "that", "I", "ordered", "was", "roasted", "a", "bit", "longer", ",", "so", "that", "fat", "was", "more", "of", "a", "melt-in-your-mouth", "experience", ")", "."], "record": "<extra_id_0> <extra_id_0> aspect <extra_id_5> Food <extra_id_0> positive <extra_id_5> good <extra_id_1> <extra_id_1> <extra_id_0> opinion <extra_id_5> good <extra_id_1> <extra_id_0> aspect <extra_id_5> pork belly <extra_id_0> negative <extra_id_5> melt-in-your-mouth <extra_id_1> <extra_id_1> <extra_id_0> opinion <extra_id_5> longer <extra_id_1> <extra_id_0> aspect <extra_id_5> fat <extra_id_0> negative <extra_id_5> longer <extra_id_1> <extra_id_1> <extra_id_0> opinion <extra_id_5> melt-in-your-mouth <extra_id_1> <extra_id_1>", "entity": [{"type": "aspect", "offset": [0], "text": "Food"}, {"type": "aspect", "offset": [19, 20], "text": "pork belly"}, {"type": "aspect", "offset": [32], "text": "fat"}, {"type": "opinion", "offset": [3], "text": "good"}, {"type": "opinion", "offset": [37], "text": "melt-in-your-mouth"}, {"type": "opinion", "offset": [28], "text": "longer"}], "relation": [{"type": "positive", "args": [{"type": "aspect", "offset": [0], "text": "Food"}, {"type": "opinion", "offset": [3], "text": "good"}]}, {"type": "negative", "args": [{"type": "aspect", "offset": [19, 20], "text": "pork belly"}, {"type": "opinion", "offset": [37], "text": "melt-in-your-mouth"}]}, {"type": "negative", "args": [{"type": "aspect", "offset": [32], "text": "fat"}, {"type": "opinion", "offset": [28], "text": "longer"}]}], "event": [], "spot": ["aspect", "opinion"], "asoc": ["positive", "negative"], "spot_asoc": [{"span": "Food", "label": "aspect", "asoc": [["positive", "good"]]}, {"span": "good", "label": "opinion", "asoc": []}, {"span": "pork belly", "label": "aspect", "asoc": [["negative", "melt-in-your-mouth"]]}, {"span": "longer", "label": "opinion", "asoc": []}, {"span": "fat", "label": "aspect", "asoc": [["negative", "longer"]]}, {"span": "melt-in-your-mouth", "label": "opinion", "asoc": []}]}
{"text": "The food was not fresh , the sauces were bland and very oily .", "tokens": ["The", "food", "was", "not", "fresh", ",", "the", "sauces", "were", "bland", "and", "very", "oily", "."], "record": "<extra_id_0> <extra_id_0> aspect <extra_id_5> food <extra_id_0> negative <extra_id_5> not fresh <extra_id_1> <extra_id_1> <extra_id_0> opinion <extra_id_5> not fresh <extra_id_1> <extra_id_0> aspect <extra_id_5> sauces <extra_id_0> negative <extra_id_5> bland <extra_id_1> <extra_id_0> negative <extra_id_5> oily <extra_id_1> <extra_id_1> <extra_id_0> opinion <extra_id_5> bland <extra_id_1> <extra_id_0> opinion <extra_id_5> oily <extra_id_1> <extra_id_1>", "entity": [{"type": "aspect", "offset": [1], "text": "food"}, {"type": "aspect", "offset": [7], "text": "sauces"}, {"type": "opinion", "offset": [3, 4], "text": "not fresh"}, {"type": "opinion", "offset": [9], "text": "bland"}, {"type": "opinion", "offset": [12], "text": "oily"}], "relation": [{"type": "negative", "args": [{"type": "aspect", "offset": [1], "text": "food"}, {"type": "opinion", "offset": [3, 4], "text": "not fresh"}]}, {"type": "negative", "args": [{"type": "aspect", "offset": [7], "text": "sauces"}, {"type": "opinion", "offset": [9], "text": "bland"}]}, {"type": "negative", "args": [{"type": "aspect", "offset": [7], "text": "sauces"}, {"type": "opinion", "offset": [12], "text": "oily"}]}], "event": [], "spot": ["aspect", "opinion"], "asoc": ["negative"], "spot_asoc": [{"span": "food", "label": "aspect", "asoc": [["negative", "not fresh"]]}, {"span": "not fresh", "label": "opinion", "asoc": []}, {"span": "sauces", "label": "aspect", "asoc": [["negative", "bland"], ["negative", "oily"]]}, {"span": "bland", "label": "opinion", "asoc": []}, {"span": "oily", "label": "opinion", "asoc": []}]}
{"text": "The only problem is that the manager is a complete incompetent .", "tokens": ["The", "only", "problem", "is", "that", "the", "manager", "is", "a", "complete", "incompetent", "."], "record": "<extra_id_0> <extra_id_0> aspect <extra_id_5> manager <extra_id_0> negative <extra_id_5> incompetent <extra_id_1> <extra_id_1> <extra_id_0> opinion <extra_id_5> incompetent <extra_id_1> <extra_id_1>", "entity": [{"type": "aspect", "offset": [6], "text": "manager"}, {"type": "opinion", "offset": [10], "text": "incompetent"}], "relation": [{"type": "negative", "args": [{"type": "aspect", "offset": [6], "text": "manager"}, {"type": "opinion", "offset": [10], "text": "incompetent"}]}], "event": [], "spot": ["aspect", "opinion"], "asoc": ["negative"], "spot_asoc": [{"span": "manager", "label": "aspect", "asoc": [["negative", "incompetent"]]}, {"span": "incompetent", "label": "opinion", "asoc": []}]}
