{"text": "The large screen gives you the option to comfortably watch movies or TV shows on your computer instead of buying an additional TV for your dorm room .", "tokens": ["The", "large", "screen", "gives", "you", "the", "option", "to", "comfortably", "watch", "movies", "or", "TV", "shows", "on", "your", "computer", "instead", "of", "buying", "an", "additional", "TV", "for", "your", "dorm", "room", "."], "record": "<extra_id_0> <extra_id_0> opinion <extra_id_5> large <extra_id_1> <extra_id_0> aspect <extra_id_5> screen <extra_id_0> positive <extra_id_5> large <extra_id_1> <extra_id_1> <extra_id_1>", "entity": [{"type": "aspect", "offset": [2], "text": "screen"}, {"type": "opinion", "offset": [1], "text": "large"}], "relation": [{"type": "positive", "args": [{"type": "aspect", "offset": [2], "text": "screen"}, {"type": "opinion", "offset": [1], "text": "large"}]}], "event": [], "spot": ["aspect", "opinion"], "asoc": ["positive"], "spot_asoc": [{"span": "large", "label": "opinion", "asoc": []}, {"span": "screen", "label": "aspect", "asoc": [["positive", "large"]]}]}
{"text": "But , for the cost this is a winner .", "tokens": ["But", ",", "for", "the", "cost", "this", "is", "a", "winner", "."], "record": "<extra_id_0> <extra_id_0> aspect <extra_id_5> cost <extra_id_0> positive <extra_id_5> winner <extra_id_1> <extra_id_1> <extra_id_0> opinion <extra_id_5> winner <extra_id_1> <extra_id_1>", "entity": [{"type": "aspect", "offset": [4], "text": "cost"}, {"type": "opinion", "offset": [8], "text": "winner"}], "relation": [{"type": "positive", "args": [{"type": "aspect", "offset": [4], "text": "cost"}, {"type": "opinion", "offset": [8], "text": "winner"}]}], "event": [], "spot": ["aspect", "opinion"], "asoc": ["positive"], "spot_asoc": [{"span": "cost", "label": "aspect", "asoc": [["positive", "winner"]]}, {"span": "winner", "label": "opinion", "asoc": []}]}
{"text": "It has many great programs , such as ILife , iPhotos and others .", "tokens": ["It", "has", "many", "great", "programs", ",", "such", "as", "ILife", ",", "iPhotos", "and", "others", "."], "record": "<extra_id_0> <extra_id_0> opinion <extra_id_5> great <extra_id_1> <extra_id_0> aspect <extra_id_5> programs <extra_id_0> positive <extra_id_5> great <extra_id_1> <extra_id_1> <extra_id_0> aspect <extra_id_5> ILife <extra_id_0> positive <extra_id_5> great <extra_id_1> <extra_id_1> <extra_id_0> aspect <extra_id_5> iPhotos <extra_id_0> positive <extra_id_5> great <extra_id_1> <extra_id_1> <extra_id_1>", "entity": [{"type": "aspect", "offset": [4], "text": "programs"}, {"type": "aspect", "offset": [8], "text": "ILife"}, {"type": "aspect", "offset": [10], "text": "iPhotos"}, {"type": "opinion", "offset": [3], "text": "great"}], "relation": [{"type": "positive", "args": [{"type": "aspect", "offset": [4], "text": "programs"}, {"type": "opinion", "offset": [3], "text": "great"}]}, {"type": "positive", "args": [{"type": "aspect", "offset": [8], "text": "ILife"}, {"type": "opinion", "offset": [3], "text": "great"}]}, {"type": "positive", "args": [{"type": "aspect", "offset": [10], "text": "iPhotos"}, {"type": "opinion", "offset": [3], "text": "great"}]}], "event": [], "spot": ["aspect", "opinion"], "asoc": ["positive"], "spot_asoc": [{"span": "great", "label": "opinion", "asoc": []}, {"span": "programs", "label": "aspect", "asoc": [["positive", "great"]]}, {"span": "ILife", "label": "aspect", "asoc": [["positive", "great"]]}, {"span": "iPhotos", "label": "aspect", "asoc": [["positive", "great"]]}]}
{"text": "This purchase opened me to the world of Macbooks , and I am impressed with the intuition of the design , the beauty of the product , and the excellent technological advances associated with it .", "tokens": ["This", "purchase", "opened", "me", "to", "the", "world", "of", "Macbooks", ",", "and", "I", "am", "impressed", "with", "the", "intuition", "of", "the", "design", ",", "the", "beauty", "of", "the", "product", ",", "and", "the", "excellent", "technological", "advances", "associated", "with", "it", "."], "record": "<extra_id_0> <extra_id_0> opinion <extra_id_5> impressed <extra_id_1> <extra_id_0> aspect <extra_id_5> design <extra_id_0> positive <extra_id_5> impressed <extra_id_1> <extra_id_1> <extra_id_0> aspect <extra_id_5> beauty <extra_id_0> positive <extra_id_5> impressed <extra_id_1> <extra_id_1> <extra_id_1>", "entity": [{"type": "aspect", "offset": [19], "text": "design"}, {"type": "aspect", "offset": [22], "text": "beauty"}, {"type": "opinion", "offset": [13], "text": "impressed"}], "relation": [{"type": "positive", "args": [{"type": "aspect", "offset": [19], "text": "design"}, {"type": "opinion", "offset": [13], "text": "impressed"}]}, {"type": "positive", "args": [{"type": "aspect", "offset": [22], "text": "beauty"}, {"type": "opinion", "offset": [13], "text": "impressed"}]}], "event": [], "spot": ["aspect", "opinion"], "asoc": ["positive"], "spot_asoc": [{"span": "impressed", "label": "opinion", "asoc": []}, {"span": "design", "label": "aspect", "asoc": [["positive", "impressed"]]}, {"span": "beauty", "label": "aspect", "asoc": [["positive", "impressed"]]}]}
{"text": "and plenty of storage with 250 gb ( though I will upgrade this and the ram.. )", "tokens": ["and", "plenty", "of", "storage", "with", "250", "gb", "(", "though", "I", "will", "upgrade", "this", "and", "the", "ram..", ")"], "record": "<extra_id_0> <extra_id_0> opinion <extra_id_5> plenty <extra_id_1> <extra_id_0> aspect <extra_id_5> storage <extra_id_0> positive <extra_id_5> plenty <extra_id_1> <extra_id_1> <extra_id_1>", "entity": [{"type": "aspect", "offset": [3], "text": "storage"}, {"type": "opinion", "offset": [1], "text": "plenty"}], "relation": [{"type": "positive", "args": [{"type": "aspect", "offset": [3], "text": "storage"}, {"type": "opinion", "offset": [1], "text": "plenty"}]}], "event": [], "spot": ["aspect", "opinion"], "asoc": ["positive"], "spot_asoc": [{"span": "plenty", "label": "opinion", "asoc": []}, {"span": "storage", "label": "aspect", "asoc": [["positive", "plenty"]]}]}
{"text": "The board has a bad connector with the power supply and shortly after warrenty expires the power supply will start having issues .", "tokens": ["The", "board", "has", "a", "bad", "connector", "with", "the", "power", "supply", "and", "shortly", "after", "warrenty", "expires", "the", "power", "supply", "will", "start", "having", "issues", "."], "record": "<extra_id_0> <extra_id_0> aspect <extra_id_5> board <extra_id_0> negative <extra_id_5> bad <extra_id_1> <extra_id_1> <extra_id_0> opinion <extra_id_5> bad <extra_id_1> <extra_id_0> aspect <extra_id_5> connector <extra_id_0> negative <extra_id_5> bad <extra_id_1> <extra_id_1> <extra_id_0> aspect <extra_id_5> power supply <extra_id_0> negative <extra_id_5> issues <extra_id_1> <extra_id_1> <extra_id_0> opinion <extra_id_5> issues <extra_id_1> <extra_id_1>", "entity": [{"type": "aspect", "offset": [1], "text": "board"}, {"type": "aspect", "offset": [5], "text": "connector"}, {"type": "aspect", "offset": [16, 17], "text": "power supply"}, {"type": "opinion", "offset": [4], "text": "bad"}, {"type": "opinion", "offset": [21], "text": "issues"}], "relation": [{"type": "negative", "args": [{"type": "aspect", "offset": [1], "text": "board"}, {"type": "opinion", "offset": [4], "text": "bad"}]}, {"type": "negative", "args": [{"type": "aspect", "offset": [5], "text": "connector"}, {"type": "opinion", "offset": [4], "text": "bad"}]}, {"type": "negative", "args": [{"type": "aspect", "offset": [16, 17], "text": "power supply"}, {"type": "opinion", "offset": [21], "text": "issues"}]}], "event": [], "spot": ["aspect", "opinion"], "asoc": ["negative"], "spot_asoc": [{"span": "board", "label": "aspect", "asoc": [["negative", "bad"]]}, {"span": "bad", "label": "opinion", "asoc": []}, {"span": "connector", "label": "aspect", "asoc": [["negative", "bad"]]}, {"span": "power supply", "label": "aspect", "asoc": [["negative", "issues"]]}, {"span": "issues", "label": "opinion", "asoc": []}]}
{"text": "Once again , I was told it was the suspicious power supply problem .", "tokens": ["Once", "again", ",", "I", "was", "told", "it", "was", "the", "suspicious", "power", "supply", "problem", "."], "record": "<extra_id_0> <extra_id_0> opinion <extra_id_5> suspicious <extra_id_1> <extra_id_0> aspect <extra_id_5> power supply <extra_id_0> negative <extra_id_5> suspicious <extra_id_1> <extra_id_1> <extra_id_1>", "entity": [{"type": "aspect", "offset": [10, 11], "text": "power supply"}, {"type": "opinion", "offset": [9], "text": "suspicious"}], "relation": [{"type": "negative", "args": [{"type": "aspect", "offset": [10, 11], "text": "power supply"}, {"type": "opinion", "offset": [9], "text": "suspicious"}]}], "event": [], "spot": ["aspect", "opinion"], "asoc": ["negative"], "spot_asoc": [{"span": "suspicious", "label": "opinion", "asoc": []}, {"span": "power supply", "label": "aspect", "asoc": [["negative", "suspicious"]]}]}
{"text": "They gave me a hard time yet again , but their was a malfunction in the battery itself , it did n't die .", "tokens": ["They", "gave", "me", "a", "hard", "time", "yet", "again", ",", "but", "their", "was", "a", "malfunction", "in", "the", "battery", "itself", ",", "it", "did", "n't", "die", "."], "record": "<extra_id_0> <extra_id_0> opinion <extra_id_5> malfunction <extra_id_1> <extra_id_0> aspect <extra_id_5> battery <extra_id_0> negative <extra_id_5> malfunction <extra_id_1> <extra_id_1> <extra_id_1>", "entity": [{"type": "aspect", "offset": [16], "text": "battery"}, {"type": "opinion", "offset": [13], "text": "malfunction"}], "relation": [{"type": "negative", "args": [{"type": "aspect", "offset": [16], "text": "battery"}, {"type": "opinion", "offset": [13], "text": "malfunction"}]}], "event": [], "spot": ["aspect", "opinion"], "asoc": ["negative"], "spot_asoc": [{"span": "malfunction", "label": "opinion", "asoc": []}, {"span": "battery", "label": "aspect", "asoc": [["negative", "malfunction"]]}]}
{"text": "The only thing that I have , is the key broad is a little dark to see the letters , would help if it was a little lighter then it is .", "tokens": ["The", "only", "thing", "that", "I", "have", ",", "is", "the", "key", "broad", "is", "a", "little", "dark", "to", "see", "the", "letters", ",", "would", "help", "if", "it", "was", "a", "little", "lighter", "then", "it", "is", "."], "record": "<extra_id_0> <extra_id_0> aspect <extra_id_5> key broad <extra_id_0> negative <extra_id_5> dark <extra_id_1> <extra_id_1> <extra_id_0> opinion <extra_id_5> dark <extra_id_1> <extra_id_1>", "entity": [{"type": "aspect", "offset": [9, 10], "text": "key broad"}, {"type": "opinion", "offset": [14], "text": "dark"}], "relation": [{"type": "negative", "args": [{"type": "aspect", "offset": [9, 10], "text": "key broad"}, {"type": "opinion", "offset": [14], "text": "dark"}]}], "event": [], "spot": ["aspect", "opinion"], "asoc": ["negative"], "spot_asoc": [{"span": "key broad", "label": "aspect", "asoc": [["negative", "dark"]]}, {"span": "dark", "label": "opinion", "asoc": []}]}
{"text": "After the warrenty expired the hard drive went bad and it would have cost more to fix then to replace .", "tokens": ["After", "the", "warrenty", "expired", "the", "hard", "drive", "went", "bad", "and", "it", "would", "have", "cost", "more", "to", "fix", "then", "to", "replace", "."], "record": "<extra_id_0> <extra_id_0> aspect <extra_id_5> hard drive <extra_id_0> negative <extra_id_5> bad <extra_id_1> <extra_id_1> <extra_id_0> opinion <extra_id_5> bad <extra_id_1> <extra_id_1>", "entity": [{"type": "aspect", "offset": [5, 6], "text": "hard drive"}, {"type": "opinion", "offset": [8], "text": "bad"}], "relation": [{"type": "negative", "args": [{"type": "aspect", "offset": [5, 6], "text": "hard drive"}, {"type": "opinion", "offset": [8], "text": "bad"}]}], "event": [], "spot": ["aspect", "opinion"], "asoc": ["negative"], "spot_asoc": [{"span": "hard drive", "label": "aspect", "asoc": [["negative", "bad"]]}, {"span": "bad", "label": "opinion", "asoc": []}]}
{"text": "Battery is lasting about 6 hours as I am surfing the web on Sundays while checking football scores and watching funny Youtube videos .", "tokens": ["Battery", "is", "lasting", "about", "6", "hours", "as", "I", "am", "surfing", "the", "web", "on", "Sundays", "while", "checking", "football", "scores", "and", "watching", "funny", "Youtube", "videos", "."], "record": "<extra_id_0> <extra_id_0> aspect <extra_id_5> Battery <extra_id_0> neutral <extra_id_5> lasting <extra_id_1> <extra_id_1> <extra_id_0> opinion <extra_id_5> lasting <extra_id_1> <extra_id_1>", "entity": [{"type": "aspect", "offset": [0], "text": "Battery"}, {"type": "opinion", "offset": [2], "text": "lasting"}], "relation": [{"type": "neutral", "args": [{"type": "aspect", "offset": [0], "text": "Battery"}, {"type": "opinion", "offset": [2], "text": "lasting"}]}], "event": [], "spot": ["aspect", "opinion"], "asoc": ["neutral"], "spot_asoc": [{"span": "Battery", "label": "aspect", "asoc": [["neutral", "lasting"]]}, {"span": "lasting", "label": "opinion", "asoc": []}]}
{"text": "If you check you will find the same notebook with the above missing ports and a dual core AMD or Intel processor .", "tokens": ["If", "you", "check", "you", "will", "find", "the", "same", "notebook", "with", "the", "above", "missing", "ports", "and", "a", "dual", "core", "AMD", "or", "Intel", "processor", "."], "record": "<extra_id_0> <extra_id_0> opinion <extra_id_5> missing <extra_id_1> <extra_id_0> aspect <extra_id_5> ports <extra_id_0> neutral <extra_id_5> missing <extra_id_1> <extra_id_1> <extra_id_1>", "entity": [{"type": "aspect", "offset": [13], "text": "ports"}, {"type": "opinion", "offset": [12], "text": "missing"}], "relation": [{"type": "neutral", "args": [{"type": "aspect", "offset": [13], "text": "ports"}, {"type": "opinion", "offset": [12], "text": "missing"}]}], "event": [], "spot": ["aspect", "opinion"], "asoc": ["neutral"], "spot_asoc": [{"span": "missing", "label": "opinion", "asoc": []}, {"span": "ports", "label": "aspect", "asoc": [["neutral", "missing"]]}]}
{"text": "I do not experience a lot of heat coming out of it , however I would highly suggest purchasing a stand however , due to the nature of the design of the macbook as it is one very large heat sink .", "tokens": ["I", "do", "not", "experience", "a", "lot", "of", "heat", "coming", "out", "of", "it", ",", "however", "I", "would", "highly", "suggest", "purchasing", "a", "stand", "however", ",", "due", "to", "the", "nature", "of", "the", "design", "of", "the", "macbook", "as", "it", "is", "one", "very", "large", "heat", "sink", "."], "record": "<extra_id_0> <extra_id_0> opinion <extra_id_5> suggest <extra_id_1> <extra_id_0> aspect <extra_id_5> stand <extra_id_0> neutral <extra_id_5> suggest <extra_id_1> <extra_id_1> <extra_id_0> opinion <extra_id_5> large <extra_id_1> <extra_id_0> aspect <extra_id_5> heat sink <extra_id_0> negative <extra_id_5> large <extra_id_1> <extra_id_1> <extra_id_1>", "entity": [{"type": "aspect", "offset": [20], "text": "stand"}, {"type": "aspect", "offset": [39, 40], "text": "heat sink"}, {"type": "opinion", "offset": [17], "text": "suggest"}, {"type": "opinion", "offset": [38], "text": "large"}], "relation": [{"type": "neutral", "args": [{"type": "aspect", "offset": [20], "text": "stand"}, {"type": "opinion", "offset": [17], "text": "suggest"}]}, {"type": "negative", "args": [{"type": "aspect", "offset": [39, 40], "text": "heat sink"}, {"type": "opinion", "offset": [38], "text": "large"}]}], "event": [], "spot": ["aspect", "opinion"], "asoc": ["negative", "neutral"], "spot_asoc": [{"span": "suggest", "label": "opinion", "asoc": []}, {"span": "stand", "label": "aspect", "asoc": [["neutral", "suggest"]]}, {"span": "large", "label": "opinion", "asoc": []}, {"span": "heat sink", "label": "aspect", "asoc": [["negative", "large"]]}]}
{"text": "In all honesty , if someone is looking for a quality laptop and willing to pay a little more money for a normal sized laptop than a cheaper and less impressive laptop , then do not buy this computer .", "tokens": ["In", "all", "honesty", ",", "if", "someone", "is", "looking", "for", "a", "quality", "laptop", "and", "willing", "to", "pay", "a", "little", "more", "money", "for", "a", "normal", "sized", "laptop", "than", "a", "cheaper", "and", "less", "impressive", "laptop", ",", "then", "do", "not", "buy", "this", "computer", "."], "record": "<extra_id_0> <extra_id_0> opinion <extra_id_5> normal <extra_id_1> <extra_id_0> aspect <extra_id_5> sized <extra_id_0> neutral <extra_id_5> normal <extra_id_1> <extra_id_1> <extra_id_1>", "entity": [{"type": "aspect", "offset": [23], "text": "sized"}, {"type": "opinion", "offset": [22], "text": "normal"}], "relation": [{"type": "neutral", "args": [{"type": "aspect", "offset": [23], "text": "sized"}, {"type": "opinion", "offset": [22], "text": "normal"}]}], "event": [], "spot": ["aspect", "opinion"], "asoc": ["neutral"], "spot_asoc": [{"span": "normal", "label": "opinion", "asoc": []}, {"span": "sized", "label": "aspect", "asoc": [["neutral", "normal"]]}]}
{"text": "We also use Paralles so we can run virtual machines of Windows XP Professional , Windows 7 Home Premium , Windows Server Enterprise 2003 , and Windows Server 2008 Enterprise .", "tokens": ["We", "also", "use", "Paralles", "so", "we", "can", "run", "virtual", "machines", "of", "Windows", "XP", "Professional", ",", "Windows", "7", "Home", "Premium", ",", "Windows", "Server", "Enterprise", "2003", ",", "and", "Windows", "Server", "2008", "Enterprise", "."], "record": "<extra_id_0> <extra_id_0> opinion <extra_id_5> use <extra_id_1> <extra_id_0> aspect <extra_id_5> Paralles <extra_id_0> neutral <extra_id_5> use <extra_id_1> <extra_id_1> <extra_id_0> opinion <extra_id_5> run <extra_id_1> <extra_id_0> aspect <extra_id_5> Windows XP Professional <extra_id_0> neutral <extra_id_5> run <extra_id_1> <extra_id_1> <extra_id_0> aspect <extra_id_5> Windows 7 Home Premium <extra_id_0> neutral <extra_id_5> run <extra_id_1> <extra_id_1> <extra_id_0> aspect <extra_id_5> Windows Server Enterprise 2003 <extra_id_0> neutral <extra_id_5> run <extra_id_1> <extra_id_1> <extra_id_0> aspect <extra_id_5> Windows Server 2008 Enterprise <extra_id_0> neutral <extra_id_5> run <extra_id_1> <extra_id_1> <extra_id_1>", "entity": [{"type": "aspect", "offset": [3], "text": "Paralles"}, {"type": "aspect", "offset": [11, 12, 13], "text": "Windows XP Professional"}, {"type": "aspect", "offset": [15, 16, 17, 18], "text": "Windows 7 Home Premium"}, {"type": "aspect", "offset": [20, 21, 22, 23], "text": "Windows Server Enterprise 2003"}, {"type": "aspect", "offset": [26, 27, 28, 29], "text": "Windows Server 2008 Enterprise"}, {"type": "opinion", "offset": [2], "text": "use"}, {"type": "opinion", "offset": [7], "text": "run"}], "relation": [{"type": "neutral", "args": [{"type": "aspect", "offset": [3], "text": "Paralles"}, {"type": "opinion", "offset": [2], "text": "use"}]}, {"type": "neutral", "args": [{"type": "aspect", "offset": [11, 12, 13], "text": "Windows XP Professional"}, {"type": "opinion", "offset": [7], "text": "run"}]}, {"type": "neutral", "args": [{"type": "aspect", "offset": [15, 16, 17, 18], "text": "Windows 7 Home Premium"}, {"type": "opinion", "offset": [7], "text": "run"}]}, {"type": "neutral", "args": [{"type": "aspect", "offset": [20, 21, 22, 23], "text": "Windows Server Enterprise 2003"}, {"type": "opinion", "offset": [7], "text": "run"}]}, {"type": "neutral", "args": [{"type": "aspect", "offset": [26, 27, 28, 29], "text": "Windows Server 2008 Enterprise"}, {"type": "opinion", "offset": [7], "text": "run"}]}], "event": [], "spot": ["aspect", "opinion"], "asoc": ["neutral"], "spot_asoc": [{"span": "use", "label": "opinion", "asoc": []}, {"span": "Paralles", "label": "aspect", "asoc": [["neutral", "use"]]}, {"span": "run", "label": "opinion", "asoc": []}, {"span": "Windows XP Professional", "label": "aspect", "asoc": [["neutral", "run"]]}, {"span": "Windows 7 Home Premium", "label": "aspect", "asoc": [["neutral", "run"]]}, {"span": "Windows Server Enterprise 2003", "label": "aspect", "asoc": [["neutral", "run"]]}, {"span": "Windows Server 2008 Enterprise", "label": "aspect", "asoc": [["neutral", "run"]]}]}
