{"text": "The food was terrific and the service classy , attentive , without being overbearing .", "tokens": ["The", "food", "was", "terrific", "and", "the", "service", "classy", ",", "attentive", ",", "without", "being", "overbearing", "."], "record": "<extra_id_0> <extra_id_0> aspect <extra_id_5> food <extra_id_0> positive <extra_id_5> terrific <extra_id_1> <extra_id_1> <extra_id_0> opinion <extra_id_5> terrific <extra_id_1> <extra_id_0> aspect <extra_id_5> service <extra_id_0> positive <extra_id_5> classy <extra_id_1> <extra_id_0> positive <extra_id_5> attentive <extra_id_1> <extra_id_0> positive <extra_id_5> without being overbearing <extra_id_1> <extra_id_1> <extra_id_0> opinion <extra_id_5> classy <extra_id_1> <extra_id_0> opinion <extra_id_5> attentive <extra_id_1> <extra_id_0> opinion <extra_id_5> without being overbearing <extra_id_1> <extra_id_1>", "entity": [{"type": "aspect", "offset": [1], "text": "food"}, {"type": "aspect", "offset": [6], "text": "service"}, {"type": "opinion", "offset": [3], "text": "terrific"}, {"type": "opinion", "offset": [7], "text": "classy"}, {"type": "opinion", "offset": [9], "text": "attentive"}, {"type": "opinion", "offset": [11, 12, 13], "text": "without being overbearing"}], "relation": [{"type": "positive", "args": [{"type": "aspect", "offset": [1], "text": "food"}, {"type": "opinion", "offset": [3], "text": "terrific"}]}, {"type": "positive", "args": [{"type": "aspect", "offset": [6], "text": "service"}, {"type": "opinion", "offset": [7], "text": "classy"}]}, {"type": "positive", "args": [{"type": "aspect", "offset": [6], "text": "service"}, {"type": "opinion", "offset": [9], "text": "attentive"}]}, {"type": "positive", "args": [{"type": "aspect", "offset": [6], "text": "service"}, {"type": "opinion", "offset": [11, 12, 13], "text": "without being overbearing"}]}], "event": [], "spot": ["aspect", "opinion"], "asoc": ["positive"], "spot_asoc": [{"span": "food", "label": "aspect", "asoc": [["positive", "terrific"]]}, {"span": "terrific", "label": "opinion", "asoc": []}, {"span": "service", "label": "aspect", "asoc": [["positive", "classy"], ["positive", "attentive"], ["positive", "without being overbearing"]]}, {"span": "classy", "label": "opinion", "asoc": []}, {"span": "attentive", "label": "opinion", "asoc": []}, {"span": "without being overbearing", "label": "opinion", "asoc": []}]}
{"text": "We went to eat at the Jekyll and Hyde restaurant on Friday night and really enjoyed the fun atmosphere and good food .", "tokens": ["We", "went", "to", "eat", "at", "the", "Jekyll", "and", "Hyde", "restaurant", "on", "Friday", "night", "and", "really", "enjoyed", "the", "fun", "atmosphere", "and", "good", "food", "."], "record": "<extra_id_0> <extra_id_0> opinion <extra_id_5> enjoyed <extra_id_1> <extra_id_0> opinion <extra_id_5> fun <extra_id_1> <extra_id_0> aspect <extra_id_5> atmosphere <extra_id_0> positive <extra_id_5> enjoyed <extra_id_1> <extra_id_0> positive <extra_id_5> fun <extra_id_1> <extra_id_1> <extra_id_0> opinion <extra_id_5> good <extra_id_1> <extra_id_0> aspect <extra_id_5> food <extra_id_0> positive <extra_id_5> enjoyed <extra_id_1> <extra_id_0> positive <extra_id_5> good <extra_id_1> <extra_id_1> <extra_id_1>", "entity": [{"type": "aspect", "offset": [18], "text": "atmosphere"}, {"type": "aspect", "offset": [21], "text": "food"}, {"type": "opinion", "offset": [15], "text": "enjoyed"}, {"type": "opinion", "offset": [17], "text": "fun"}, {"type": "opinion", "offset": [20], "text": "good"}], "relation": [{"type": "positive", "args": [{"type": "aspect", "offset": [18], "text": "atmosphere"}, {"type": "opinion", "offset": [15], "text": "enjoyed"}]}, {"type": "positive", "args": [{"type": "aspect", "offset": [18], "text": "atmosphere"}, {"type": "opinion", "offset": [17], "text": "fun"}]}, {"type": "positive", "args": [{"type": "aspect", "offset": [21], "text": "food"}, {"type": "opinion", "offset": [15], "text": "enjoyed"}]}, {"type": "positive", "args": [{"type": "aspect", "offset": [21], "text": "food"}, {"type": "opinion", "offset": [20], "text": "good"}]}], "event": [], "spot": ["aspect", "opinion"], "asoc": ["positive"], "spot_asoc": [{"span": "enjoyed", "label": "opinion", "asoc": []}, {"span": "fun", "label": "opinion", "asoc": []}, {"span": "atmosphere", "label": "aspect", "asoc": [["positive", "enjoyed"], ["positive", "fun"]]}, {"span": "good", "label": "opinion", "asoc": []}, {"span": "food", "label": "aspect", "asoc": [["positive", "enjoyed"], ["positive", "good"]]}]}
{"text": "I liked the food at this quasi-thai restaurant .", "tokens": ["I", "liked", "the", "food", "at", "this", "quasi-thai", "restaurant", "."], "record": "<extra_id_0> <extra_id_0> opinion <extra_id_5> liked <extra_id_1> <extra_id_0> aspect <extra_id_5> food <extra_id_0> positive <extra_id_5> liked <extra_id_1> <extra_id_1> <extra_id_1>", "entity": [{"type": "aspect", "offset": [3], "text": "food"}, {"type": "opinion", "offset": [1], "text": "liked"}], "relation": [{"type": "positive", "args": [{"type": "aspect", "offset": [3], "text": "food"}, {"type": "opinion", "offset": [1], "text": "liked"}]}], "event": [], "spot": ["aspect", "opinion"], "asoc": ["positive"], "spot_asoc": [{"span": "liked", "label": "opinion", "asoc": []}, {"span": "food", "label": "aspect", "asoc": [["positive", "liked"]]}]}
{"text": "Their whitefish salad is excellent -- all whitefish with a little mayo .", "tokens": ["Their", "whitefish", "salad", "is", "excellent", "--", "all", "whitefish", "with", "a", "little", "mayo", "."], "record": "<extra_id_0> <extra_id_0> aspect <extra_id_5> whitefish salad <extra_id_0> positive <extra_id_5> excellent <extra_id_1> <extra_id_1> <extra_id_0> opinion <extra_id_5> excellent <extra_id_1> <extra_id_0> opinion <extra_id_5> all <extra_id_1> <extra_id_0> aspect <extra_id_5> whitefish <extra_id_0> positive <extra_id_5> all <extra_id_1> <extra_id_1> <extra_id_0> opinion <extra_id_5> little <extra_id_1> <extra_id_0> aspect <extra_id_5> mayo <extra_id_0> positive <extra_id_5> little <extra_id_1> <extra_id_1> <extra_id_1>", "entity": [{"type": "aspect", "offset": [1, 2], "text": "whitefish salad"}, {"type": "aspect", "offset": [7], "text": "whitefish"}, {"type": "aspect", "offset": [11], "text": "mayo"}, {"type": "opinion", "offset": [4], "text": "excellent"}, {"type": "opinion", "offset": [6], "text": "all"}, {"type": "opinion", "offset": [10], "text": "little"}], "relation": [{"type": "positive", "args": [{"type": "aspect", "offset": [1, 2], "text": "whitefish salad"}, {"type": "opinion", "offset": [4], "text": "excellent"}]}, {"type": "positive", "args": [{"type": "aspect", "offset": [7], "text": "whitefish"}, {"type": "opinion", "offset": [6], "text": "all"}]}, {"type": "positive", "args": [{"type": "aspect", "offset": [11], "text": "mayo"}, {"type": "opinion", "offset": [10], "text": "little"}]}], "event": [], "spot": ["aspect", "opinion"], "asoc": ["positive"], "spot_asoc": [{"span": "whitefish salad", "label": "aspect", "asoc": [["positive", "excellent"]]}, {"span": "excellent", "label": "opinion", "asoc": []}, {"span": "all", "label": "opinion", "asoc": []}, {"span": "whitefish", "label": "aspect", "asoc": [["positive", "all"]]}, {"span": "little", "label": "opinion", "asoc": []}, {"span": "mayo", "label": "aspect", "asoc": [["positive", "little"]]}]}
{"text": "His wife Tanya , the hostess , completes the comforting atmosphere by being delightfully warm and gracious .", "tokens": ["His", "wife", "Tanya", ",", "the", "hostess", ",", "completes", "the", "comforting", "atmosphere", "by", "being", "delightfully", "warm", "and", "gracious", "."], "record": "<extra_id_0> <extra_id_0> aspect <extra_id_5> hostess <extra_id_0> positive <extra_id_5> delightfully warm <extra_id_1> <extra_id_0> positive <extra_id_5> gracious <extra_id_1> <extra_id_1> <extra_id_0> opinion <extra_id_5> comforting <extra_id_1> <extra_id_0> aspect <extra_id_5> atmosphere <extra_id_0> positive <extra_id_5> comforting <extra_id_1> <extra_id_1> <extra_id_0> opinion <extra_id_5> delightfully warm <extra_id_1> <extra_id_0> opinion <extra_id_5> gracious <extra_id_1> <extra_id_1>", "entity": [{"type": "aspect", "offset": [5], "text": "hostess"}, {"type": "aspect", "offset": [10], "text": "atmosphere"}, {"type": "opinion", "offset": [13, 14], "text": "delightfully warm"}, {"type": "opinion", "offset": [16], "text": "gracious"}, {"type": "opinion", "offset": [9], "text": "comforting"}], "relation": [{"type": "positive", "args": [{"type": "aspect", "offset": [5], "text": "hostess"}, {"type": "opinion", "offset": [13, 14], "text": "delightfully warm"}]}, {"type": "positive", "args": [{"type": "aspect", "offset": [5], "text": "hostess"}, {"type": "opinion", "offset": [16], "text": "gracious"}]}, {"type": "positive", "args": [{"type": "aspect", "offset": [10], "text": "atmosphere"}, {"type": "opinion", "offset": [9], "text": "comforting"}]}], "event": [], "spot": ["aspect", "opinion"], "asoc": ["positive"], "spot_asoc": [{"span": "hostess", "label": "aspect", "asoc": [["positive", "delightfully warm"], ["positive", "gracious"]]}, {"span": "comforting", "label": "opinion", "asoc": []}, {"span": "atmosphere", "label": "aspect", "asoc": [["positive", "comforting"]]}, {"span": "delightfully warm", "label": "opinion", "asoc": []}, {"span": "gracious", "label": "opinion", "asoc": []}]}
{"text": "The food was not fresh , the sauces were bland and very oily .", "tokens": ["The", "food", "was", "not", "fresh", ",", "the", "sauces", "were", "bland", "and", "very", "oily", "."], "record": "<extra_id_0> <extra_id_0> aspect <extra_id_5> food <extra_id_0> negative <extra_id_5> not fresh <extra_id_1> <extra_id_1> <extra_id_0> opinion <extra_id_5> not fresh <extra_id_1> <extra_id_0> aspect <extra_id_5> sauces <extra_id_0> negative <extra_id_5> bland <extra_id_1> <extra_id_0> negative <extra_id_5> oily <extra_id_1> <extra_id_1> <extra_id_0> opinion <extra_id_5> bland <extra_id_1> <extra_id_0> opinion <extra_id_5> oily <extra_id_1> <extra_id_1>", "entity": [{"type": "aspect", "offset": [1], "text": "food"}, {"type": "aspect", "offset": [7], "text": "sauces"}, {"type": "opinion", "offset": [3, 4], "text": "not fresh"}, {"type": "opinion", "offset": [9], "text": "bland"}, {"type": "opinion", "offset": [12], "text": "oily"}], "relation": [{"type": "negative", "args": [{"type": "aspect", "offset": [1], "text": "food"}, {"type": "opinion", "offset": [3, 4], "text": "not fresh"}]}, {"type": "negative", "args": [{"type": "aspect", "offset": [7], "text": "sauces"}, {"type": "opinion", "offset": [9], "text": "bland"}]}, {"type": "negative", "args": [{"type": "aspect", "offset": [7], "text": "sauces"}, {"type": "opinion", "offset": [12], "text": "oily"}]}], "event": [], "spot": ["aspect", "opinion"], "asoc": ["negative"], "spot_asoc": [{"span": "food", "label": "aspect", "asoc": [["negative", "not fresh"]]}, {"span": "not fresh", "label": "opinion", "asoc": []}, {"span": "sauces", "label": "aspect", "asoc": [["negative", "bland"], ["negative", "oily"]]}, {"span": "bland", "label": "opinion", "asoc": []}, {"span": "oily", "label": "opinion", "asoc": []}]}
{"text": "The environment is romantic , but the food is horrible , the service is pathetic , and gabriella lies about everything she could .", "tokens": ["The", "environment", "is", "romantic", ",", "but", "the", "food", "is", "horrible", ",", "the", "service", "is", "pathetic", ",", "and", "gabriella", "lies", "about", "everything", "she", "could", "."], "record": "<extra_id_0> <extra_id_0> aspect <extra_id_5> environment <extra_id_0> positive <extra_id_5> romantic <extra_id_1> <extra_id_1> <extra_id_0> opinion <extra_id_5> romantic <extra_id_1> <extra_id_0> aspect <extra_id_5> food <extra_id_0> negative <extra_id_5> horrible <extra_id_1> <extra_id_1> <extra_id_0> opinion <extra_id_5> horrible <extra_id_1> <extra_id_0> aspect <extra_id_5> service <extra_id_0> negative <extra_id_5> pathetic <extra_id_1> <extra_id_1> <extra_id_0> opinion <extra_id_5> pathetic <extra_id_1> <extra_id_1>", "entity": [{"type": "aspect", "offset": [1], "text": "environment"}, {"type": "aspect", "offset": [7], "text": "food"}, {"type": "aspect", "offset": [12], "text": "service"}, {"type": "opinion", "offset": [3], "text": "romantic"}, {"type": "opinion", "offset": [9], "text": "horrible"}, {"type": "opinion", "offset": [14], "text": "pathetic"}], "relation": [{"type": "positive", "args": [{"type": "aspect", "offset": [1], "text": "environment"}, {"type": "opinion", "offset": [3], "text": "romantic"}]}, {"type": "negative", "args": [{"type": "aspect", "offset": [7], "text": "food"}, {"type": "opinion", "offset": [9], "text": "horrible"}]}, {"type": "negative", "args": [{"type": "aspect", "offset": [12], "text": "service"}, {"type": "opinion", "offset": [14], "text": "pathetic"}]}], "event": [], "spot": ["aspect", "opinion"], "asoc": ["positive", "negative"], "spot_asoc": [{"span": "environment", "label": "aspect", "asoc": [["positive", "romantic"]]}, {"span": "romantic", "label": "opinion", "asoc": []}, {"span": "food", "label": "aspect", "asoc": [["negative", "horrible"]]}, {"span": "horrible", "label": "opinion", "asoc": []}, {"span": "service", "label": "aspect", "asoc": [["negative", "pathetic"]]}, {"span": "pathetic", "label": "opinion", "asoc": []}]}
{"text": "Also , do n't plan on asking for your favorite roll , if it 's not on the menu , you ca n't have it .", "tokens": ["Also", ",", "do", "n't", "plan", "on", "asking", "for", "your", "favorite", "roll", ",", "if", "it", "'s", "not", "on", "the", "menu", ",", "you", "ca", "n't", "have", "it", "."], "record": "<extra_id_0> <extra_id_0> opinion <extra_id_5> favorite <extra_id_1> <extra_id_0> aspect <extra_id_5> roll <extra_id_0> negative <extra_id_5> favorite <extra_id_1> <extra_id_1> <extra_id_1>", "entity": [{"type": "aspect", "offset": [10], "text": "roll"}, {"type": "opinion", "offset": [9], "text": "favorite"}], "relation": [{"type": "negative", "args": [{"type": "aspect", "offset": [10], "text": "roll"}, {"type": "opinion", "offset": [9], "text": "favorite"}]}], "event": [], "spot": ["aspect", "opinion"], "asoc": ["negative"], "spot_asoc": [{"span": "favorite", "label": "opinion", "asoc": []}, {"span": "roll", "label": "aspect", "asoc": [["negative", "favorite"]]}]}
{"text": "people are rude bit again it 's new york !", "tokens": ["people", "are", "rude", "bit", "again", "it", "'s", "new", "york", "!"], "record": "<extra_id_0> <extra_id_0> aspect <extra_id_5> people <extra_id_0> negative <extra_id_5> rude <extra_id_1> <extra_id_1> <extra_id_0> opinion <extra_id_5> rude <extra_id_1> <extra_id_1>", "entity": [{"type": "aspect", "offset": [0], "text": "people"}, {"type": "opinion", "offset": [2], "text": "rude"}], "relation": [{"type": "negative", "args": [{"type": "aspect", "offset": [0], "text": "people"}, {"type": "opinion", "offset": [2], "text": "rude"}]}], "event": [], "spot": ["aspect", "opinion"], "asoc": ["negative"], "spot_asoc": [{"span": "people", "label": "aspect", "asoc": [["negative", "rude"]]}, {"span": "rude", "label": "opinion", "asoc": []}]}
{"text": "The mussaman curry that I ordered was as thin as water and aside from the poorly fried tofu that I ordered in it , they graciously provided me with ONE piece of poorly cooked potato .", "tokens": ["The", "mussaman", "curry", "that", "I", "ordered", "was", "as", "thin", "as", "water", "and", "aside", "from", "the", "poorly", "fried", "tofu", "that", "I", "ordered", "in", "it", ",", "they", "graciously", "provided", "me", "with", "ONE", "piece", "of", "poorly", "cooked", "potato", "."], "record": "<extra_id_0> <extra_id_0> aspect <extra_id_5> mussaman curry <extra_id_0> negative <extra_id_5> thin <extra_id_1> <extra_id_1> <extra_id_0> opinion <extra_id_5> thin <extra_id_1> <extra_id_0> opinion <extra_id_5> poorly <extra_id_1> <extra_id_0> aspect <extra_id_5> fried tofu <extra_id_0> negative <extra_id_5> poorly <extra_id_1> <extra_id_1> <extra_id_0> opinion <extra_id_5> poorly cooked <extra_id_1> <extra_id_0> aspect <extra_id_5> potato <extra_id_0> negative <extra_id_5> poorly cooked <extra_id_1> <extra_id_1> <extra_id_1>", "entity": [{"type": "aspect", "offset": [1, 2], "text": "mussaman curry"}, {"type": "aspect", "offset": [16, 17], "text": "fried tofu"}, {"type": "aspect", "offset": [34], "text": "potato"}, {"type": "opinion", "offset": [8], "text": "thin"}, {"type": "opinion", "offset": [15], "text": "poorly"}, {"type": "opinion", "offset": [32, 33], "text": "poorly cooked"}], "relation": [{"type": "negative", "args": [{"type": "aspect", "offset": [1, 2], "text": "mussaman curry"}, {"type": "opinion", "offset": [8], "text": "thin"}]}, {"type": "negative", "args": [{"type": "aspect", "offset": [16, 17], "text": "fried tofu"}, {"type": "opinion", "offset": [15], "text": "poorly"}]}, {"type": "negative", "args": [{"type": "aspect", "offset": [34], "text": "potato"}, {"type": "opinion", "offset": [32, 33], "text": "poorly cooked"}]}], "event": [], "spot": ["aspect", "opinion"], "asoc": ["negative"], "spot_asoc": [{"span": "mussaman curry", "label": "aspect", "asoc": [["negative", "thin"]]}, {"span": "thin", "label": "opinion", "asoc": []}, {"span": "poorly", "label": "opinion", "asoc": []}, {"span": "fried tofu", "label": "aspect", "asoc": [["negative", "poorly"]]}, {"span": "poorly cooked", "label": "opinion", "asoc": []}, {"span": "potato", "label": "aspect", "asoc": [["negative", "poorly cooked"]]}]}
{"text": "Great wine selection , Gigondas is worth the price , and the house champagne is a great value .", "tokens": ["Great", "wine", "selection", ",", "Gigondas", "is", "worth", "the", "price", ",", "and", "the", "house", "champagne", "is", "a", "great", "value", "."], "record": "<extra_id_0> <extra_id_0> opinion <extra_id_5> Great <extra_id_1> <extra_id_0> aspect <extra_id_5> wine selection <extra_id_0> positive <extra_id_5> Great <extra_id_1> <extra_id_1> <extra_id_0> aspect <extra_id_5> Gigondas <extra_id_0> positive <extra_id_5> worth the price <extra_id_1> <extra_id_1> <extra_id_0> opinion <extra_id_5> worth <extra_id_1> <extra_id_0> opinion <extra_id_5> worth the price <extra_id_1> <extra_id_0> aspect <extra_id_5> price <extra_id_0> neutral <extra_id_5> worth <extra_id_1> <extra_id_1> <extra_id_0> aspect <extra_id_5> house champagne <extra_id_0> positive <extra_id_5> great value <extra_id_1> <extra_id_1> <extra_id_0> opinion <extra_id_5> great value <extra_id_1> <extra_id_1>", "entity": [{"type": "aspect", "offset": [1, 2], "text": "wine selection"}, {"type": "aspect", "offset": [4], "text": "Gigondas"}, {"type": "aspect", "offset": [12, 13], "text": "house champagne"}, {"type": "aspect", "offset": [8], "text": "price"}, {"type": "opinion", "offset": [0], "text": "Great"}, {"type": "opinion", "offset": [6, 7, 8], "text": "worth the price"}, {"type": "opinion", "offset": [16, 17], "text": "great value"}, {"type": "opinion", "offset": [6], "text": "worth"}], "relation": [{"type": "positive", "args": [{"type": "aspect", "offset": [1, 2], "text": "wine selection"}, {"type": "opinion", "offset": [0], "text": "Great"}]}, {"type": "positive", "args": [{"type": "aspect", "offset": [4], "text": "Gigondas"}, {"type": "opinion", "offset": [6, 7, 8], "text": "worth the price"}]}, {"type": "positive", "args": [{"type": "aspect", "offset": [12, 13], "text": "house champagne"}, {"type": "opinion", "offset": [16, 17], "text": "great value"}]}, {"type": "neutral", "args": [{"type": "aspect", "offset": [8], "text": "price"}, {"type": "opinion", "offset": [6], "text": "worth"}]}], "event": [], "spot": ["aspect", "opinion"], "asoc": ["positive", "neutral"], "spot_asoc": [{"span": "Great", "label": "opinion", "asoc": []}, {"span": "wine selection", "label": "aspect", "asoc": [["positive", "Great"]]}, {"span": "Gigondas", "label": "aspect", "asoc": [["positive", "worth the price"]]}, {"span": "worth", "label": "opinion", "asoc": []}, {"span": "worth the price", "label": "opinion", "asoc": []}, {"span": "price", "label": "aspect", "asoc": [["neutral", "worth"]]}, {"span": "house champagne", "label": "aspect", "asoc": [["positive", "great value"]]}, {"span": "great value", "label": "opinion", "asoc": []}]}
{"text": "Oh yes , and they lie on the phone , claiming they have seating in the garden , then of course the seats are not available .", "tokens": ["Oh", "yes", ",", "and", "they", "lie", "on", "the", "phone", ",", "claiming", "they", "have", "seating", "in", "the", "garden", ",", "then", "of", "course", "the", "seats", "are", "not", "available", "."], "record": "<extra_id_0> <extra_id_0> opinion <extra_id_5> lie <extra_id_1> <extra_id_0> aspect <extra_id_5> seating in the garden <extra_id_0> neutral <extra_id_5> lie <extra_id_1> <extra_id_1> <extra_id_0> aspect <extra_id_5> seats <extra_id_0> neutral <extra_id_5> not available <extra_id_1> <extra_id_1> <extra_id_0> opinion <extra_id_5> not available <extra_id_1> <extra_id_1>", "entity": [{"type": "aspect", "offset": [13, 14, 15, 16], "text": "seating in the garden"}, {"type": "aspect", "offset": [22], "text": "seats"}, {"type": "opinion", "offset": [5], "text": "lie"}, {"type": "opinion", "offset": [24, 25], "text": "not available"}], "relation": [{"type": "neutral", "args": [{"type": "aspect", "offset": [13, 14, 15, 16], "text": "seating in the garden"}, {"type": "opinion", "offset": [5], "text": "lie"}]}, {"type": "neutral", "args": [{"type": "aspect", "offset": [22], "text": "seats"}, {"type": "opinion", "offset": [24, 25], "text": "not available"}]}], "event": [], "spot": ["aspect", "opinion"], "asoc": ["neutral"], "spot_asoc": [{"span": "lie", "label": "opinion", "asoc": []}, {"span": "seating in the garden", "label": "aspect", "asoc": [["neutral", "lie"]]}, {"span": "seats", "label": "aspect", "asoc": [["neutral", "not available"]]}, {"span": "not available", "label": "opinion", "asoc": []}]}
{"text": "What came to our table was burned beyond recognition and stringy .", "tokens": ["What", "came", "to", "our", "table", "was", "burned", "beyond", "recognition", "and", "stringy", "."], "record": "<extra_id_0> <extra_id_0> aspect <extra_id_5> table <extra_id_0> neutral <extra_id_5> burned <extra_id_1> <extra_id_1> <extra_id_0> opinion <extra_id_5> burned <extra_id_1> <extra_id_1>", "entity": [{"type": "aspect", "offset": [4], "text": "table"}, {"type": "opinion", "offset": [6], "text": "burned"}], "relation": [{"type": "neutral", "args": [{"type": "aspect", "offset": [4], "text": "table"}, {"type": "opinion", "offset": [6], "text": "burned"}]}], "event": [], "spot": ["aspect", "opinion"], "asoc": ["neutral"], "spot_asoc": [{"span": "table", "label": "aspect", "asoc": [["neutral", "burned"]]}, {"span": "burned", "label": "opinion", "asoc": []}]}
{"text": "I would never wait for a table to eat , it just is not THAT great .", "tokens": ["I", "would", "never", "wait", "for", "a", "table", "to", "eat", ",", "it", "just", "is", "not", "THAT", "great", "."], "record": "<extra_id_0> <extra_id_0> opinion <extra_id_5> never wait <extra_id_1> <extra_id_0> aspect <extra_id_5> table <extra_id_0> neutral <extra_id_5> never wait <extra_id_1> <extra_id_1> <extra_id_1>", "entity": [{"type": "aspect", "offset": [6], "text": "table"}, {"type": "opinion", "offset": [2, 3], "text": "never wait"}], "relation": [{"type": "neutral", "args": [{"type": "aspect", "offset": [6], "text": "table"}, {"type": "opinion", "offset": [2, 3], "text": "never wait"}]}], "event": [], "spot": ["aspect", "opinion"], "asoc": ["neutral"], "spot_asoc": [{"span": "never wait", "label": "opinion", "asoc": []}, {"span": "table", "label": "aspect", "asoc": [["neutral", "never wait"]]}]}
{"text": "I went there for lunch and it was not as good as I expected from the reviews I read .", "tokens": ["I", "went", "there", "for", "lunch", "and", "it", "was", "not", "as", "good", "as", "I", "expected", "from", "the", "reviews", "I", "read", "."], "record": "<extra_id_0> <extra_id_0> aspect <extra_id_5> lunch <extra_id_0> neutral <extra_id_5> not as good as I expected <extra_id_1> <extra_id_1> <extra_id_0> opinion <extra_id_5> not as good as I expected <extra_id_1> <extra_id_1>", "entity": [{"type": "aspect", "offset": [4], "text": "lunch"}, {"type": "opinion", "offset": [8, 9, 10, 11, 12, 13], "text": "not as good as I expected"}], "relation": [{"type": "neutral", "args": [{"type": "aspect", "offset": [4], "text": "lunch"}, {"type": "opinion", "offset": [8, 9, 10, 11, 12, 13], "text": "not as good as I expected"}]}], "event": [], "spot": ["aspect", "opinion"], "asoc": ["neutral"], "spot_asoc": [{"span": "lunch", "label": "aspect", "asoc": [["neutral", "not as good as I expected"]]}, {"span": "not as good as I expected", "label": "opinion", "asoc": []}]}
