{"text": "Aside from the Sea Urchin , the chef recommended an assortment of fish including Fatty Yellow Tail , Boton Shrimp , Blue Fin Torro ( Fatty Tuna ) , Sea Eel , etc .", "tokens": ["Aside", "from", "the", "Sea", "Urchin", ",", "the", "chef", "recommended", "an", "assortment", "of", "fish", "including", "Fatty", "Yellow", "Tail", ",", "Boton", "Shrimp", ",", "Blue", "Fin", "Torro", "(", "Fatty", "Tuna", ")", ",", "Sea", "Eel", ",", "etc", "."], "record": "<extra_id_0> <extra_id_0> aspect <extra_id_5> Sea Urchin <extra_id_0> neutral <extra_id_5> recommended <extra_id_1> <extra_id_1> <extra_id_0> opinion <extra_id_5> recommended <extra_id_1> <extra_id_0> aspect <extra_id_5> assortment of fish <extra_id_0> neutral <extra_id_5> recommended <extra_id_1> <extra_id_1> <extra_id_0> aspect <extra_id_5> Fatty Yellow Tail <extra_id_0> neutral <extra_id_5> recommended <extra_id_1> <extra_id_1> <extra_id_0> aspect <extra_id_5> Boton Shrimp <extra_id_0> neutral <extra_id_5> recommended <extra_id_1> <extra_id_1> <extra_id_0> aspect <extra_id_5> Blue Fin Torro ( Fatty Tuna ) <extra_id_0> neutral <extra_id_5> recommended <extra_id_1> <extra_id_1> <extra_id_0> aspect <extra_id_5> Sea Eel <extra_id_0> neutral <extra_id_5> recommended <extra_id_1> <extra_id_1> <extra_id_1>", "entity": [{"type": "aspect", "offset": [10, 11, 12], "text": "assortment of fish"}, {"type": "aspect", "offset": [14, 15, 16], "text": "Fatty Yellow Tail"}, {"type": "aspect", "offset": [18, 19], "text": "Boton Shrimp"}, {"type": "aspect", "offset": [29, 30], "text": "Sea Eel"}, {"type": "aspect", "offset": [3, 4], "text": "Sea Urchin"}, {"type": "aspect", "offset": [21, 22, 23, 24, 25, 26, 27], "text": "Blue Fin Torro ( Fatty Tuna )"}, {"type": "opinion", "offset": [8], "text": "recommended"}], "relation": [{"type": "neutral", "args": [{"type": "aspect", "offset": [10, 11, 12], "text": "assortment of fish"}, {"type": "opinion", "offset": [8], "text": "recommended"}]}, {"type": "neutral", "args": [{"type": "aspect", "offset": [14, 15, 16], "text": "Fatty Yellow Tail"}, {"type": "opinion", "offset": [8], "text": "recommended"}]}, {"type": "neutral", "args": [{"type": "aspect", "offset": [18, 19], "text": "Boton Shrimp"}, {"type": "opinion", "offset": [8], "text": "recommended"}]}, {"type": "neutral", "args": [{"type": "aspect", "offset": [29, 30], "text": "Sea Eel"}, {"type": "opinion", "offset": [8], "text": "recommended"}]}, {"type": "neutral", "args": [{"type": "aspect", "offset": [3, 4], "text": "Sea Urchin"}, {"type": "opinion", "offset": [8], "text": "recommended"}]}, {"type": "neutral", "args": [{"type": "aspect", "offset": [21, 22, 23, 24, 25, 26, 27], "text": "Blue Fin Torro ( Fatty Tuna )"}, {"type": "opinion", "offset": [8], "text": "recommended"}]}], "event": [], "spot": ["aspect", "opinion"], "asoc": ["neutral"], "spot_asoc": [{"span": "Sea Urchin", "label": "aspect", "asoc": [["neutral", "recommended"]]}, {"span": "recommended", "label": "opinion", "asoc": []}, {"span": "assortment of fish", "label": "aspect", "asoc": [["neutral", "recommended"]]}, {"span": "Fatty Yellow Tail", "label": "aspect", "asoc": [["neutral", "recommended"]]}, {"span": "Boton Shrimp", "label": "aspect", "asoc": [["neutral", "recommended"]]}, {"span": "Blue Fin Torro ( Fatty Tuna )", "label": "aspect", "asoc": [["neutral", "recommended"]]}, {"span": "Sea Eel", "label": "aspect", "asoc": [["neutral", "recommended"]]}]}
{"text": "I found it on a cold night , the perfect spot to warm up .", "tokens": ["I", "found", "it", "on", "a", "cold", "night", ",", "the", "perfect", "spot", "to", "warm", "up", "."], "record": "<extra_id_0> <extra_id_0> opinion <extra_id_5> perfect <extra_id_1> <extra_id_0> aspect <extra_id_5> spot <extra_id_0> positive <extra_id_5> perfect <extra_id_1> <extra_id_1> <extra_id_1>", "entity": [{"type": "aspect", "offset": [10], "text": "spot"}, {"type": "opinion", "offset": [9], "text": "perfect"}], "relation": [{"type": "positive", "args": [{"type": "aspect", "offset": [10], "text": "spot"}, {"type": "opinion", "offset": [9], "text": "perfect"}]}], "event": [], "spot": ["aspect", "opinion"], "asoc": ["positive"], "spot_asoc": [{"span": "perfect", "label": "opinion", "asoc": []}, {"span": "spot", "label": "aspect", "asoc": [["positive", "perfect"]]}]}
{"text": "If you like your music blasted and the system isnt that great and if you want to pay at least 100 dollar bottle minimun then you 'll love it here .", "tokens": ["If", "you", "like", "your", "music", "blasted", "and", "the", "system", "isnt", "that", "great", "and", "if", "you", "want", "to", "pay", "at", "least", "100", "dollar", "bottle", "minimun", "then", "you", "'ll", "love", "it", "here", "."], "record": "<extra_id_0> <extra_id_0> opinion <extra_id_5> like <extra_id_1> <extra_id_0> aspect <extra_id_5> music <extra_id_0> negative <extra_id_5> like <extra_id_1> <extra_id_1> <extra_id_0> aspect <extra_id_5> bottle minimun <extra_id_0> negative <extra_id_5> love <extra_id_1> <extra_id_1> <extra_id_0> opinion <extra_id_5> love <extra_id_1> <extra_id_1>", "entity": [{"type": "aspect", "offset": [4], "text": "music"}, {"type": "aspect", "offset": [22, 23], "text": "bottle minimun"}, {"type": "opinion", "offset": [2], "text": "like"}, {"type": "opinion", "offset": [27], "text": "love"}], "relation": [{"type": "negative", "args": [{"type": "aspect", "offset": [4], "text": "music"}, {"type": "opinion", "offset": [2], "text": "like"}]}, {"type": "negative", "args": [{"type": "aspect", "offset": [22, 23], "text": "bottle minimun"}, {"type": "opinion", "offset": [27], "text": "love"}]}], "event": [], "spot": ["aspect", "opinion"], "asoc": ["negative"], "spot_asoc": [{"span": "like", "label": "opinion", "asoc": []}, {"span": "music", "label": "aspect", "asoc": [["negative", "like"]]}, {"span": "bottle minimun", "label": "aspect", "asoc": [["negative", "love"]]}, {"span": "love", "label": "opinion", "asoc": []}]}
