{"text": "oh yeah , and if the fancy webcam breaks guess who you have to send it to to get it fixed ?", "tokens": ["oh", "yeah", ",", "and", "if", "the", "fancy", "webcam", "breaks", "guess", "who", "you", "have", "to", "send", "it", "to", "to", "get", "it", "fixed", "?"], "record": "<extra_id_0> <extra_id_0> opinion <extra_id_5> fancy <extra_id_1> <extra_id_0> aspect <extra_id_5> webcam <extra_id_0> negative <extra_id_5> fancy <extra_id_1> <extra_id_1> <extra_id_1>", "entity": [{"type": "aspect", "offset": [7], "text": "webcam"}, {"type": "opinion", "offset": [6], "text": "fancy"}], "relation": [{"type": "negative", "args": [{"type": "aspect", "offset": [7], "text": "webcam"}, {"type": "opinion", "offset": [6], "text": "fancy"}]}], "event": [], "spot": ["aspect", "opinion"], "asoc": ["negative"], "spot_asoc": [{"span": "fancy", "label": "opinion", "asoc": []}, {"span": "webcam", "label": "aspect", "asoc": [["negative", "fancy"]]}]}
{"text": "I know that everyone thinks Macs are overpriced and overrated , but once you get past the initial expense you 'll find that they 're worth every penny ( besides , there 's always the financing plan that Best Buy offers ) .", "tokens": ["I", "know", "that", "everyone", "thinks", "Macs", "are", "overpriced", "and", "overrated", ",", "but", "once", "you", "get", "past", "the", "initial", "expense", "you", "'ll", "find", "that", "they", "'re", "worth", "every", "penny", "(", "besides", ",", "there", "'s", "always", "the", "financing", "plan", "that", "Best", "Buy", "offers", ")", "."], "record": "<extra_id_0> <extra_id_0> aspect <extra_id_5> expense <extra_id_0> negative <extra_id_5> worth <extra_id_1> <extra_id_1> <extra_id_0> opinion <extra_id_5> worth <extra_id_1> <extra_id_1>", "entity": [{"type": "aspect", "offset": [18], "text": "expense"}, {"type": "opinion", "offset": [25], "text": "worth"}], "relation": [{"type": "negative", "args": [{"type": "aspect", "offset": [18], "text": "expense"}, {"type": "opinion", "offset": [25], "text": "worth"}]}], "event": [], "spot": ["aspect", "opinion"], "asoc": ["negative"], "spot_asoc": [{"span": "expense", "label": "aspect", "asoc": [["negative", "worth"]]}, {"span": "worth", "label": "opinion", "asoc": []}]}
{"text": "YOU WILL NOT BE ABLE TO TALK TO AN AMERICAN WARRANTY SERVICE IS OUT OF COUNTRY .", "tokens": ["YOU", "WILL", "NOT", "BE", "ABLE", "TO", "TALK", "TO", "AN", "AMERICAN", "WARRANTY", "SERVICE", "IS", "OUT", "OF", "COUNTRY", "."], "record": "<extra_id_0> <extra_id_0> opinion <extra_id_5> NOT BE ABLE <extra_id_1> <extra_id_0> aspect <extra_id_5> WARRANTY SERVICE <extra_id_0> negative <extra_id_5> NOT BE ABLE <extra_id_1> <extra_id_1> <extra_id_1>", "entity": [{"type": "aspect", "offset": [10, 11], "text": "WARRANTY SERVICE"}, {"type": "opinion", "offset": [2, 3, 4], "text": "NOT BE ABLE"}], "relation": [{"type": "negative", "args": [{"type": "aspect", "offset": [10, 11], "text": "WARRANTY SERVICE"}, {"type": "opinion", "offset": [2, 3, 4], "text": "NOT BE ABLE"}]}], "event": [], "spot": ["aspect", "opinion"], "asoc": ["negative"], "spot_asoc": [{"span": "NOT BE ABLE", "label": "opinion", "asoc": []}, {"span": "WARRANTY SERVICE", "label": "aspect", "asoc": [["negative", "NOT BE ABLE"]]}]}
{"text": "Now I had not tried to use this since the disc drive had been replaced and after taking it back to the Geek Squad I found out they had accidently not used the right drive when they replaced the first one , so back it went to get the correct drive .", "tokens": ["Now", "I", "had", "not", "tried", "to", "use", "this", "since", "the", "disc", "drive", "had", "been", "replaced", "and", "after", "taking", "it", "back", "to", "the", "Geek", "Squad", "I", "found", "out", "they", "had", "accidently", "not", "used", "the", "right", "drive", "when", "they", "replaced", "the", "first", "one", ",", "so", "back", "it", "went", "to", "get", "the", "correct", "drive", "."], "record": "<extra_id_0> <extra_id_0> aspect <extra_id_5> disc drive <extra_id_0> negative <extra_id_5> replaced <extra_id_1> <extra_id_1> <extra_id_0> opinion <extra_id_5> replaced <extra_id_1> <extra_id_1>", "entity": [{"type": "aspect", "offset": [10, 11], "text": "disc drive"}, {"type": "opinion", "offset": [14], "text": "replaced"}], "relation": [{"type": "negative", "args": [{"type": "aspect", "offset": [10, 11], "text": "disc drive"}, {"type": "opinion", "offset": [14], "text": "replaced"}]}], "event": [], "spot": ["aspect", "opinion"], "asoc": ["negative"], "spot_asoc": [{"span": "disc drive", "label": "aspect", "asoc": [["negative", "replaced"]]}, {"span": "replaced", "label": "opinion", "asoc": []}]}
{"text": "It was hard to handle and operate at school .", "tokens": ["It", "was", "hard", "to", "handle", "and", "operate", "at", "school", "."], "record": "<extra_id_0> <extra_id_0> opinion <extra_id_5> hard <extra_id_1> <extra_id_0> aspect <extra_id_5> handle <extra_id_0> negative <extra_id_5> hard <extra_id_1> <extra_id_1> <extra_id_0> aspect <extra_id_5> operate <extra_id_0> negative <extra_id_5> hard <extra_id_1> <extra_id_1> <extra_id_1>", "entity": [{"type": "aspect", "offset": [4], "text": "handle"}, {"type": "aspect", "offset": [6], "text": "operate"}, {"type": "opinion", "offset": [2], "text": "hard"}], "relation": [{"type": "negative", "args": [{"type": "aspect", "offset": [4], "text": "handle"}, {"type": "opinion", "offset": [2], "text": "hard"}]}, {"type": "negative", "args": [{"type": "aspect", "offset": [6], "text": "operate"}, {"type": "opinion", "offset": [2], "text": "hard"}]}], "event": [], "spot": ["aspect", "opinion"], "asoc": ["negative"], "spot_asoc": [{"span": "hard", "label": "opinion", "asoc": []}, {"span": "handle", "label": "aspect", "asoc": [["negative", "hard"]]}, {"span": "operate", "label": "aspect", "asoc": [["negative", "hard"]]}]}
{"text": "In all honesty , if someone is looking for a quality laptop and willing to pay a little more money for a normal sized laptop than a cheaper and less impressive laptop , then do not buy this computer .", "tokens": ["In", "all", "honesty", ",", "if", "someone", "is", "looking", "for", "a", "quality", "laptop", "and", "willing", "to", "pay", "a", "little", "more", "money", "for", "a", "normal", "sized", "laptop", "than", "a", "cheaper", "and", "less", "impressive", "laptop", ",", "then", "do", "not", "buy", "this", "computer", "."], "record": "<extra_id_0> <extra_id_0> opinion <extra_id_5> normal <extra_id_1> <extra_id_0> aspect <extra_id_5> sized <extra_id_0> neutral <extra_id_5> normal <extra_id_1> <extra_id_1> <extra_id_1>", "entity": [{"type": "aspect", "offset": [23], "text": "sized"}, {"type": "opinion", "offset": [22], "text": "normal"}], "relation": [{"type": "neutral", "args": [{"type": "aspect", "offset": [23], "text": "sized"}, {"type": "opinion", "offset": [22], "text": "normal"}]}], "event": [], "spot": ["aspect", "opinion"], "asoc": ["neutral"], "spot_asoc": [{"span": "normal", "label": "opinion", "asoc": []}, {"span": "sized", "label": "aspect", "asoc": [["neutral", "normal"]]}]}
{"text": "If you check you will find the same notebook with the above missing ports and a dual core AMD or Intel processor .", "tokens": ["If", "you", "check", "you", "will", "find", "the", "same", "notebook", "with", "the", "above", "missing", "ports", "and", "a", "dual", "core", "AMD", "or", "Intel", "processor", "."], "record": "<extra_id_0> <extra_id_0> opinion <extra_id_5> missing <extra_id_1> <extra_id_0> aspect <extra_id_5> ports <extra_id_0> neutral <extra_id_5> missing <extra_id_1> <extra_id_1> <extra_id_1>", "entity": [{"type": "aspect", "offset": [13], "text": "ports"}, {"type": "opinion", "offset": [12], "text": "missing"}], "relation": [{"type": "neutral", "args": [{"type": "aspect", "offset": [13], "text": "ports"}, {"type": "opinion", "offset": [12], "text": "missing"}]}], "event": [], "spot": ["aspect", "opinion"], "asoc": ["neutral"], "spot_asoc": [{"span": "missing", "label": "opinion", "asoc": []}, {"span": "ports", "label": "aspect", "asoc": [["neutral", "missing"]]}]}
{"text": "I connect a LaCie 2Big external drive via the firewire 800 interface , which is useful for Time Machine .", "tokens": ["I", "connect", "a", "LaCie", "2Big", "external", "drive", "via", "the", "firewire", "800", "interface", ",", "which", "is", "useful", "for", "Time", "Machine", "."], "record": "<extra_id_0> <extra_id_0> aspect <extra_id_5> LaCie 2Big external drive <extra_id_0> neutral <extra_id_5> useful <extra_id_1> <extra_id_1> <extra_id_0> aspect <extra_id_5> firewire 800 interface <extra_id_0> positive <extra_id_5> useful <extra_id_1> <extra_id_1> <extra_id_0> opinion <extra_id_5> useful <extra_id_1> <extra_id_0> aspect <extra_id_5> Time Machine <extra_id_0> neutral <extra_id_5> useful <extra_id_1> <extra_id_1> <extra_id_1>", "entity": [{"type": "aspect", "offset": [3, 4, 5, 6], "text": "LaCie 2Big external drive"}, {"type": "aspect", "offset": [9, 10, 11], "text": "firewire 800 interface"}, {"type": "aspect", "offset": [17, 18], "text": "Time Machine"}, {"type": "opinion", "offset": [15], "text": "useful"}], "relation": [{"type": "neutral", "args": [{"type": "aspect", "offset": [3, 4, 5, 6], "text": "LaCie 2Big external drive"}, {"type": "opinion", "offset": [15], "text": "useful"}]}, {"type": "positive", "args": [{"type": "aspect", "offset": [9, 10, 11], "text": "firewire 800 interface"}, {"type": "opinion", "offset": [15], "text": "useful"}]}, {"type": "neutral", "args": [{"type": "aspect", "offset": [17, 18], "text": "Time Machine"}, {"type": "opinion", "offset": [15], "text": "useful"}]}], "event": [], "spot": ["aspect", "opinion"], "asoc": ["positive", "neutral"], "spot_asoc": [{"span": "LaCie 2Big external drive", "label": "aspect", "asoc": [["neutral", "useful"]]}, {"span": "firewire 800 interface", "label": "aspect", "asoc": [["positive", "useful"]]}, {"span": "useful", "label": "opinion", "asoc": []}, {"span": "Time Machine", "label": "aspect", "asoc": [["neutral", "useful"]]}]}
{"text": "They replaced my hard drive as well as my mother board .", "tokens": ["They", "replaced", "my", "hard", "drive", "as", "well", "as", "my", "mother", "board", "."], "record": "<extra_id_0> <extra_id_0> opinion <extra_id_5> replaced <extra_id_1> <extra_id_0> aspect <extra_id_5> hard drive <extra_id_0> neutral <extra_id_5> replaced <extra_id_1> <extra_id_1> <extra_id_0> aspect <extra_id_5> mother board <extra_id_0> neutral <extra_id_5> replaced <extra_id_1> <extra_id_1> <extra_id_1>", "entity": [{"type": "aspect", "offset": [3, 4], "text": "hard drive"}, {"type": "aspect", "offset": [9, 10], "text": "mother board"}, {"type": "opinion", "offset": [1], "text": "replaced"}], "relation": [{"type": "neutral", "args": [{"type": "aspect", "offset": [3, 4], "text": "hard drive"}, {"type": "opinion", "offset": [1], "text": "replaced"}]}, {"type": "neutral", "args": [{"type": "aspect", "offset": [9, 10], "text": "mother board"}, {"type": "opinion", "offset": [1], "text": "replaced"}]}], "event": [], "spot": ["aspect", "opinion"], "asoc": ["neutral"], "spot_asoc": [{"span": "replaced", "label": "opinion", "asoc": []}, {"span": "hard drive", "label": "aspect", "asoc": [["neutral", "replaced"]]}, {"span": "mother board", "label": "aspect", "asoc": [["neutral", "replaced"]]}]}
{"text": "If internet connectivity is important I would recommend going with a dell net book for 50 bucks more , or buy a USB wireless card .", "tokens": ["If", "internet", "connectivity", "is", "important", "I", "would", "recommend", "going", "with", "a", "dell", "net", "book", "for", "50", "bucks", "more", ",", "or", "buy", "a", "USB", "wireless", "card", "."], "record": "<extra_id_0> <extra_id_0> aspect <extra_id_5> internet connectivity <extra_id_0> neutral <extra_id_5> important <extra_id_1> <extra_id_1> <extra_id_0> opinion <extra_id_5> important <extra_id_1> <extra_id_0> opinion <extra_id_5> recommend <extra_id_1> <extra_id_0> aspect <extra_id_5> USB wireless card <extra_id_0> neutral <extra_id_5> recommend <extra_id_1> <extra_id_1> <extra_id_1>", "entity": [{"type": "aspect", "offset": [1, 2], "text": "internet connectivity"}, {"type": "aspect", "offset": [22, 23, 24], "text": "USB wireless card"}, {"type": "opinion", "offset": [4], "text": "important"}, {"type": "opinion", "offset": [7], "text": "recommend"}], "relation": [{"type": "neutral", "args": [{"type": "aspect", "offset": [1, 2], "text": "internet connectivity"}, {"type": "opinion", "offset": [4], "text": "important"}]}, {"type": "neutral", "args": [{"type": "aspect", "offset": [22, 23, 24], "text": "USB wireless card"}, {"type": "opinion", "offset": [7], "text": "recommend"}]}], "event": [], "spot": ["aspect", "opinion"], "asoc": ["neutral"], "spot_asoc": [{"span": "internet connectivity", "label": "aspect", "asoc": [["neutral", "important"]]}, {"span": "important", "label": "opinion", "asoc": []}, {"span": "recommend", "label": "opinion", "asoc": []}, {"span": "USB wireless card", "label": "aspect", "asoc": [["neutral", "recommend"]]}]}
{"text": "It is VERY easy to type on and feels great - besides the added feature that the keyboard is lighted .", "tokens": ["It", "is", "VERY", "easy", "to", "type", "on", "and", "feels", "great", "-", "besides", "the", "added", "feature", "that", "the", "keyboard", "is", "lighted", "."], "record": "<extra_id_0> <extra_id_0> opinion <extra_id_5> easy <extra_id_1> <extra_id_0> aspect <extra_id_5> type <extra_id_0> positive <extra_id_5> easy <extra_id_1> <extra_id_0> positive <extra_id_5> great <extra_id_1> <extra_id_1> <extra_id_0> opinion <extra_id_5> great <extra_id_1> <extra_id_0> opinion <extra_id_5> added <extra_id_1> <extra_id_0> aspect <extra_id_5> feature <extra_id_0> positive <extra_id_5> added <extra_id_1> <extra_id_1> <extra_id_0> aspect <extra_id_5> keyboard <extra_id_0> positive <extra_id_5> lighted <extra_id_1> <extra_id_1> <extra_id_0> opinion <extra_id_5> lighted <extra_id_1> <extra_id_1>", "entity": [{"type": "aspect", "offset": [17], "text": "keyboard"}, {"type": "aspect", "offset": [14], "text": "feature"}, {"type": "aspect", "offset": [5], "text": "type"}, {"type": "opinion", "offset": [19], "text": "lighted"}, {"type": "opinion", "offset": [13], "text": "added"}, {"type": "opinion", "offset": [3], "text": "easy"}, {"type": "opinion", "offset": [9], "text": "great"}], "relation": [{"type": "positive", "args": [{"type": "aspect", "offset": [17], "text": "keyboard"}, {"type": "opinion", "offset": [19], "text": "lighted"}]}, {"type": "positive", "args": [{"type": "aspect", "offset": [14], "text": "feature"}, {"type": "opinion", "offset": [13], "text": "added"}]}, {"type": "positive", "args": [{"type": "aspect", "offset": [5], "text": "type"}, {"type": "opinion", "offset": [3], "text": "easy"}]}, {"type": "positive", "args": [{"type": "aspect", "offset": [5], "text": "type"}, {"type": "opinion", "offset": [9], "text": "great"}]}], "event": [], "spot": ["aspect", "opinion"], "asoc": ["positive"], "spot_asoc": [{"span": "easy", "label": "opinion", "asoc": []}, {"span": "type", "label": "aspect", "asoc": [["positive", "easy"], ["positive", "great"]]}, {"span": "great", "label": "opinion", "asoc": []}, {"span": "added", "label": "opinion", "asoc": []}, {"span": "feature", "label": "aspect", "asoc": [["positive", "added"]]}, {"span": "keyboard", "label": "aspect", "asoc": [["positive", "lighted"]]}, {"span": "lighted", "label": "opinion", "asoc": []}]}
{"text": "The laptop is very lightweight , can easily carry around in a knapsack full of text books and it barely adds any weight .", "tokens": ["The", "laptop", "is", "very", "lightweight", ",", "can", "easily", "carry", "around", "in", "a", "knapsack", "full", "of", "text", "books", "and", "it", "barely", "adds", "any", "weight", "."], "record": "<extra_id_0> <extra_id_0> opinion <extra_id_5> lightweight <extra_id_1> <extra_id_0> opinion <extra_id_5> easily <extra_id_1> <extra_id_0> aspect <extra_id_5> carry <extra_id_0> positive <extra_id_5> easily <extra_id_1> <extra_id_1> <extra_id_0> opinion <extra_id_5> barely adds <extra_id_1> <extra_id_0> aspect <extra_id_5> weight <extra_id_0> positive <extra_id_5> lightweight <extra_id_1> <extra_id_0> positive <extra_id_5> barely adds <extra_id_1> <extra_id_1> <extra_id_1>", "entity": [{"type": "aspect", "offset": [8], "text": "carry"}, {"type": "aspect", "offset": [22], "text": "weight"}, {"type": "opinion", "offset": [7], "text": "easily"}, {"type": "opinion", "offset": [4], "text": "lightweight"}, {"type": "opinion", "offset": [19, 20], "text": "barely adds"}], "relation": [{"type": "positive", "args": [{"type": "aspect", "offset": [8], "text": "carry"}, {"type": "opinion", "offset": [7], "text": "easily"}]}, {"type": "positive", "args": [{"type": "aspect", "offset": [22], "text": "weight"}, {"type": "opinion", "offset": [4], "text": "lightweight"}]}, {"type": "positive", "args": [{"type": "aspect", "offset": [22], "text": "weight"}, {"type": "opinion", "offset": [19, 20], "text": "barely adds"}]}], "event": [], "spot": ["aspect", "opinion"], "asoc": ["positive"], "spot_asoc": [{"span": "lightweight", "label": "opinion", "asoc": []}, {"span": "easily", "label": "opinion", "asoc": []}, {"span": "carry", "label": "aspect", "asoc": [["positive", "easily"]]}, {"span": "barely adds", "label": "opinion", "asoc": []}, {"span": "weight", "label": "aspect", "asoc": [["positive", "lightweight"], ["positive", "barely adds"]]}]}
{"text": "previous laptops were pc 's , still have them , but the mac osx is a clean and smooth operating system .", "tokens": ["previous", "laptops", "were", "pc", "'s", ",", "still", "have", "them", ",", "but", "the", "mac", "osx", "is", "a", "clean", "and", "smooth", "operating", "system", "."], "record": "<extra_id_0> <extra_id_0> aspect <extra_id_5> mac osx <extra_id_0> positive <extra_id_5> clean <extra_id_1> <extra_id_0> positive <extra_id_5> smooth <extra_id_1> <extra_id_1> <extra_id_0> opinion <extra_id_5> clean <extra_id_1> <extra_id_0> opinion <extra_id_5> smooth <extra_id_1> <extra_id_0> aspect <extra_id_5> operating system <extra_id_0> positive <extra_id_5> clean <extra_id_1> <extra_id_0> positive <extra_id_5> smooth <extra_id_1> <extra_id_1> <extra_id_1>", "entity": [{"type": "aspect", "offset": [12, 13], "text": "mac osx"}, {"type": "aspect", "offset": [19, 20], "text": "operating system"}, {"type": "opinion", "offset": [16], "text": "clean"}, {"type": "opinion", "offset": [18], "text": "smooth"}], "relation": [{"type": "positive", "args": [{"type": "aspect", "offset": [12, 13], "text": "mac osx"}, {"type": "opinion", "offset": [16], "text": "clean"}]}, {"type": "positive", "args": [{"type": "aspect", "offset": [12, 13], "text": "mac osx"}, {"type": "opinion", "offset": [18], "text": "smooth"}]}, {"type": "positive", "args": [{"type": "aspect", "offset": [19, 20], "text": "operating system"}, {"type": "opinion", "offset": [16], "text": "clean"}]}, {"type": "positive", "args": [{"type": "aspect", "offset": [19, 20], "text": "operating system"}, {"type": "opinion", "offset": [18], "text": "smooth"}]}], "event": [], "spot": ["aspect", "opinion"], "asoc": ["positive"], "spot_asoc": [{"span": "mac osx", "label": "aspect", "asoc": [["positive", "clean"], ["positive", "smooth"]]}, {"span": "clean", "label": "opinion", "asoc": []}, {"span": "smooth", "label": "opinion", "asoc": []}, {"span": "operating system", "label": "aspect", "asoc": [["positive", "clean"], ["positive", "smooth"]]}]}
{"text": "Screen , keyboard , and mouse : If you cant see yourself spending the extra money to jump up to a Mac the beautiful screen , responsive island backlit keyboard , and fun multi-touch mouse is worth the extra money to me alone .", "tokens": ["Screen", ",", "keyboard", ",", "and", "mouse", ":", "If", "you", "cant", "see", "yourself", "spending", "the", "extra", "money", "to", "jump", "up", "to", "a", "Mac", "the", "beautiful", "screen", ",", "responsive", "island", "backlit", "keyboard", ",", "and", "fun", "multi-touch", "mouse", "is", "worth", "the", "extra", "money", "to", "me", "alone", "."], "record": "<extra_id_0> <extra_id_0> opinion <extra_id_5> beautiful <extra_id_1> <extra_id_0> aspect <extra_id_5> screen <extra_id_0> positive <extra_id_5> beautiful <extra_id_1> <extra_id_1> <extra_id_0> opinion <extra_id_5> responsive <extra_id_1> <extra_id_0> aspect <extra_id_5> island backlit keyboard <extra_id_0> positive <extra_id_5> responsive <extra_id_1> <extra_id_1> <extra_id_0> opinion <extra_id_5> fun <extra_id_1> <extra_id_0> aspect <extra_id_5> multi-touch mouse <extra_id_0> positive <extra_id_5> fun <extra_id_1> <extra_id_1> <extra_id_1>", "entity": [{"type": "aspect", "offset": [24], "text": "screen"}, {"type": "aspect", "offset": [27, 28, 29], "text": "island backlit keyboard"}, {"type": "aspect", "offset": [33, 34], "text": "multi-touch mouse"}, {"type": "opinion", "offset": [23], "text": "beautiful"}, {"type": "opinion", "offset": [26], "text": "responsive"}, {"type": "opinion", "offset": [32], "text": "fun"}], "relation": [{"type": "positive", "args": [{"type": "aspect", "offset": [24], "text": "screen"}, {"type": "opinion", "offset": [23], "text": "beautiful"}]}, {"type": "positive", "args": [{"type": "aspect", "offset": [27, 28, 29], "text": "island backlit keyboard"}, {"type": "opinion", "offset": [26], "text": "responsive"}]}, {"type": "positive", "args": [{"type": "aspect", "offset": [33, 34], "text": "multi-touch mouse"}, {"type": "opinion", "offset": [32], "text": "fun"}]}], "event": [], "spot": ["aspect", "opinion"], "asoc": ["positive"], "spot_asoc": [{"span": "beautiful", "label": "opinion", "asoc": []}, {"span": "screen", "label": "aspect", "asoc": [["positive", "beautiful"]]}, {"span": "responsive", "label": "opinion", "asoc": []}, {"span": "island backlit keyboard", "label": "aspect", "asoc": [["positive", "responsive"]]}, {"span": "fun", "label": "opinion", "asoc": []}, {"span": "multi-touch mouse", "label": "aspect", "asoc": [["positive", "fun"]]}]}
{"text": "The battery life has not decreased since I bought it , so i 'm thrilled with that .", "tokens": ["The", "battery", "life", "has", "not", "decreased", "since", "I", "bought", "it", ",", "so", "i", "'m", "thrilled", "with", "that", "."], "record": "<extra_id_0> <extra_id_0> aspect <extra_id_5> battery life <extra_id_0> positive <extra_id_5> decreased <extra_id_1> <extra_id_1> <extra_id_0> opinion <extra_id_5> decreased <extra_id_1> <extra_id_1>", "entity": [{"type": "aspect", "offset": [1, 2], "text": "battery life"}, {"type": "opinion", "offset": [5], "text": "decreased"}], "relation": [{"type": "positive", "args": [{"type": "aspect", "offset": [1, 2], "text": "battery life"}, {"type": "opinion", "offset": [5], "text": "decreased"}]}], "event": [], "spot": ["aspect", "opinion"], "asoc": ["positive"], "spot_asoc": [{"span": "battery life", "label": "aspect", "asoc": [["positive", "decreased"]]}, {"span": "decreased", "label": "opinion", "asoc": []}]}
