{"text": "The menu prices are a bit expensive for what you get in quality and portion size .", "tokens": ["The", "menu", "prices", "are", "a", "bit", "expensive", "for", "what", "you", "get", "in", "quality", "and", "portion", "size", "."], "record": "<extra_id_0> <extra_id_0> aspect <extra_id_5> menu prices <extra_id_0> negative <extra_id_5> expensive <extra_id_1> <extra_id_1> <extra_id_0> opinion <extra_id_5> expensive <extra_id_1> <extra_id_1>", "entity": [{"type": "aspect", "offset": [1, 2], "text": "menu prices"}, {"type": "opinion", "offset": [6], "text": "expensive"}], "relation": [{"type": "negative", "args": [{"type": "aspect", "offset": [1, 2], "text": "menu prices"}, {"type": "opinion", "offset": [6], "text": "expensive"}]}], "event": [], "spot": ["aspect", "opinion"], "asoc": ["negative"], "spot_asoc": [{"span": "menu prices", "label": "aspect", "asoc": [["negative", "expensive"]]}, {"span": "expensive", "label": "opinion", "asoc": []}]}
{"text": "Lahore is a great place to duck into late-night when you need some really tasty food on the cheap -- you 'll likely have trouble finishing the amount of food you get for FOUR DOLLARS .", "tokens": ["Lahore", "is", "a", "great", "place", "to", "duck", "into", "late-night", "when", "you", "need", "some", "really", "tasty", "food", "on", "the", "cheap", "--", "you", "'ll", "likely", "have", "trouble", "finishing", "the", "amount", "of", "food", "you", "get", "for", "FOUR", "DOLLARS", "."], "record": "<extra_id_0> <extra_id_0> opinion <extra_id_5> tasty <extra_id_1> <extra_id_0> aspect <extra_id_5> food <extra_id_0> positive <extra_id_5> tasty <extra_id_1> <extra_id_1> <extra_id_1>", "entity": [{"type": "aspect", "offset": [15], "text": "food"}, {"type": "opinion", "offset": [14], "text": "tasty"}], "relation": [{"type": "positive", "args": [{"type": "aspect", "offset": [15], "text": "food"}, {"type": "opinion", "offset": [14], "text": "tasty"}]}], "event": [], "spot": ["aspect", "opinion"], "asoc": ["positive"], "spot_asoc": [{"span": "tasty", "label": "opinion", "asoc": []}, {"span": "food", "label": "aspect", "asoc": [["positive", "tasty"]]}]}
{"text": "It 's a place for people who pay a lot for mediocre food , noise and a chance to be with their fellow bridge and tunnel folks .", "tokens": ["It", "'s", "a", "place", "for", "people", "who", "pay", "a", "lot", "for", "mediocre", "food", ",", "noise", "and", "a", "chance", "to", "be", "with", "their", "fellow", "bridge", "and", "tunnel", "folks", "."], "record": "<extra_id_0> <extra_id_0> opinion <extra_id_5> mediocre <extra_id_1> <extra_id_0> aspect <extra_id_5> food <extra_id_0> neutral <extra_id_5> mediocre <extra_id_1> <extra_id_1> <extra_id_0> aspect <extra_id_5> noise <extra_id_0> negative <extra_id_5> mediocre <extra_id_1> <extra_id_1> <extra_id_1>", "entity": [{"type": "aspect", "offset": [12], "text": "food"}, {"type": "aspect", "offset": [14], "text": "noise"}, {"type": "opinion", "offset": [11], "text": "mediocre"}], "relation": [{"type": "neutral", "args": [{"type": "aspect", "offset": [12], "text": "food"}, {"type": "opinion", "offset": [11], "text": "mediocre"}]}, {"type": "negative", "args": [{"type": "aspect", "offset": [14], "text": "noise"}, {"type": "opinion", "offset": [11], "text": "mediocre"}]}], "event": [], "spot": ["aspect", "opinion"], "asoc": ["negative", "neutral"], "spot_asoc": [{"span": "mediocre", "label": "opinion", "asoc": []}, {"span": "food", "label": "aspect", "asoc": [["neutral", "mediocre"]]}, {"span": "noise", "label": "aspect", "asoc": [["negative", "mediocre"]]}]}
