{"text": "wonderful features .", "tokens": ["wonderful", "features", "."], "record": "<extra_id_0> <extra_id_0> opinion <extra_id_5> wonderful <extra_id_1> <extra_id_0> aspect <extra_id_5> features <extra_id_0> positive <extra_id_5> wonderful <extra_id_1> <extra_id_1> <extra_id_1>", "entity": [{"type": "aspect", "offset": [1], "text": "features"}, {"type": "opinion", "offset": [0], "text": "wonderful"}], "relation": [{"type": "positive", "args": [{"type": "aspect", "offset": [1], "text": "features"}, {"type": "opinion", "offset": [0], "text": "wonderful"}]}], "event": [], "spot": ["aspect", "opinion"], "asoc": ["positive"], "spot_asoc": [{"span": "wonderful", "label": "opinion", "asoc": []}, {"span": "features", "label": "aspect", "asoc": [["positive", "wonderful"]]}]}
{"text": "My dad has one of the very first Toshibas ever made , yes its abit slow now but still works well and i hooked to my ethernet !", "tokens": ["My", "dad", "has", "one", "of", "the", "very", "first", "Toshibas", "ever", "made", ",", "yes", "its", "abit", "slow", "now", "but", "still", "works", "well", "and", "i", "hooked", "to", "my", "ethernet", "!"], "record": "<extra_id_0> <extra_id_0> aspect <extra_id_5> works <extra_id_0> positive <extra_id_5> well <extra_id_1> <extra_id_1> <extra_id_0> opinion <extra_id_5> well <extra_id_1> <extra_id_1>", "entity": [{"type": "aspect", "offset": [19], "text": "works"}, {"type": "opinion", "offset": [20], "text": "well"}], "relation": [{"type": "positive", "args": [{"type": "aspect", "offset": [19], "text": "works"}, {"type": "opinion", "offset": [20], "text": "well"}]}], "event": [], "spot": ["aspect", "opinion"], "asoc": ["positive"], "spot_asoc": [{"span": "works", "label": "aspect", "asoc": [["positive", "well"]]}, {"span": "well", "label": "opinion", "asoc": []}]}
{"text": "I do transcription work on the side , and the flatline keyboard makes typing quick and easy as well .", "tokens": ["I", "do", "transcription", "work", "on", "the", "side", ",", "and", "the", "flatline", "keyboard", "makes", "typing", "quick", "and", "easy", "as", "well", "."], "record": "<extra_id_0> <extra_id_0> aspect <extra_id_5> flatline keyboard <extra_id_0> positive <extra_id_5> quick <extra_id_1> <extra_id_0> positive <extra_id_5> easy <extra_id_1> <extra_id_1> <extra_id_0> opinion <extra_id_5> quick <extra_id_1> <extra_id_0> opinion <extra_id_5> easy <extra_id_1> <extra_id_1>", "entity": [{"type": "aspect", "offset": [10, 11], "text": "flatline keyboard"}, {"type": "opinion", "offset": [14], "text": "quick"}, {"type": "opinion", "offset": [16], "text": "easy"}], "relation": [{"type": "positive", "args": [{"type": "aspect", "offset": [10, 11], "text": "flatline keyboard"}, {"type": "opinion", "offset": [14], "text": "quick"}]}, {"type": "positive", "args": [{"type": "aspect", "offset": [10, 11], "text": "flatline keyboard"}, {"type": "opinion", "offset": [16], "text": "easy"}]}], "event": [], "spot": ["aspect", "opinion"], "asoc": ["positive"], "spot_asoc": [{"span": "flatline keyboard", "label": "aspect", "asoc": [["positive", "quick"], ["positive", "easy"]]}, {"span": "quick", "label": "opinion", "asoc": []}, {"span": "easy", "label": "opinion", "asoc": []}]}
{"text": "The switchable graphic card is pretty sweet when you want gaming on the laptop .", "tokens": ["The", "switchable", "graphic", "card", "is", "pretty", "sweet", "when", "you", "want", "gaming", "on", "the", "laptop", "."], "record": "<extra_id_0> <extra_id_0> aspect <extra_id_5> switchable graphic card <extra_id_0> positive <extra_id_5> sweet <extra_id_1> <extra_id_1> <extra_id_0> opinion <extra_id_5> sweet <extra_id_1> <extra_id_1>", "entity": [{"type": "aspect", "offset": [1, 2, 3], "text": "switchable graphic card"}, {"type": "opinion", "offset": [6], "text": "sweet"}], "relation": [{"type": "positive", "args": [{"type": "aspect", "offset": [1, 2, 3], "text": "switchable graphic card"}, {"type": "opinion", "offset": [6], "text": "sweet"}]}], "event": [], "spot": ["aspect", "opinion"], "asoc": ["positive"], "spot_asoc": [{"span": "switchable graphic card", "label": "aspect", "asoc": [["positive", "sweet"]]}, {"span": "sweet", "label": "opinion", "asoc": []}]}
{"text": "The Mac version of Microsoft Office is cheaper than buying the actual and works just as well .", "tokens": ["The", "Mac", "version", "of", "Microsoft", "Office", "is", "cheaper", "than", "buying", "the", "actual", "and", "works", "just", "as", "well", "."], "record": "<extra_id_0> <extra_id_0> aspect <extra_id_5> Mac version of Microsoft Office <extra_id_0> positive <extra_id_5> cheaper <extra_id_1> <extra_id_0> positive <extra_id_5> as well <extra_id_1> <extra_id_1> <extra_id_0> opinion <extra_id_5> cheaper <extra_id_1> <extra_id_0> opinion <extra_id_5> as well <extra_id_1> <extra_id_1>", "entity": [{"type": "aspect", "offset": [1, 2, 3, 4, 5], "text": "Mac version of Microsoft Office"}, {"type": "opinion", "offset": [7], "text": "cheaper"}, {"type": "opinion", "offset": [15, 16], "text": "as well"}], "relation": [{"type": "positive", "args": [{"type": "aspect", "offset": [1, 2, 3, 4, 5], "text": "Mac version of Microsoft Office"}, {"type": "opinion", "offset": [7], "text": "cheaper"}]}, {"type": "positive", "args": [{"type": "aspect", "offset": [1, 2, 3, 4, 5], "text": "Mac version of Microsoft Office"}, {"type": "opinion", "offset": [15, 16], "text": "as well"}]}], "event": [], "spot": ["aspect", "opinion"], "asoc": ["positive"], "spot_asoc": [{"span": "Mac version of Microsoft Office", "label": "aspect", "asoc": [["positive", "cheaper"], ["positive", "as well"]]}, {"span": "cheaper", "label": "opinion", "asoc": []}, {"span": "as well", "label": "opinion", "asoc": []}]}
{"text": "While most people say that PCs hold functionality and value and Macs are just pretty to look at , I think there 's something to be said about the simplicity of Macs .", "tokens": ["While", "most", "people", "say", "that", "PCs", "hold", "functionality", "and", "value", "and", "Macs", "are", "just", "pretty", "to", "look", "at", ",", "I", "think", "there", "'s", "something", "to", "be", "said", "about", "the", "simplicity", "of", "Macs", "."], "record": "<extra_id_0> <extra_id_0> opinion <extra_id_5> pretty <extra_id_1> <extra_id_0> aspect <extra_id_5> look <extra_id_0> positive <extra_id_5> pretty <extra_id_1> <extra_id_1> <extra_id_1>", "entity": [{"type": "aspect", "offset": [16], "text": "look"}, {"type": "opinion", "offset": [14], "text": "pretty"}], "relation": [{"type": "positive", "args": [{"type": "aspect", "offset": [16], "text": "look"}, {"type": "opinion", "offset": [14], "text": "pretty"}]}], "event": [], "spot": ["aspect", "opinion"], "asoc": ["positive"], "spot_asoc": [{"span": "pretty", "label": "opinion", "asoc": []}, {"span": "look", "label": "aspect", "asoc": [["positive", "pretty"]]}]}
{"text": "Garageband is easy to work with , like all the other apple applications I 've had experience with .", "tokens": ["Garageband", "is", "easy", "to", "work", "with", ",", "like", "all", "the", "other", "apple", "applications", "I", "'ve", "had", "experience", "with", "."], "record": "<extra_id_0> <extra_id_0> aspect <extra_id_5> Garageband <extra_id_0> positive <extra_id_5> easy <extra_id_1> <extra_id_1> <extra_id_0> opinion <extra_id_5> easy <extra_id_1> <extra_id_0> aspect <extra_id_5> apple applications <extra_id_0> positive <extra_id_5> easy <extra_id_1> <extra_id_1> <extra_id_1>", "entity": [{"type": "aspect", "offset": [0], "text": "Garageband"}, {"type": "aspect", "offset": [11, 12], "text": "apple applications"}, {"type": "opinion", "offset": [2], "text": "easy"}], "relation": [{"type": "positive", "args": [{"type": "aspect", "offset": [0], "text": "Garageband"}, {"type": "opinion", "offset": [2], "text": "easy"}]}, {"type": "positive", "args": [{"type": "aspect", "offset": [11, 12], "text": "apple applications"}, {"type": "opinion", "offset": [2], "text": "easy"}]}], "event": [], "spot": ["aspect", "opinion"], "asoc": ["positive"], "spot_asoc": [{"span": "Garageband", "label": "aspect", "asoc": [["positive", "easy"]]}, {"span": "easy", "label": "opinion", "asoc": []}, {"span": "apple applications", "label": "aspect", "asoc": [["positive", "easy"]]}]}
{"text": "It was super easy to set up and Is really easy to get used to .", "tokens": ["It", "was", "super", "easy", "to", "set", "up", "and", "Is", "really", "easy", "to", "get", "used", "to", "."], "record": "<extra_id_0> <extra_id_0> opinion <extra_id_5> easy <extra_id_1> <extra_id_0> aspect <extra_id_5> set up <extra_id_0> positive <extra_id_5> easy <extra_id_1> <extra_id_1> <extra_id_1>", "entity": [{"type": "aspect", "offset": [5, 6], "text": "set up"}, {"type": "opinion", "offset": [3], "text": "easy"}], "relation": [{"type": "positive", "args": [{"type": "aspect", "offset": [5, 6], "text": "set up"}, {"type": "opinion", "offset": [3], "text": "easy"}]}], "event": [], "spot": ["aspect", "opinion"], "asoc": ["positive"], "spot_asoc": [{"span": "easy", "label": "opinion", "asoc": []}, {"span": "set up", "label": "aspect", "asoc": [["positive", "easy"]]}]}
{"text": "The Apple team also assists you very nicely when choosing which computer is right for you : )", "tokens": ["The", "Apple", "team", "also", "assists", "you", "very", "nicely", "when", "choosing", "which", "computer", "is", "right", "for", "you", ":", ")"], "record": "<extra_id_0> <extra_id_0> aspect <extra_id_5> Apple team <extra_id_0> positive <extra_id_5> nicely <extra_id_1> <extra_id_1> <extra_id_0> opinion <extra_id_5> nicely <extra_id_1> <extra_id_1>", "entity": [{"type": "aspect", "offset": [1, 2], "text": "Apple team"}, {"type": "opinion", "offset": [7], "text": "nicely"}], "relation": [{"type": "positive", "args": [{"type": "aspect", "offset": [1, 2], "text": "Apple team"}, {"type": "opinion", "offset": [7], "text": "nicely"}]}], "event": [], "spot": ["aspect", "opinion"], "asoc": ["positive"], "spot_asoc": [{"span": "Apple team", "label": "aspect", "asoc": [["positive", "nicely"]]}, {"span": "nicely", "label": "opinion", "asoc": []}]}
{"text": "Quality Display I was surprised with the performance and quality of this HP Laptop .", "tokens": ["Quality", "Display", "I", "was", "surprised", "with", "the", "performance", "and", "quality", "of", "this", "HP", "Laptop", "."], "record": "<extra_id_0> <extra_id_0> aspect <extra_id_5> Quality Display <extra_id_0> positive <extra_id_5> surprised <extra_id_1> <extra_id_1> <extra_id_0> opinion <extra_id_5> surprised <extra_id_1> <extra_id_0> aspect <extra_id_5> performance <extra_id_0> positive <extra_id_5> surprised <extra_id_1> <extra_id_1> <extra_id_0> aspect <extra_id_5> quality <extra_id_0> positive <extra_id_5> surprised <extra_id_1> <extra_id_1> <extra_id_1>", "entity": [{"type": "aspect", "offset": [0, 1], "text": "Quality Display"}, {"type": "aspect", "offset": [7], "text": "performance"}, {"type": "aspect", "offset": [9], "text": "quality"}, {"type": "opinion", "offset": [4], "text": "surprised"}], "relation": [{"type": "positive", "args": [{"type": "aspect", "offset": [0, 1], "text": "Quality Display"}, {"type": "opinion", "offset": [4], "text": "surprised"}]}, {"type": "positive", "args": [{"type": "aspect", "offset": [7], "text": "performance"}, {"type": "opinion", "offset": [4], "text": "surprised"}]}, {"type": "positive", "args": [{"type": "aspect", "offset": [9], "text": "quality"}, {"type": "opinion", "offset": [4], "text": "surprised"}]}], "event": [], "spot": ["aspect", "opinion"], "asoc": ["positive"], "spot_asoc": [{"span": "Quality Display", "label": "aspect", "asoc": [["positive", "surprised"]]}, {"span": "surprised", "label": "opinion", "asoc": []}, {"span": "performance", "label": "aspect", "asoc": [["positive", "surprised"]]}, {"span": "quality", "label": "aspect", "asoc": [["positive", "surprised"]]}]}
{"text": "Second HDD cover has walls inside that need to be broken if you what to install one .", "tokens": ["Second", "HDD", "cover", "has", "walls", "inside", "that", "need", "to", "be", "broken", "if", "you", "what", "to", "install", "one", "."], "record": "<extra_id_0> <extra_id_0> aspect <extra_id_5> HDD cover <extra_id_0> neutral <extra_id_5> broken <extra_id_1> <extra_id_1> <extra_id_0> opinion <extra_id_5> broken <extra_id_1> <extra_id_1>", "entity": [{"type": "aspect", "offset": [1, 2], "text": "HDD cover"}, {"type": "opinion", "offset": [10], "text": "broken"}], "relation": [{"type": "neutral", "args": [{"type": "aspect", "offset": [1, 2], "text": "HDD cover"}, {"type": "opinion", "offset": [10], "text": "broken"}]}], "event": [], "spot": ["aspect", "opinion"], "asoc": ["neutral"], "spot_asoc": [{"span": "HDD cover", "label": "aspect", "asoc": [["neutral", "broken"]]}, {"span": "broken", "label": "opinion", "asoc": []}]}
{"text": "It is speedy when connected wirelessly to any network regardless if the connection is weak or not .", "tokens": ["It", "is", "speedy", "when", "connected", "wirelessly", "to", "any", "network", "regardless", "if", "the", "connection", "is", "weak", "or", "not", "."], "record": "<extra_id_0> <extra_id_0> opinion <extra_id_5> speedy <extra_id_1> <extra_id_0> aspect <extra_id_5> connection <extra_id_0> neutral <extra_id_5> speedy <extra_id_1> <extra_id_1> <extra_id_1>", "entity": [{"type": "aspect", "offset": [12], "text": "connection"}, {"type": "opinion", "offset": [2], "text": "speedy"}], "relation": [{"type": "neutral", "args": [{"type": "aspect", "offset": [12], "text": "connection"}, {"type": "opinion", "offset": [2], "text": "speedy"}]}], "event": [], "spot": ["aspect", "opinion"], "asoc": ["neutral"], "spot_asoc": [{"span": "speedy", "label": "opinion", "asoc": []}, {"span": "connection", "label": "aspect", "asoc": [["neutral", "speedy"]]}]}
{"text": "no complaints with their desktop , and maybe because it just sits on your desktop , and you do n't carry it around , which could jar the hard drive , or the motherboard .", "tokens": ["no", "complaints", "with", "their", "desktop", ",", "and", "maybe", "because", "it", "just", "sits", "on", "your", "desktop", ",", "and", "you", "do", "n't", "carry", "it", "around", ",", "which", "could", "jar", "the", "hard", "drive", ",", "or", "the", "motherboard", "."], "record": "<extra_id_0> <extra_id_0> opinion <extra_id_5> jar <extra_id_1> <extra_id_0> aspect <extra_id_5> hard drive <extra_id_0> neutral <extra_id_5> jar <extra_id_1> <extra_id_1> <extra_id_0> aspect <extra_id_5> motherboard <extra_id_0> neutral <extra_id_5> jar <extra_id_1> <extra_id_1> <extra_id_1>", "entity": [{"type": "aspect", "offset": [28, 29], "text": "hard drive"}, {"type": "aspect", "offset": [33], "text": "motherboard"}, {"type": "opinion", "offset": [26], "text": "jar"}], "relation": [{"type": "neutral", "args": [{"type": "aspect", "offset": [28, 29], "text": "hard drive"}, {"type": "opinion", "offset": [26], "text": "jar"}]}, {"type": "neutral", "args": [{"type": "aspect", "offset": [33], "text": "motherboard"}, {"type": "opinion", "offset": [26], "text": "jar"}]}], "event": [], "spot": ["aspect", "opinion"], "asoc": ["neutral"], "spot_asoc": [{"span": "jar", "label": "opinion", "asoc": []}, {"span": "hard drive", "label": "aspect", "asoc": [["neutral", "jar"]]}, {"span": "motherboard", "label": "aspect", "asoc": [["neutral", "jar"]]}]}
{"text": "Apparently under the screen there are 2 little screws and when the screen gets moved back and forth , they come loose .", "tokens": ["Apparently", "under", "the", "screen", "there", "are", "2", "little", "screws", "and", "when", "the", "screen", "gets", "moved", "back", "and", "forth", ",", "they", "come", "loose", "."], "record": "<extra_id_0> <extra_id_0> aspect <extra_id_5> screen <extra_id_0> neutral <extra_id_5> loose <extra_id_1> <extra_id_1> <extra_id_0> opinion <extra_id_5> loose <extra_id_1> <extra_id_1>", "entity": [{"type": "aspect", "offset": [3], "text": "screen"}, {"type": "opinion", "offset": [21], "text": "loose"}], "relation": [{"type": "neutral", "args": [{"type": "aspect", "offset": [3], "text": "screen"}, {"type": "opinion", "offset": [21], "text": "loose"}]}], "event": [], "spot": ["aspect", "opinion"], "asoc": ["neutral"], "spot_asoc": [{"span": "screen", "label": "aspect", "asoc": [["neutral", "loose"]]}, {"span": "loose", "label": "opinion", "asoc": []}]}
{"text": "Supplied software : The software that comes with this machine is greatly welcomed compared to what Windows comes with .", "tokens": ["Supplied", "software", ":", "The", "software", "that", "comes", "with", "this", "machine", "is", "greatly", "welcomed", "compared", "to", "what", "Windows", "comes", "with", "."], "record": "<extra_id_0> <extra_id_0> aspect <extra_id_5> Supplied software <extra_id_0> neutral <extra_id_5> greatly welcomed <extra_id_1> <extra_id_1> <extra_id_0> aspect <extra_id_5> software <extra_id_0> positive <extra_id_5> greatly welcomed <extra_id_1> <extra_id_1> <extra_id_0> opinion <extra_id_5> greatly welcomed <extra_id_1> <extra_id_1>", "entity": [{"type": "aspect", "offset": [0, 1], "text": "Supplied software"}, {"type": "aspect", "offset": [4], "text": "software"}, {"type": "opinion", "offset": [11, 12], "text": "greatly welcomed"}], "relation": [{"type": "neutral", "args": [{"type": "aspect", "offset": [0, 1], "text": "Supplied software"}, {"type": "opinion", "offset": [11, 12], "text": "greatly welcomed"}]}, {"type": "positive", "args": [{"type": "aspect", "offset": [4], "text": "software"}, {"type": "opinion", "offset": [11, 12], "text": "greatly welcomed"}]}], "event": [], "spot": ["aspect", "opinion"], "asoc": ["positive", "neutral"], "spot_asoc": [{"span": "Supplied software", "label": "aspect", "asoc": [["neutral", "greatly welcomed"]]}, {"span": "software", "label": "aspect", "asoc": [["positive", "greatly welcomed"]]}, {"span": "greatly welcomed", "label": "opinion", "asoc": []}]}
{"text": "The difference in the Apple keyboard from a PC 's keyboard took a bit of tim to get used to , but overall it 's worth it !", "tokens": ["The", "difference", "in", "the", "Apple", "keyboard", "from", "a", "PC", "'s", "keyboard", "took", "a", "bit", "of", "tim", "to", "get", "used", "to", ",", "but", "overall", "it", "'s", "worth", "it", "!"], "record": "<extra_id_0> <extra_id_0> aspect <extra_id_5> Apple keyboard <extra_id_0> neutral <extra_id_5> worth <extra_id_1> <extra_id_1> <extra_id_0> aspect <extra_id_5> PC 's keyboard <extra_id_0> neutral <extra_id_5> worth <extra_id_1> <extra_id_1> <extra_id_0> opinion <extra_id_5> worth <extra_id_1> <extra_id_1>", "entity": [{"type": "aspect", "offset": [4, 5], "text": "Apple keyboard"}, {"type": "aspect", "offset": [8, 9, 10], "text": "PC 's keyboard"}, {"type": "opinion", "offset": [25], "text": "worth"}], "relation": [{"type": "neutral", "args": [{"type": "aspect", "offset": [4, 5], "text": "Apple keyboard"}, {"type": "opinion", "offset": [25], "text": "worth"}]}, {"type": "neutral", "args": [{"type": "aspect", "offset": [8, 9, 10], "text": "PC 's keyboard"}, {"type": "opinion", "offset": [25], "text": "worth"}]}], "event": [], "spot": ["aspect", "opinion"], "asoc": ["neutral"], "spot_asoc": [{"span": "Apple keyboard", "label": "aspect", "asoc": [["neutral", "worth"]]}, {"span": "PC 's keyboard", "label": "aspect", "asoc": [["neutral", "worth"]]}, {"span": "worth", "label": "opinion", "asoc": []}]}
{"text": "One night I turned the freaking thing off after using it , the next day I turn it on , no GUI , screen all dark , power light steady , hard drive light steady and not flashing as it usually does .", "tokens": ["One", "night", "I", "turned", "the", "freaking", "thing", "off", "after", "using", "it", ",", "the", "next", "day", "I", "turn", "it", "on", ",", "no", "GUI", ",", "screen", "all", "dark", ",", "power", "light", "steady", ",", "hard", "drive", "light", "steady", "and", "not", "flashing", "as", "it", "usually", "does", "."], "record": "<extra_id_0> <extra_id_0> opinion <extra_id_5> no <extra_id_1> <extra_id_0> aspect <extra_id_5> GUI <extra_id_0> negative <extra_id_5> no <extra_id_1> <extra_id_1> <extra_id_0> aspect <extra_id_5> screen <extra_id_0> negative <extra_id_5> dark <extra_id_1> <extra_id_1> <extra_id_0> opinion <extra_id_5> dark <extra_id_1> <extra_id_0> aspect <extra_id_5> power light <extra_id_0> neutral <extra_id_5> steady <extra_id_1> <extra_id_1> <extra_id_0> opinion <extra_id_5> steady <extra_id_1> <extra_id_0> aspect <extra_id_5> hard drive light <extra_id_0> negative <extra_id_5> steady <extra_id_1> <extra_id_1> <extra_id_0> opinion <extra_id_5> steady <extra_id_1> <extra_id_1>", "entity": [{"type": "aspect", "offset": [21], "text": "GUI"}, {"type": "aspect", "offset": [23], "text": "screen"}, {"type": "aspect", "offset": [27, 28], "text": "power light"}, {"type": "aspect", "offset": [31, 32, 33], "text": "hard drive light"}, {"type": "opinion", "offset": [20], "text": "no"}, {"type": "opinion", "offset": [25], "text": "dark"}, {"type": "opinion", "offset": [29], "text": "steady"}, {"type": "opinion", "offset": [34], "text": "steady"}], "relation": [{"type": "negative", "args": [{"type": "aspect", "offset": [21], "text": "GUI"}, {"type": "opinion", "offset": [20], "text": "no"}]}, {"type": "negative", "args": [{"type": "aspect", "offset": [23], "text": "screen"}, {"type": "opinion", "offset": [25], "text": "dark"}]}, {"type": "neutral", "args": [{"type": "aspect", "offset": [27, 28], "text": "power light"}, {"type": "opinion", "offset": [29], "text": "steady"}]}, {"type": "negative", "args": [{"type": "aspect", "offset": [31, 32, 33], "text": "hard drive light"}, {"type": "opinion", "offset": [34], "text": "steady"}]}], "event": [], "spot": ["aspect", "opinion"], "asoc": ["neutral", "negative"], "spot_asoc": [{"span": "no", "label": "opinion", "asoc": []}, {"span": "GUI", "label": "aspect", "asoc": [["negative", "no"]]}, {"span": "screen", "label": "aspect", "asoc": [["negative", "dark"]]}, {"span": "dark", "label": "opinion", "asoc": []}, {"span": "power light", "label": "aspect", "asoc": [["neutral", "steady"]]}, {"span": "steady", "label": "opinion", "asoc": []}, {"span": "hard drive light", "label": "aspect", "asoc": [["negative", "steady"]]}, {"span": "steady", "label": "opinion", "asoc": []}]}
{"text": "The reflectiveness of the display is only a minor inconvenience if you work in a controlled-lighting environment like me ( I prefer it dark ) or if you can crank up the brightness .", "tokens": ["The", "reflectiveness", "of", "the", "display", "is", "only", "a", "minor", "inconvenience", "if", "you", "work", "in", "a", "controlled-lighting", "environment", "like", "me", "(", "I", "prefer", "it", "dark", ")", "or", "if", "you", "can", "crank", "up", "the", "brightness", "."], "record": "<extra_id_0> <extra_id_0> aspect <extra_id_5> display <extra_id_0> negative <extra_id_5> minor inconvenience <extra_id_1> <extra_id_1> <extra_id_0> opinion <extra_id_5> minor inconvenience <extra_id_1> <extra_id_0> opinion <extra_id_5> crank up <extra_id_1> <extra_id_0> aspect <extra_id_5> brightness <extra_id_0> neutral <extra_id_5> crank up <extra_id_1> <extra_id_1> <extra_id_1>", "entity": [{"type": "aspect", "offset": [4], "text": "display"}, {"type": "aspect", "offset": [32], "text": "brightness"}, {"type": "opinion", "offset": [8, 9], "text": "minor inconvenience"}, {"type": "opinion", "offset": [29, 30], "text": "crank up"}], "relation": [{"type": "negative", "args": [{"type": "aspect", "offset": [4], "text": "display"}, {"type": "opinion", "offset": [8, 9], "text": "minor inconvenience"}]}, {"type": "neutral", "args": [{"type": "aspect", "offset": [32], "text": "brightness"}, {"type": "opinion", "offset": [29, 30], "text": "crank up"}]}], "event": [], "spot": ["aspect", "opinion"], "asoc": ["neutral", "negative"], "spot_asoc": [{"span": "display", "label": "aspect", "asoc": [["negative", "minor inconvenience"]]}, {"span": "minor inconvenience", "label": "opinion", "asoc": []}, {"span": "crank up", "label": "opinion", "asoc": []}, {"span": "brightness", "label": "aspect", "asoc": [["neutral", "crank up"]]}]}
{"text": "When it come time for warranty service to Toshiba you do n't matter .", "tokens": ["When", "it", "come", "time", "for", "warranty", "service", "to", "Toshiba", "you", "do", "n't", "matter", "."], "record": "<extra_id_0> <extra_id_0> aspect <extra_id_5> warranty service to Toshiba <extra_id_0> neutral <extra_id_5> do n't matter <extra_id_1> <extra_id_1> <extra_id_0> opinion <extra_id_5> do n't matter <extra_id_1> <extra_id_1>", "entity": [{"type": "aspect", "offset": [5, 6, 7, 8], "text": "warranty service to Toshiba"}, {"type": "opinion", "offset": [10, 11, 12], "text": "do n't matter"}], "relation": [{"type": "neutral", "args": [{"type": "aspect", "offset": [5, 6, 7, 8], "text": "warranty service to Toshiba"}, {"type": "opinion", "offset": [10, 11, 12], "text": "do n't matter"}]}], "event": [], "spot": ["aspect", "opinion"], "asoc": ["neutral"], "spot_asoc": [{"span": "warranty service to Toshiba", "label": "aspect", "asoc": [["neutral", "do n't matter"]]}, {"span": "do n't matter", "label": "opinion", "asoc": []}]}
{"text": "I noticed windows has a new system called Windows 7 , what about us Vista users ? They should get all the bugs out of Vista before investing in a new system .", "tokens": ["I", "noticed", "windows", "has", "a", "new", "system", "called", "Windows", "7", ",", "what", "about", "us", "Vista", "users", "?", "They", "should", "get", "all", "the", "bugs", "out", "of", "Vista", "before", "investing", "in", "a", "new", "system", "."], "record": "<extra_id_0> <extra_id_0> opinion <extra_id_5> new <extra_id_1> <extra_id_0> aspect <extra_id_5> Windows 7 <extra_id_0> neutral <extra_id_5> new <extra_id_1> <extra_id_1> <extra_id_1>", "entity": [{"type": "aspect", "offset": [8, 9], "text": "Windows 7"}, {"type": "opinion", "offset": [5], "text": "new"}], "relation": [{"type": "neutral", "args": [{"type": "aspect", "offset": [8, 9], "text": "Windows 7"}, {"type": "opinion", "offset": [5], "text": "new"}]}], "event": [], "spot": ["aspect", "opinion"], "asoc": ["neutral"], "spot_asoc": [{"span": "new", "label": "opinion", "asoc": []}, {"span": "Windows 7", "label": "aspect", "asoc": [["neutral", "new"]]}]}
{"text": "Even though it is running Snow Leopard , 2.4 GHz C2D is a bit of an antiquated CPU and thus the occasional spinning wheel would appear when running Office Mac applications such as Word or Excel .", "tokens": ["Even", "though", "it", "is", "running", "Snow", "Leopard", ",", "2.4", "GHz", "C2D", "is", "a", "bit", "of", "an", "antiquated", "CPU", "and", "thus", "the", "occasional", "spinning", "wheel", "would", "appear", "when", "running", "Office", "Mac", "applications", "such", "as", "Word", "or", "Excel", "."], "record": "<extra_id_0> <extra_id_0> opinion <extra_id_5> antiquated <extra_id_1> <extra_id_0> aspect <extra_id_5> CPU <extra_id_0> negative <extra_id_5> antiquated <extra_id_1> <extra_id_1> <extra_id_0> opinion <extra_id_5> occasional <extra_id_1> <extra_id_0> aspect <extra_id_5> spinning wheel <extra_id_0> negative <extra_id_5> occasional <extra_id_1> <extra_id_1> <extra_id_1>", "entity": [{"type": "aspect", "offset": [17], "text": "CPU"}, {"type": "aspect", "offset": [22, 23], "text": "spinning wheel"}, {"type": "opinion", "offset": [16], "text": "antiquated"}, {"type": "opinion", "offset": [21], "text": "occasional"}], "relation": [{"type": "negative", "args": [{"type": "aspect", "offset": [17], "text": "CPU"}, {"type": "opinion", "offset": [16], "text": "antiquated"}]}, {"type": "negative", "args": [{"type": "aspect", "offset": [22, 23], "text": "spinning wheel"}, {"type": "opinion", "offset": [21], "text": "occasional"}]}], "event": [], "spot": ["aspect", "opinion"], "asoc": ["negative"], "spot_asoc": [{"span": "antiquated", "label": "opinion", "asoc": []}, {"span": "CPU", "label": "aspect", "asoc": [["negative", "antiquated"]]}, {"span": "occasional", "label": "opinion", "asoc": []}, {"span": "spinning wheel", "label": "aspect", "asoc": [["negative", "occasional"]]}]}
{"text": "Speaking of the browser , it too has problems .", "tokens": ["Speaking", "of", "the", "browser", ",", "it", "too", "has", "problems", "."], "record": "<extra_id_0> <extra_id_0> aspect <extra_id_5> browser <extra_id_0> negative <extra_id_5> problems <extra_id_1> <extra_id_1> <extra_id_0> opinion <extra_id_5> problems <extra_id_1> <extra_id_1>", "entity": [{"type": "aspect", "offset": [3], "text": "browser"}, {"type": "opinion", "offset": [8], "text": "problems"}], "relation": [{"type": "negative", "args": [{"type": "aspect", "offset": [3], "text": "browser"}, {"type": "opinion", "offset": [8], "text": "problems"}]}], "event": [], "spot": ["aspect", "opinion"], "asoc": ["negative"], "spot_asoc": [{"span": "browser", "label": "aspect", "asoc": [["negative", "problems"]]}, {"span": "problems", "label": "opinion", "asoc": []}]}
{"text": "\" This is n't a big deal , I have n't noticed the issue with DVDs or other media , only through USB output .", "tokens": ["\"", "This", "is", "n't", "a", "big", "deal", ",", "I", "have", "n't", "noticed", "the", "issue", "with", "DVDs", "or", "other", "media", ",", "only", "through", "USB", "output", "."], "record": "<extra_id_0> <extra_id_0> opinion <extra_id_5> issue <extra_id_1> <extra_id_0> aspect <extra_id_5> USB output <extra_id_0> negative <extra_id_5> issue <extra_id_1> <extra_id_1> <extra_id_1>", "entity": [{"type": "aspect", "offset": [22, 23], "text": "USB output"}, {"type": "opinion", "offset": [13], "text": "issue"}], "relation": [{"type": "negative", "args": [{"type": "aspect", "offset": [22, 23], "text": "USB output"}, {"type": "opinion", "offset": [13], "text": "issue"}]}], "event": [], "spot": ["aspect", "opinion"], "asoc": ["negative"], "spot_asoc": [{"span": "issue", "label": "opinion", "asoc": []}, {"span": "USB output", "label": "aspect", "asoc": [["negative", "issue"]]}]}
{"text": "I could save ten essay papers and have hardly any memory left .", "tokens": ["I", "could", "save", "ten", "essay", "papers", "and", "have", "hardly", "any", "memory", "left", "."], "record": "<extra_id_0> <extra_id_0> opinion <extra_id_5> hardly <extra_id_1> <extra_id_0> aspect <extra_id_5> memory <extra_id_0> negative <extra_id_5> hardly <extra_id_1> <extra_id_1> <extra_id_1>", "entity": [{"type": "aspect", "offset": [10], "text": "memory"}, {"type": "opinion", "offset": [8], "text": "hardly"}], "relation": [{"type": "negative", "args": [{"type": "aspect", "offset": [10], "text": "memory"}, {"type": "opinion", "offset": [8], "text": "hardly"}]}], "event": [], "spot": ["aspect", "opinion"], "asoc": ["negative"], "spot_asoc": [{"span": "hardly", "label": "opinion", "asoc": []}, {"span": "memory", "label": "aspect", "asoc": [["negative", "hardly"]]}]}
{"text": "Yeah , of course smarty pants \" fix it now \" ) Software - Compared to the early 2011 edition I did see inbuilt applications crashing and it prompted me to send the report to Apple ( which I promptly did ) .", "tokens": ["Yeah", ",", "of", "course", "smarty", "pants", "\"", "fix", "it", "now", "\"", ")", "Software", "-", "Compared", "to", "the", "early", "2011", "edition", "I", "did", "see", "inbuilt", "applications", "crashing", "and", "it", "prompted", "me", "to", "send", "the", "report", "to", "Apple", "(", "which", "I", "promptly", "did", ")", "."], "record": "<extra_id_0> <extra_id_0> opinion <extra_id_5> smarty <extra_id_1> <extra_id_0> aspect <extra_id_5> Software <extra_id_0> negative <extra_id_5> smarty <extra_id_1> <extra_id_1> <extra_id_0> aspect <extra_id_5> inbuilt applications <extra_id_0> negative <extra_id_5> crashing <extra_id_1> <extra_id_1> <extra_id_0> opinion <extra_id_5> crashing <extra_id_1> <extra_id_1>", "entity": [{"type": "aspect", "offset": [23, 24], "text": "inbuilt applications"}, {"type": "aspect", "offset": [12], "text": "Software"}, {"type": "opinion", "offset": [25], "text": "crashing"}, {"type": "opinion", "offset": [4], "text": "smarty"}], "relation": [{"type": "negative", "args": [{"type": "aspect", "offset": [23, 24], "text": "inbuilt applications"}, {"type": "opinion", "offset": [25], "text": "crashing"}]}, {"type": "negative", "args": [{"type": "aspect", "offset": [12], "text": "Software"}, {"type": "opinion", "offset": [4], "text": "smarty"}]}], "event": [], "spot": ["aspect", "opinion"], "asoc": ["negative"], "spot_asoc": [{"span": "smarty", "label": "opinion", "asoc": []}, {"span": "Software", "label": "aspect", "asoc": [["negative", "smarty"]]}, {"span": "inbuilt applications", "label": "aspect", "asoc": [["negative", "crashing"]]}, {"span": "crashing", "label": "opinion", "asoc": []}]}
{"text": "Not even safe mode boots .", "tokens": ["Not", "even", "safe", "mode", "boots", "."], "record": "<extra_id_0> <extra_id_0> opinion <extra_id_5> Not <extra_id_1> <extra_id_0> aspect <extra_id_5> safe mode <extra_id_0> negative <extra_id_5> Not <extra_id_1> <extra_id_1> <extra_id_1>", "entity": [{"type": "aspect", "offset": [2, 3], "text": "safe mode"}, {"type": "opinion", "offset": [0], "text": "Not"}], "relation": [{"type": "negative", "args": [{"type": "aspect", "offset": [2, 3], "text": "safe mode"}, {"type": "opinion", "offset": [0], "text": "Not"}]}], "event": [], "spot": ["aspect", "opinion"], "asoc": ["negative"], "spot_asoc": [{"span": "Not", "label": "opinion", "asoc": []}, {"span": "safe mode", "label": "aspect", "asoc": [["negative", "Not"]]}]}
{"text": "At first it worked well for a month or so then the system board failed and I send it in to toshiba some complaints and three weeks later I then receive my laptop back only to discover that it still has the same problem so now I have to send it back again to get it fixed again .", "tokens": ["At", "first", "it", "worked", "well", "for", "a", "month", "or", "so", "then", "the", "system", "board", "failed", "and", "I", "send", "it", "in", "to", "toshiba", "some", "complaints", "and", "three", "weeks", "later", "I", "then", "receive", "my", "laptop", "back", "only", "to", "discover", "that", "it", "still", "has", "the", "same", "problem", "so", "now", "I", "have", "to", "send", "it", "back", "again", "to", "get", "it", "fixed", "again", "."], "record": "<extra_id_0> <extra_id_0> aspect <extra_id_5> system board <extra_id_0> negative <extra_id_5> failed <extra_id_1> <extra_id_1> <extra_id_0> opinion <extra_id_5> failed <extra_id_1> <extra_id_1>", "entity": [{"type": "aspect", "offset": [12, 13], "text": "system board"}, {"type": "opinion", "offset": [14], "text": "failed"}], "relation": [{"type": "negative", "args": [{"type": "aspect", "offset": [12, 13], "text": "system board"}, {"type": "opinion", "offset": [14], "text": "failed"}]}], "event": [], "spot": ["aspect", "opinion"], "asoc": ["negative"], "spot_asoc": [{"span": "system board", "label": "aspect", "asoc": [["negative", "failed"]]}, {"span": "failed", "label": "opinion", "asoc": []}]}
{"text": "The only thing that I do n't like about my mac is that sometimes there are programs that I want to be able to run and I am not able to .", "tokens": ["The", "only", "thing", "that", "I", "do", "n't", "like", "about", "my", "mac", "is", "that", "sometimes", "there", "are", "programs", "that", "I", "want", "to", "be", "able", "to", "run", "and", "I", "am", "not", "able", "to", "."], "record": "<extra_id_0> <extra_id_0> opinion <extra_id_5> do n't like <extra_id_1> <extra_id_0> aspect <extra_id_5> programs <extra_id_0> negative <extra_id_5> do n't like <extra_id_1> <extra_id_0> negative <extra_id_5> not able <extra_id_1> <extra_id_1> <extra_id_0> opinion <extra_id_5> not able <extra_id_1> <extra_id_1>", "entity": [{"type": "aspect", "offset": [16], "text": "programs"}, {"type": "opinion", "offset": [5, 6, 7], "text": "do n't like"}, {"type": "opinion", "offset": [28, 29], "text": "not able"}], "relation": [{"type": "negative", "args": [{"type": "aspect", "offset": [16], "text": "programs"}, {"type": "opinion", "offset": [5, 6, 7], "text": "do n't like"}]}, {"type": "negative", "args": [{"type": "aspect", "offset": [16], "text": "programs"}, {"type": "opinion", "offset": [28, 29], "text": "not able"}]}], "event": [], "spot": ["aspect", "opinion"], "asoc": ["negative"], "spot_asoc": [{"span": "do n't like", "label": "opinion", "asoc": []}, {"span": "programs", "label": "aspect", "asoc": [["negative", "do n't like"], ["negative", "not able"]]}, {"span": "not able", "label": "opinion", "asoc": []}]}
{"text": "Returned laptop for a 3rd repair and it came back with previous problems fixed ( except for speaker grill ) but the unit started locking up during use and eventually would not operate at all .", "tokens": ["Returned", "laptop", "for", "a", "3rd", "repair", "and", "it", "came", "back", "with", "previous", "problems", "fixed", "(", "except", "for", "speaker", "grill", ")", "but", "the", "unit", "started", "locking", "up", "during", "use", "and", "eventually", "would", "not", "operate", "at", "all", "."], "record": "<extra_id_0> <extra_id_0> opinion <extra_id_5> problems <extra_id_1> <extra_id_0> aspect <extra_id_5> speaker grill <extra_id_0> negative <extra_id_5> problems <extra_id_1> <extra_id_1> <extra_id_1>", "entity": [{"type": "aspect", "offset": [17, 18], "text": "speaker grill"}, {"type": "opinion", "offset": [12], "text": "problems"}], "relation": [{"type": "negative", "args": [{"type": "aspect", "offset": [17, 18], "text": "speaker grill"}, {"type": "opinion", "offset": [12], "text": "problems"}]}], "event": [], "spot": ["aspect", "opinion"], "asoc": ["negative"], "spot_asoc": [{"span": "problems", "label": "opinion", "asoc": []}, {"span": "speaker grill", "label": "aspect", "asoc": [["negative", "problems"]]}]}
{"text": "I also did not like the loud noises it made or how the bottom of the computer would get really hot .", "tokens": ["I", "also", "did", "not", "like", "the", "loud", "noises", "it", "made", "or", "how", "the", "bottom", "of", "the", "computer", "would", "get", "really", "hot", "."], "record": "<extra_id_0> <extra_id_0> opinion <extra_id_5> not like <extra_id_1> <extra_id_0> opinion <extra_id_5> loud <extra_id_1> <extra_id_0> aspect <extra_id_5> noises <extra_id_0> negative <extra_id_5> not like <extra_id_1> <extra_id_0> negative <extra_id_5> loud <extra_id_1> <extra_id_1> <extra_id_0> aspect <extra_id_5> bottom of the computer <extra_id_0> negative <extra_id_5> hot <extra_id_1> <extra_id_1> <extra_id_0> opinion <extra_id_5> hot <extra_id_1> <extra_id_1>", "entity": [{"type": "aspect", "offset": [7], "text": "noises"}, {"type": "aspect", "offset": [13, 14, 15, 16], "text": "bottom of the computer"}, {"type": "opinion", "offset": [3, 4], "text": "not like"}, {"type": "opinion", "offset": [6], "text": "loud"}, {"type": "opinion", "offset": [20], "text": "hot"}], "relation": [{"type": "negative", "args": [{"type": "aspect", "offset": [7], "text": "noises"}, {"type": "opinion", "offset": [3, 4], "text": "not like"}]}, {"type": "negative", "args": [{"type": "aspect", "offset": [7], "text": "noises"}, {"type": "opinion", "offset": [6], "text": "loud"}]}, {"type": "negative", "args": [{"type": "aspect", "offset": [13, 14, 15, 16], "text": "bottom of the computer"}, {"type": "opinion", "offset": [20], "text": "hot"}]}], "event": [], "spot": ["aspect", "opinion"], "asoc": ["negative"], "spot_asoc": [{"span": "not like", "label": "opinion", "asoc": []}, {"span": "loud", "label": "opinion", "asoc": []}, {"span": "noises", "label": "aspect", "asoc": [["negative", "not like"], ["negative", "loud"]]}, {"span": "bottom of the computer", "label": "aspect", "asoc": [["negative", "hot"]]}, {"span": "hot", "label": "opinion", "asoc": []}]}
