{"text": "The food was terrific and the service classy , attentive , without being overbearing .", "tokens": ["The", "food", "was", "terrific", "and", "the", "service", "classy", ",", "attentive", ",", "without", "being", "overbearing", "."], "record": "<extra_id_0> <extra_id_0> aspect <extra_id_5> food <extra_id_0> positive <extra_id_5> terrific <extra_id_1> <extra_id_1> <extra_id_0> opinion <extra_id_5> terrific <extra_id_1> <extra_id_0> aspect <extra_id_5> service <extra_id_0> positive <extra_id_5> classy <extra_id_1> <extra_id_0> positive <extra_id_5> attentive <extra_id_1> <extra_id_0> positive <extra_id_5> without being overbearing <extra_id_1> <extra_id_1> <extra_id_0> opinion <extra_id_5> classy <extra_id_1> <extra_id_0> opinion <extra_id_5> attentive <extra_id_1> <extra_id_0> opinion <extra_id_5> without being overbearing <extra_id_1> <extra_id_1>", "entity": [{"type": "aspect", "offset": [1], "text": "food"}, {"type": "aspect", "offset": [6], "text": "service"}, {"type": "opinion", "offset": [3], "text": "terrific"}, {"type": "opinion", "offset": [7], "text": "classy"}, {"type": "opinion", "offset": [9], "text": "attentive"}, {"type": "opinion", "offset": [11, 12, 13], "text": "without being overbearing"}], "relation": [{"type": "positive", "args": [{"type": "aspect", "offset": [1], "text": "food"}, {"type": "opinion", "offset": [3], "text": "terrific"}]}, {"type": "positive", "args": [{"type": "aspect", "offset": [6], "text": "service"}, {"type": "opinion", "offset": [7], "text": "classy"}]}, {"type": "positive", "args": [{"type": "aspect", "offset": [6], "text": "service"}, {"type": "opinion", "offset": [9], "text": "attentive"}]}, {"type": "positive", "args": [{"type": "aspect", "offset": [6], "text": "service"}, {"type": "opinion", "offset": [11, 12, 13], "text": "without being overbearing"}]}], "event": [], "spot": ["aspect", "opinion"], "asoc": ["positive"], "spot_asoc": [{"span": "food", "label": "aspect", "asoc": [["positive", "terrific"]]}, {"span": "terrific", "label": "opinion", "asoc": []}, {"span": "service", "label": "aspect", "asoc": [["positive", "classy"], ["positive", "attentive"], ["positive", "without being overbearing"]]}, {"span": "classy", "label": "opinion", "asoc": []}, {"span": "attentive", "label": "opinion", "asoc": []}, {"span": "without being overbearing", "label": "opinion", "asoc": []}]}
{"text": "We went to eat at the Jekyll and Hyde restaurant on Friday night and really enjoyed the fun atmosphere and good food .", "tokens": ["We", "went", "to", "eat", "at", "the", "Jekyll", "and", "Hyde", "restaurant", "on", "Friday", "night", "and", "really", "enjoyed", "the", "fun", "atmosphere", "and", "good", "food", "."], "record": "<extra_id_0> <extra_id_0> opinion <extra_id_5> enjoyed <extra_id_1> <extra_id_0> opinion <extra_id_5> fun <extra_id_1> <extra_id_0> aspect <extra_id_5> atmosphere <extra_id_0> positive <extra_id_5> enjoyed <extra_id_1> <extra_id_0> positive <extra_id_5> fun <extra_id_1> <extra_id_1> <extra_id_0> opinion <extra_id_5> good <extra_id_1> <extra_id_0> aspect <extra_id_5> food <extra_id_0> positive <extra_id_5> enjoyed <extra_id_1> <extra_id_0> positive <extra_id_5> good <extra_id_1> <extra_id_1> <extra_id_1>", "entity": [{"type": "aspect", "offset": [18], "text": "atmosphere"}, {"type": "aspect", "offset": [21], "text": "food"}, {"type": "opinion", "offset": [15], "text": "enjoyed"}, {"type": "opinion", "offset": [17], "text": "fun"}, {"type": "opinion", "offset": [20], "text": "good"}], "relation": [{"type": "positive", "args": [{"type": "aspect", "offset": [18], "text": "atmosphere"}, {"type": "opinion", "offset": [15], "text": "enjoyed"}]}, {"type": "positive", "args": [{"type": "aspect", "offset": [18], "text": "atmosphere"}, {"type": "opinion", "offset": [17], "text": "fun"}]}, {"type": "positive", "args": [{"type": "aspect", "offset": [21], "text": "food"}, {"type": "opinion", "offset": [15], "text": "enjoyed"}]}, {"type": "positive", "args": [{"type": "aspect", "offset": [21], "text": "food"}, {"type": "opinion", "offset": [20], "text": "good"}]}], "event": [], "spot": ["aspect", "opinion"], "asoc": ["positive"], "spot_asoc": [{"span": "enjoyed", "label": "opinion", "asoc": []}, {"span": "fun", "label": "opinion", "asoc": []}, {"span": "atmosphere", "label": "aspect", "asoc": [["positive", "enjoyed"], ["positive", "fun"]]}, {"span": "good", "label": "opinion", "asoc": []}, {"span": "food", "label": "aspect", "asoc": [["positive", "enjoyed"], ["positive", "good"]]}]}
{"text": "I liked the food at this quasi-thai restaurant .", "tokens": ["I", "liked", "the", "food", "at", "this", "quasi-thai", "restaurant", "."], "record": "<extra_id_0> <extra_id_0> opinion <extra_id_5> liked <extra_id_1> <extra_id_0> aspect <extra_id_5> food <extra_id_0> positive <extra_id_5> liked <extra_id_1> <extra_id_1> <extra_id_1>", "entity": [{"type": "aspect", "offset": [3], "text": "food"}, {"type": "opinion", "offset": [1], "text": "liked"}], "relation": [{"type": "positive", "args": [{"type": "aspect", "offset": [3], "text": "food"}, {"type": "opinion", "offset": [1], "text": "liked"}]}], "event": [], "spot": ["aspect", "opinion"], "asoc": ["positive"], "spot_asoc": [{"span": "liked", "label": "opinion", "asoc": []}, {"span": "food", "label": "aspect", "asoc": [["positive", "liked"]]}]}
{"text": "Their whitefish salad is excellent -- all whitefish with a little mayo .", "tokens": ["Their", "whitefish", "salad", "is", "excellent", "--", "all", "whitefish", "with", "a", "little", "mayo", "."], "record": "<extra_id_0> <extra_id_0> aspect <extra_id_5> whitefish salad <extra_id_0> positive <extra_id_5> excellent <extra_id_1> <extra_id_1> <extra_id_0> opinion <extra_id_5> excellent <extra_id_1> <extra_id_0> opinion <extra_id_5> all <extra_id_1> <extra_id_0> aspect <extra_id_5> whitefish <extra_id_0> positive <extra_id_5> all <extra_id_1> <extra_id_1> <extra_id_0> opinion <extra_id_5> little <extra_id_1> <extra_id_0> aspect <extra_id_5> mayo <extra_id_0> positive <extra_id_5> little <extra_id_1> <extra_id_1> <extra_id_1>", "entity": [{"type": "aspect", "offset": [1, 2], "text": "whitefish salad"}, {"type": "aspect", "offset": [7], "text": "whitefish"}, {"type": "aspect", "offset": [11], "text": "mayo"}, {"type": "opinion", "offset": [4], "text": "excellent"}, {"type": "opinion", "offset": [6], "text": "all"}, {"type": "opinion", "offset": [10], "text": "little"}], "relation": [{"type": "positive", "args": [{"type": "aspect", "offset": [1, 2], "text": "whitefish salad"}, {"type": "opinion", "offset": [4], "text": "excellent"}]}, {"type": "positive", "args": [{"type": "aspect", "offset": [7], "text": "whitefish"}, {"type": "opinion", "offset": [6], "text": "all"}]}, {"type": "positive", "args": [{"type": "aspect", "offset": [11], "text": "mayo"}, {"type": "opinion", "offset": [10], "text": "little"}]}], "event": [], "spot": ["aspect", "opinion"], "asoc": ["positive"], "spot_asoc": [{"span": "whitefish salad", "label": "aspect", "asoc": [["positive", "excellent"]]}, {"span": "excellent", "label": "opinion", "asoc": []}, {"span": "all", "label": "opinion", "asoc": []}, {"span": "whitefish", "label": "aspect", "asoc": [["positive", "all"]]}, {"span": "little", "label": "opinion", "asoc": []}, {"span": "mayo", "label": "aspect", "asoc": [["positive", "little"]]}]}
{"text": "His wife Tanya , the hostess , completes the comforting atmosphere by being delightfully warm and gracious .", "tokens": ["His", "wife", "Tanya", ",", "the", "hostess", ",", "completes", "the", "comforting", "atmosphere", "by", "being", "delightfully", "warm", "and", "gracious", "."], "record": "<extra_id_0> <extra_id_0> aspect <extra_id_5> hostess <extra_id_0> positive <extra_id_5> delightfully warm <extra_id_1> <extra_id_0> positive <extra_id_5> gracious <extra_id_1> <extra_id_1> <extra_id_0> opinion <extra_id_5> comforting <extra_id_1> <extra_id_0> aspect <extra_id_5> atmosphere <extra_id_0> positive <extra_id_5> comforting <extra_id_1> <extra_id_1> <extra_id_0> opinion <extra_id_5> delightfully warm <extra_id_1> <extra_id_0> opinion <extra_id_5> gracious <extra_id_1> <extra_id_1>", "entity": [{"type": "aspect", "offset": [5], "text": "hostess"}, {"type": "aspect", "offset": [10], "text": "atmosphere"}, {"type": "opinion", "offset": [13, 14], "text": "delightfully warm"}, {"type": "opinion", "offset": [16], "text": "gracious"}, {"type": "opinion", "offset": [9], "text": "comforting"}], "relation": [{"type": "positive", "args": [{"type": "aspect", "offset": [5], "text": "hostess"}, {"type": "opinion", "offset": [13, 14], "text": "delightfully warm"}]}, {"type": "positive", "args": [{"type": "aspect", "offset": [5], "text": "hostess"}, {"type": "opinion", "offset": [16], "text": "gracious"}]}, {"type": "positive", "args": [{"type": "aspect", "offset": [10], "text": "atmosphere"}, {"type": "opinion", "offset": [9], "text": "comforting"}]}], "event": [], "spot": ["aspect", "opinion"], "asoc": ["positive"], "spot_asoc": [{"span": "hostess", "label": "aspect", "asoc": [["positive", "delightfully warm"], ["positive", "gracious"]]}, {"span": "comforting", "label": "opinion", "asoc": []}, {"span": "atmosphere", "label": "aspect", "asoc": [["positive", "comforting"]]}, {"span": "delightfully warm", "label": "opinion", "asoc": []}, {"span": "gracious", "label": "opinion", "asoc": []}]}
{"text": "The only friendly staff member was the guy at the bar .", "tokens": ["The", "only", "friendly", "staff", "member", "was", "the", "guy", "at", "the", "bar", "."], "record": "<extra_id_0> <extra_id_0> opinion <extra_id_5> friendly <extra_id_1> <extra_id_0> aspect <extra_id_5> staff member <extra_id_0> positive <extra_id_5> friendly <extra_id_1> <extra_id_1> <extra_id_1>", "entity": [{"type": "aspect", "offset": [3, 4], "text": "staff member"}, {"type": "opinion", "offset": [2], "text": "friendly"}], "relation": [{"type": "positive", "args": [{"type": "aspect", "offset": [3, 4], "text": "staff member"}, {"type": "opinion", "offset": [2], "text": "friendly"}]}], "event": [], "spot": ["aspect", "opinion"], "asoc": ["positive"], "spot_asoc": [{"span": "friendly", "label": "opinion", "asoc": []}, {"span": "staff member", "label": "aspect", "asoc": [["positive", "friendly"]]}]}
{"text": "The atmosphere is great ! ! !", "tokens": ["The", "atmosphere", "is", "great", "!", "!", "!"], "record": "<extra_id_0> <extra_id_0> aspect <extra_id_5> atmosphere <extra_id_0> positive <extra_id_5> great <extra_id_1> <extra_id_1> <extra_id_0> opinion <extra_id_5> great <extra_id_1> <extra_id_1>", "entity": [{"type": "aspect", "offset": [1], "text": "atmosphere"}, {"type": "opinion", "offset": [3], "text": "great"}], "relation": [{"type": "positive", "args": [{"type": "aspect", "offset": [1], "text": "atmosphere"}, {"type": "opinion", "offset": [3], "text": "great"}]}], "event": [], "spot": ["aspect", "opinion"], "asoc": ["positive"], "spot_asoc": [{"span": "atmosphere", "label": "aspect", "asoc": [["positive", "great"]]}, {"span": "great", "label": "opinion", "asoc": []}]}
{"text": "The service is a little scatty at times but all is forgiven when the food arrives .", "tokens": ["The", "service", "is", "a", "little", "scatty", "at", "times", "but", "all", "is", "forgiven", "when", "the", "food", "arrives", "."], "record": "<extra_id_0> <extra_id_0> aspect <extra_id_5> service <extra_id_0> negative <extra_id_5> scatty <extra_id_1> <extra_id_1> <extra_id_0> opinion <extra_id_5> scatty <extra_id_1> <extra_id_0> opinion <extra_id_5> forgiven <extra_id_1> <extra_id_0> aspect <extra_id_5> food <extra_id_0> positive <extra_id_5> forgiven <extra_id_1> <extra_id_1> <extra_id_1>", "entity": [{"type": "aspect", "offset": [1], "text": "service"}, {"type": "aspect", "offset": [14], "text": "food"}, {"type": "opinion", "offset": [5], "text": "scatty"}, {"type": "opinion", "offset": [11], "text": "forgiven"}], "relation": [{"type": "negative", "args": [{"type": "aspect", "offset": [1], "text": "service"}, {"type": "opinion", "offset": [5], "text": "scatty"}]}, {"type": "positive", "args": [{"type": "aspect", "offset": [14], "text": "food"}, {"type": "opinion", "offset": [11], "text": "forgiven"}]}], "event": [], "spot": ["aspect", "opinion"], "asoc": ["positive", "negative"], "spot_asoc": [{"span": "service", "label": "aspect", "asoc": [["negative", "scatty"]]}, {"span": "scatty", "label": "opinion", "asoc": []}, {"span": "forgiven", "label": "opinion", "asoc": []}, {"span": "food", "label": "aspect", "asoc": [["positive", "forgiven"]]}]}
{"text": "The ambience was nice , but service was n't so great .", "tokens": ["The", "ambience", "was", "nice", ",", "but", "service", "was", "n't", "so", "great", "."], "record": "<extra_id_0> <extra_id_0> aspect <extra_id_5> ambience <extra_id_0> positive <extra_id_5> nice <extra_id_1> <extra_id_1> <extra_id_0> opinion <extra_id_5> nice <extra_id_1> <extra_id_0> aspect <extra_id_5> service <extra_id_0> negative <extra_id_5> was n't so great <extra_id_1> <extra_id_1> <extra_id_0> opinion <extra_id_5> was n't so great <extra_id_1> <extra_id_1>", "entity": [{"type": "aspect", "offset": [1], "text": "ambience"}, {"type": "aspect", "offset": [6], "text": "service"}, {"type": "opinion", "offset": [3], "text": "nice"}, {"type": "opinion", "offset": [7, 8, 9, 10], "text": "was n't so great"}], "relation": [{"type": "positive", "args": [{"type": "aspect", "offset": [1], "text": "ambience"}, {"type": "opinion", "offset": [3], "text": "nice"}]}, {"type": "negative", "args": [{"type": "aspect", "offset": [6], "text": "service"}, {"type": "opinion", "offset": [7, 8, 9, 10], "text": "was n't so great"}]}], "event": [], "spot": ["aspect", "opinion"], "asoc": ["positive", "negative"], "spot_asoc": [{"span": "ambience", "label": "aspect", "asoc": [["positive", "nice"]]}, {"span": "nice", "label": "opinion", "asoc": []}, {"span": "service", "label": "aspect", "asoc": [["negative", "was n't so great"]]}, {"span": "was n't so great", "label": "opinion", "asoc": []}]}
{"text": "The in-house lady DJ on Saturday nights has outrageously good taste in music , and moreover , takes requests .", "tokens": ["The", "in-house", "lady", "DJ", "on", "Saturday", "nights", "has", "outrageously", "good", "taste", "in", "music", ",", "and", "moreover", ",", "takes", "requests", "."], "record": "<extra_id_0> <extra_id_0> aspect <extra_id_5> in-house lady DJ <extra_id_0> positive <extra_id_5> good taste <extra_id_1> <extra_id_1> <extra_id_0> opinion <extra_id_5> good taste <extra_id_1> <extra_id_1>", "entity": [{"type": "aspect", "offset": [1, 2, 3], "text": "in-house lady DJ"}, {"type": "opinion", "offset": [9, 10], "text": "good taste"}], "relation": [{"type": "positive", "args": [{"type": "aspect", "offset": [1, 2, 3], "text": "in-house lady DJ"}, {"type": "opinion", "offset": [9, 10], "text": "good taste"}]}], "event": [], "spot": ["aspect", "opinion"], "asoc": ["positive"], "spot_asoc": [{"span": "in-house lady DJ", "label": "aspect", "asoc": [["positive", "good taste"]]}, {"span": "good taste", "label": "opinion", "asoc": []}]}
{"text": "people are rude bit again it 's new york !", "tokens": ["people", "are", "rude", "bit", "again", "it", "'s", "new", "york", "!"], "record": "<extra_id_0> <extra_id_0> aspect <extra_id_5> people <extra_id_0> negative <extra_id_5> rude <extra_id_1> <extra_id_1> <extra_id_0> opinion <extra_id_5> rude <extra_id_1> <extra_id_1>", "entity": [{"type": "aspect", "offset": [0], "text": "people"}, {"type": "opinion", "offset": [2], "text": "rude"}], "relation": [{"type": "negative", "args": [{"type": "aspect", "offset": [0], "text": "people"}, {"type": "opinion", "offset": [2], "text": "rude"}]}], "event": [], "spot": ["aspect", "opinion"], "asoc": ["negative"], "spot_asoc": [{"span": "people", "label": "aspect", "asoc": [["negative", "rude"]]}, {"span": "rude", "label": "opinion", "asoc": []}]}
{"text": "The mussaman curry that I ordered was as thin as water and aside from the poorly fried tofu that I ordered in it , they graciously provided me with ONE piece of poorly cooked potato .", "tokens": ["The", "mussaman", "curry", "that", "I", "ordered", "was", "as", "thin", "as", "water", "and", "aside", "from", "the", "poorly", "fried", "tofu", "that", "I", "ordered", "in", "it", ",", "they", "graciously", "provided", "me", "with", "ONE", "piece", "of", "poorly", "cooked", "potato", "."], "record": "<extra_id_0> <extra_id_0> aspect <extra_id_5> mussaman curry <extra_id_0> negative <extra_id_5> thin <extra_id_1> <extra_id_1> <extra_id_0> opinion <extra_id_5> thin <extra_id_1> <extra_id_0> opinion <extra_id_5> poorly <extra_id_1> <extra_id_0> aspect <extra_id_5> fried tofu <extra_id_0> negative <extra_id_5> poorly <extra_id_1> <extra_id_1> <extra_id_0> opinion <extra_id_5> poorly cooked <extra_id_1> <extra_id_0> aspect <extra_id_5> potato <extra_id_0> negative <extra_id_5> poorly cooked <extra_id_1> <extra_id_1> <extra_id_1>", "entity": [{"type": "aspect", "offset": [1, 2], "text": "mussaman curry"}, {"type": "aspect", "offset": [16, 17], "text": "fried tofu"}, {"type": "aspect", "offset": [34], "text": "potato"}, {"type": "opinion", "offset": [8], "text": "thin"}, {"type": "opinion", "offset": [15], "text": "poorly"}, {"type": "opinion", "offset": [32, 33], "text": "poorly cooked"}], "relation": [{"type": "negative", "args": [{"type": "aspect", "offset": [1, 2], "text": "mussaman curry"}, {"type": "opinion", "offset": [8], "text": "thin"}]}, {"type": "negative", "args": [{"type": "aspect", "offset": [16, 17], "text": "fried tofu"}, {"type": "opinion", "offset": [15], "text": "poorly"}]}, {"type": "negative", "args": [{"type": "aspect", "offset": [34], "text": "potato"}, {"type": "opinion", "offset": [32, 33], "text": "poorly cooked"}]}], "event": [], "spot": ["aspect", "opinion"], "asoc": ["negative"], "spot_asoc": [{"span": "mussaman curry", "label": "aspect", "asoc": [["negative", "thin"]]}, {"span": "thin", "label": "opinion", "asoc": []}, {"span": "poorly", "label": "opinion", "asoc": []}, {"span": "fried tofu", "label": "aspect", "asoc": [["negative", "poorly"]]}, {"span": "poorly cooked", "label": "opinion", "asoc": []}, {"span": "potato", "label": "aspect", "asoc": [["negative", "poorly cooked"]]}]}
{"text": "Though you will undoubtedly be seated at a table with what seems like barely enough room ( no matter what the size of your party ) , the warm atomosphere is worth the cramped quarters- you 'll have fun and forgot about the tight spot you 're in .", "tokens": ["Though", "you", "will", "undoubtedly", "be", "seated", "at", "a", "table", "with", "what", "seems", "like", "barely", "enough", "room", "(", "no", "matter", "what", "the", "size", "of", "your", "party", ")", ",", "the", "warm", "atomosphere", "is", "worth", "the", "cramped", "quarters-", "you", "'ll", "have", "fun", "and", "forgot", "about", "the", "tight", "spot", "you", "'re", "in", "."], "record": "<extra_id_0> <extra_id_0> aspect <extra_id_5> table <extra_id_0> negative <extra_id_5> enough <extra_id_1> <extra_id_1> <extra_id_0> opinion <extra_id_5> enough <extra_id_1> <extra_id_0> aspect <extra_id_5> room <extra_id_0> negative <extra_id_5> enough <extra_id_1> <extra_id_1> <extra_id_0> opinion <extra_id_5> warm <extra_id_1> <extra_id_0> aspect <extra_id_5> atomosphere <extra_id_0> positive <extra_id_5> warm <extra_id_1> <extra_id_1> <extra_id_0> opinion <extra_id_5> tight <extra_id_1> <extra_id_0> aspect <extra_id_5> spot <extra_id_0> negative <extra_id_5> tight <extra_id_1> <extra_id_1> <extra_id_1>", "entity": [{"type": "aspect", "offset": [8], "text": "table"}, {"type": "aspect", "offset": [29], "text": "atomosphere"}, {"type": "aspect", "offset": [15], "text": "room"}, {"type": "aspect", "offset": [44], "text": "spot"}, {"type": "opinion", "offset": [14], "text": "enough"}, {"type": "opinion", "offset": [28], "text": "warm"}, {"type": "opinion", "offset": [43], "text": "tight"}], "relation": [{"type": "negative", "args": [{"type": "aspect", "offset": [8], "text": "table"}, {"type": "opinion", "offset": [14], "text": "enough"}]}, {"type": "positive", "args": [{"type": "aspect", "offset": [29], "text": "atomosphere"}, {"type": "opinion", "offset": [28], "text": "warm"}]}, {"type": "negative", "args": [{"type": "aspect", "offset": [15], "text": "room"}, {"type": "opinion", "offset": [14], "text": "enough"}]}, {"type": "negative", "args": [{"type": "aspect", "offset": [44], "text": "spot"}, {"type": "opinion", "offset": [43], "text": "tight"}]}], "event": [], "spot": ["aspect", "opinion"], "asoc": ["positive", "negative"], "spot_asoc": [{"span": "table", "label": "aspect", "asoc": [["negative", "enough"]]}, {"span": "enough", "label": "opinion", "asoc": []}, {"span": "room", "label": "aspect", "asoc": [["negative", "enough"]]}, {"span": "warm", "label": "opinion", "asoc": []}, {"span": "atomosphere", "label": "aspect", "asoc": [["positive", "warm"]]}, {"span": "tight", "label": "opinion", "asoc": []}, {"span": "spot", "label": "aspect", "asoc": [["negative", "tight"]]}]}
{"text": "Always popular , always full , always a wait .", "tokens": ["Always", "popular", ",", "always", "full", ",", "always", "a", "wait", "."], "record": "<extra_id_0> <extra_id_0> opinion <extra_id_5> always <extra_id_1> <extra_id_0> aspect <extra_id_5> wait <extra_id_0> negative <extra_id_5> always <extra_id_1> <extra_id_1> <extra_id_1>", "entity": [{"type": "aspect", "offset": [8], "text": "wait"}, {"type": "opinion", "offset": [6], "text": "always"}], "relation": [{"type": "negative", "args": [{"type": "aspect", "offset": [8], "text": "wait"}, {"type": "opinion", "offset": [6], "text": "always"}]}], "event": [], "spot": ["aspect", "opinion"], "asoc": ["negative"], "spot_asoc": [{"span": "always", "label": "opinion", "asoc": []}, {"span": "wait", "label": "aspect", "asoc": [["negative", "always"]]}]}
{"text": "They are still living in the dark ages and do not have an answering machine , so if you want to make a reservation you are limited .", "tokens": ["They", "are", "still", "living", "in", "the", "dark", "ages", "and", "do", "not", "have", "an", "answering", "machine", ",", "so", "if", "you", "want", "to", "make", "a", "reservation", "you", "are", "limited", "."], "record": "<extra_id_0> <extra_id_0> aspect <extra_id_5> reservation <extra_id_0> negative <extra_id_5> limited <extra_id_1> <extra_id_1> <extra_id_0> opinion <extra_id_5> limited <extra_id_1> <extra_id_1>", "entity": [{"type": "aspect", "offset": [23], "text": "reservation"}, {"type": "opinion", "offset": [26], "text": "limited"}], "relation": [{"type": "negative", "args": [{"type": "aspect", "offset": [23], "text": "reservation"}, {"type": "opinion", "offset": [26], "text": "limited"}]}], "event": [], "spot": ["aspect", "opinion"], "asoc": ["negative"], "spot_asoc": [{"span": "reservation", "label": "aspect", "asoc": [["negative", "limited"]]}, {"span": "limited", "label": "opinion", "asoc": []}]}
{"text": "The food arrived 20 minutes after I called , cold and soggy .", "tokens": ["The", "food", "arrived", "20", "minutes", "after", "I", "called", ",", "cold", "and", "soggy", "."], "record": "<extra_id_0> <extra_id_0> aspect <extra_id_5> food <extra_id_0> negative <extra_id_5> cold <extra_id_1> <extra_id_0> negative <extra_id_5> soggy <extra_id_1> <extra_id_1> <extra_id_0> opinion <extra_id_5> cold <extra_id_1> <extra_id_0> opinion <extra_id_5> soggy <extra_id_1> <extra_id_1>", "entity": [{"type": "aspect", "offset": [1], "text": "food"}, {"type": "opinion", "offset": [9], "text": "cold"}, {"type": "opinion", "offset": [11], "text": "soggy"}], "relation": [{"type": "negative", "args": [{"type": "aspect", "offset": [1], "text": "food"}, {"type": "opinion", "offset": [9], "text": "cold"}]}, {"type": "negative", "args": [{"type": "aspect", "offset": [1], "text": "food"}, {"type": "opinion", "offset": [11], "text": "soggy"}]}], "event": [], "spot": ["aspect", "opinion"], "asoc": ["negative"], "spot_asoc": [{"span": "food", "label": "aspect", "asoc": [["negative", "cold"], ["negative", "soggy"]]}, {"span": "cold", "label": "opinion", "asoc": []}, {"span": "soggy", "label": "opinion", "asoc": []}]}
{"text": "The staff was too busy ordering sushi for dinner and then laying it out to eat on the bar to even bring me my check .", "tokens": ["The", "staff", "was", "too", "busy", "ordering", "sushi", "for", "dinner", "and", "then", "laying", "it", "out", "to", "eat", "on", "the", "bar", "to", "even", "bring", "me", "my", "check", "."], "record": "<extra_id_0> <extra_id_0> aspect <extra_id_5> staff <extra_id_0> negative <extra_id_5> busy <extra_id_1> <extra_id_1> <extra_id_0> opinion <extra_id_5> busy <extra_id_1> <extra_id_1>", "entity": [{"type": "aspect", "offset": [1], "text": "staff"}, {"type": "opinion", "offset": [4], "text": "busy"}], "relation": [{"type": "negative", "args": [{"type": "aspect", "offset": [1], "text": "staff"}, {"type": "opinion", "offset": [4], "text": "busy"}]}], "event": [], "spot": ["aspect", "opinion"], "asoc": ["negative"], "spot_asoc": [{"span": "staff", "label": "aspect", "asoc": [["negative", "busy"]]}, {"span": "busy", "label": "opinion", "asoc": []}]}
{"text": "The seats are uncomfortable if you are sitting against the wall on wooden benches .", "tokens": ["The", "seats", "are", "uncomfortable", "if", "you", "are", "sitting", "against", "the", "wall", "on", "wooden", "benches", "."], "record": "<extra_id_0> <extra_id_0> aspect <extra_id_5> seats <extra_id_0> negative <extra_id_5> uncomfortable <extra_id_1> <extra_id_1> <extra_id_0> opinion <extra_id_5> uncomfortable <extra_id_1> <extra_id_1>", "entity": [{"type": "aspect", "offset": [1], "text": "seats"}, {"type": "opinion", "offset": [3], "text": "uncomfortable"}], "relation": [{"type": "negative", "args": [{"type": "aspect", "offset": [1], "text": "seats"}, {"type": "opinion", "offset": [3], "text": "uncomfortable"}]}], "event": [], "spot": ["aspect", "opinion"], "asoc": ["negative"], "spot_asoc": [{"span": "seats", "label": "aspect", "asoc": [["negative", "uncomfortable"]]}, {"span": "uncomfortable", "label": "opinion", "asoc": []}]}
{"text": "A narrow corridor leads to a tiny space where there are three tiny white tiled counters , a great deal of mess ( stacks of bottles , cans ) and a small counter holding 12-14 entrees .", "tokens": ["A", "narrow", "corridor", "leads", "to", "a", "tiny", "space", "where", "there", "are", "three", "tiny", "white", "tiled", "counters", ",", "a", "great", "deal", "of", "mess", "(", "stacks", "of", "bottles", ",", "cans", ")", "and", "a", "small", "counter", "holding", "12-14", "entrees", "."], "record": "<extra_id_0> <extra_id_0> opinion <extra_id_5> narrow <extra_id_1> <extra_id_0> aspect <extra_id_5> corridor <extra_id_0> negative <extra_id_5> narrow <extra_id_1> <extra_id_1> <extra_id_0> opinion <extra_id_5> tiny <extra_id_1> <extra_id_0> aspect <extra_id_5> space <extra_id_0> negative <extra_id_5> tiny <extra_id_1> <extra_id_1> <extra_id_0> opinion <extra_id_5> tiny <extra_id_1> <extra_id_0> aspect <extra_id_5> counters <extra_id_0> negative <extra_id_5> tiny <extra_id_1> <extra_id_1> <extra_id_0> opinion <extra_id_5> small <extra_id_1> <extra_id_0> aspect <extra_id_5> entrees <extra_id_0> neutral <extra_id_5> small <extra_id_1> <extra_id_1> <extra_id_1>", "entity": [{"type": "aspect", "offset": [2], "text": "corridor"}, {"type": "aspect", "offset": [7], "text": "space"}, {"type": "aspect", "offset": [15], "text": "counters"}, {"type": "aspect", "offset": [35], "text": "entrees"}, {"type": "opinion", "offset": [1], "text": "narrow"}, {"type": "opinion", "offset": [6], "text": "tiny"}, {"type": "opinion", "offset": [12], "text": "tiny"}, {"type": "opinion", "offset": [31], "text": "small"}], "relation": [{"type": "negative", "args": [{"type": "aspect", "offset": [2], "text": "corridor"}, {"type": "opinion", "offset": [1], "text": "narrow"}]}, {"type": "negative", "args": [{"type": "aspect", "offset": [7], "text": "space"}, {"type": "opinion", "offset": [6], "text": "tiny"}]}, {"type": "negative", "args": [{"type": "aspect", "offset": [15], "text": "counters"}, {"type": "opinion", "offset": [12], "text": "tiny"}]}, {"type": "neutral", "args": [{"type": "aspect", "offset": [35], "text": "entrees"}, {"type": "opinion", "offset": [31], "text": "small"}]}], "event": [], "spot": ["aspect", "opinion"], "asoc": ["neutral", "negative"], "spot_asoc": [{"span": "narrow", "label": "opinion", "asoc": []}, {"span": "corridor", "label": "aspect", "asoc": [["negative", "narrow"]]}, {"span": "tiny", "label": "opinion", "asoc": []}, {"span": "space", "label": "aspect", "asoc": [["negative", "tiny"]]}, {"span": "tiny", "label": "opinion", "asoc": []}, {"span": "counters", "label": "aspect", "asoc": [["negative", "tiny"]]}, {"span": "small", "label": "opinion", "asoc": []}, {"span": "entrees", "label": "aspect", "asoc": [["neutral", "small"]]}]}
{"text": "The steak was very fatty and the sauce was overpowering and not very tasty .", "tokens": ["The", "steak", "was", "very", "fatty", "and", "the", "sauce", "was", "overpowering", "and", "not", "very", "tasty", "."], "record": "<extra_id_0> <extra_id_0> aspect <extra_id_5> steak <extra_id_0> negative <extra_id_5> fatty <extra_id_1> <extra_id_1> <extra_id_0> opinion <extra_id_5> fatty <extra_id_1> <extra_id_0> aspect <extra_id_5> sauce <extra_id_0> negative <extra_id_5> overpowering <extra_id_1> <extra_id_0> negative <extra_id_5> not very tasty <extra_id_1> <extra_id_1> <extra_id_0> opinion <extra_id_5> overpowering <extra_id_1> <extra_id_0> opinion <extra_id_5> not very tasty <extra_id_1> <extra_id_1>", "entity": [{"type": "aspect", "offset": [1], "text": "steak"}, {"type": "aspect", "offset": [7], "text": "sauce"}, {"type": "opinion", "offset": [4], "text": "fatty"}, {"type": "opinion", "offset": [9], "text": "overpowering"}, {"type": "opinion", "offset": [11, 12, 13], "text": "not very tasty"}], "relation": [{"type": "negative", "args": [{"type": "aspect", "offset": [1], "text": "steak"}, {"type": "opinion", "offset": [4], "text": "fatty"}]}, {"type": "negative", "args": [{"type": "aspect", "offset": [7], "text": "sauce"}, {"type": "opinion", "offset": [9], "text": "overpowering"}]}, {"type": "negative", "args": [{"type": "aspect", "offset": [7], "text": "sauce"}, {"type": "opinion", "offset": [11, 12, 13], "text": "not very tasty"}]}], "event": [], "spot": ["aspect", "opinion"], "asoc": ["negative"], "spot_asoc": [{"span": "steak", "label": "aspect", "asoc": [["negative", "fatty"]]}, {"span": "fatty", "label": "opinion", "asoc": []}, {"span": "sauce", "label": "aspect", "asoc": [["negative", "overpowering"], ["negative", "not very tasty"]]}, {"span": "overpowering", "label": "opinion", "asoc": []}, {"span": "not very tasty", "label": "opinion", "asoc": []}]}
{"text": "Although they do the typical what kind of water would you like questions the service was good and overall very relaxing to place to eat .", "tokens": ["Although", "they", "do", "the", "typical", "what", "kind", "of", "water", "would", "you", "like", "questions", "the", "service", "was", "good", "and", "overall", "very", "relaxing", "to", "place", "to", "eat", "."], "record": "<extra_id_0> <extra_id_0> opinion <extra_id_5> typical <extra_id_1> <extra_id_0> aspect <extra_id_5> water <extra_id_0> neutral <extra_id_5> typical <extra_id_1> <extra_id_1> <extra_id_0> aspect <extra_id_5> service <extra_id_0> positive <extra_id_5> good <extra_id_1> <extra_id_1> <extra_id_0> opinion <extra_id_5> good <extra_id_1> <extra_id_0> opinion <extra_id_5> relaxing <extra_id_1> <extra_id_0> aspect <extra_id_5> place <extra_id_0> positive <extra_id_5> relaxing <extra_id_1> <extra_id_1> <extra_id_1>", "entity": [{"type": "aspect", "offset": [14], "text": "service"}, {"type": "aspect", "offset": [22], "text": "place"}, {"type": "aspect", "offset": [8], "text": "water"}, {"type": "opinion", "offset": [16], "text": "good"}, {"type": "opinion", "offset": [20], "text": "relaxing"}, {"type": "opinion", "offset": [4], "text": "typical"}], "relation": [{"type": "positive", "args": [{"type": "aspect", "offset": [14], "text": "service"}, {"type": "opinion", "offset": [16], "text": "good"}]}, {"type": "positive", "args": [{"type": "aspect", "offset": [22], "text": "place"}, {"type": "opinion", "offset": [20], "text": "relaxing"}]}, {"type": "neutral", "args": [{"type": "aspect", "offset": [8], "text": "water"}, {"type": "opinion", "offset": [4], "text": "typical"}]}], "event": [], "spot": ["aspect", "opinion"], "asoc": ["positive", "neutral"], "spot_asoc": [{"span": "typical", "label": "opinion", "asoc": []}, {"span": "water", "label": "aspect", "asoc": [["neutral", "typical"]]}, {"span": "service", "label": "aspect", "asoc": [["positive", "good"]]}, {"span": "good", "label": "opinion", "asoc": []}, {"span": "relaxing", "label": "opinion", "asoc": []}, {"span": "place", "label": "aspect", "asoc": [["positive", "relaxing"]]}]}
{"text": "Also good for client lunch meetings , esp .", "tokens": ["Also", "good", "for", "client", "lunch", "meetings", ",", "esp", "."], "record": "<extra_id_0> <extra_id_0> opinion <extra_id_5> good <extra_id_1> <extra_id_0> aspect <extra_id_5> lunch meetings <extra_id_0> neutral <extra_id_5> good <extra_id_1> <extra_id_1> <extra_id_1>", "entity": [{"type": "aspect", "offset": [4, 5], "text": "lunch meetings"}, {"type": "opinion", "offset": [1], "text": "good"}], "relation": [{"type": "neutral", "args": [{"type": "aspect", "offset": [4, 5], "text": "lunch meetings"}, {"type": "opinion", "offset": [1], "text": "good"}]}], "event": [], "spot": ["aspect", "opinion"], "asoc": ["neutral"], "spot_asoc": [{"span": "good", "label": "opinion", "asoc": []}, {"span": "lunch meetings", "label": "aspect", "asoc": [["neutral", "good"]]}]}
{"text": "The food is o.k. , but not any better than what you get at a good neighborhood restaurant .", "tokens": ["The", "food", "is", "o.k.", ",", "but", "not", "any", "better", "than", "what", "you", "get", "at", "a", "good", "neighborhood", "restaurant", "."], "record": "<extra_id_0> <extra_id_0> aspect <extra_id_5> food <extra_id_0> neutral <extra_id_5> o.k. , <extra_id_1> <extra_id_0> neutral <extra_id_5> not any better <extra_id_1> <extra_id_1> <extra_id_0> opinion <extra_id_5> o.k. , <extra_id_1> <extra_id_0> opinion <extra_id_5> not any better <extra_id_1> <extra_id_1>", "entity": [{"type": "aspect", "offset": [1], "text": "food"}, {"type": "opinion", "offset": [3, 4], "text": "o.k. ,"}, {"type": "opinion", "offset": [6, 7, 8], "text": "not any better"}], "relation": [{"type": "neutral", "args": [{"type": "aspect", "offset": [1], "text": "food"}, {"type": "opinion", "offset": [3, 4], "text": "o.k. ,"}]}, {"type": "neutral", "args": [{"type": "aspect", "offset": [1], "text": "food"}, {"type": "opinion", "offset": [6, 7, 8], "text": "not any better"}]}], "event": [], "spot": ["aspect", "opinion"], "asoc": ["neutral"], "spot_asoc": [{"span": "food", "label": "aspect", "asoc": [["neutral", "o.k. ,"], ["neutral", "not any better"]]}, {"span": "o.k. ,", "label": "opinion", "asoc": []}, {"span": "not any better", "label": "opinion", "asoc": []}]}
{"text": "The service is not consistently excellent -- just decent .", "tokens": ["The", "service", "is", "not", "consistently", "excellent", "--", "just", "decent", "."], "record": "<extra_id_0> <extra_id_0> aspect <extra_id_5> service <extra_id_0> neutral <extra_id_5> not consistently excellent <extra_id_1> <extra_id_0> neutral <extra_id_5> decent <extra_id_1> <extra_id_1> <extra_id_0> opinion <extra_id_5> not consistently excellent <extra_id_1> <extra_id_0> opinion <extra_id_5> decent <extra_id_1> <extra_id_1>", "entity": [{"type": "aspect", "offset": [1], "text": "service"}, {"type": "opinion", "offset": [3, 4, 5], "text": "not consistently excellent"}, {"type": "opinion", "offset": [8], "text": "decent"}], "relation": [{"type": "neutral", "args": [{"type": "aspect", "offset": [1], "text": "service"}, {"type": "opinion", "offset": [3, 4, 5], "text": "not consistently excellent"}]}, {"type": "neutral", "args": [{"type": "aspect", "offset": [1], "text": "service"}, {"type": "opinion", "offset": [8], "text": "decent"}]}], "event": [], "spot": ["aspect", "opinion"], "asoc": ["neutral"], "spot_asoc": [{"span": "service", "label": "aspect", "asoc": [["neutral", "not consistently excellent"], ["neutral", "decent"]]}, {"span": "not consistently excellent", "label": "opinion", "asoc": []}, {"span": "decent", "label": "opinion", "asoc": []}]}
{"text": "I would never wait for a table to eat , it just is not THAT great .", "tokens": ["I", "would", "never", "wait", "for", "a", "table", "to", "eat", ",", "it", "just", "is", "not", "THAT", "great", "."], "record": "<extra_id_0> <extra_id_0> opinion <extra_id_5> never wait <extra_id_1> <extra_id_0> aspect <extra_id_5> table <extra_id_0> neutral <extra_id_5> never wait <extra_id_1> <extra_id_1> <extra_id_1>", "entity": [{"type": "aspect", "offset": [6], "text": "table"}, {"type": "opinion", "offset": [2, 3], "text": "never wait"}], "relation": [{"type": "neutral", "args": [{"type": "aspect", "offset": [6], "text": "table"}, {"type": "opinion", "offset": [2, 3], "text": "never wait"}]}], "event": [], "spot": ["aspect", "opinion"], "asoc": ["neutral"], "spot_asoc": [{"span": "never wait", "label": "opinion", "asoc": []}, {"span": "table", "label": "aspect", "asoc": [["neutral", "never wait"]]}]}
{"text": "I recommend getting a reservation even though we saw people seated without one .", "tokens": ["I", "recommend", "getting", "a", "reservation", "even", "though", "we", "saw", "people", "seated", "without", "one", "."], "record": "<extra_id_0> <extra_id_0> opinion <extra_id_5> recommend <extra_id_1> <extra_id_0> aspect <extra_id_5> reservation <extra_id_0> neutral <extra_id_5> recommend <extra_id_1> <extra_id_1> <extra_id_1>", "entity": [{"type": "aspect", "offset": [4], "text": "reservation"}, {"type": "opinion", "offset": [1], "text": "recommend"}], "relation": [{"type": "neutral", "args": [{"type": "aspect", "offset": [4], "text": "reservation"}, {"type": "opinion", "offset": [1], "text": "recommend"}]}], "event": [], "spot": ["aspect", "opinion"], "asoc": ["neutral"], "spot_asoc": [{"span": "recommend", "label": "opinion", "asoc": []}, {"span": "reservation", "label": "aspect", "asoc": [["neutral", "recommend"]]}]}
{"text": "The prices are about $ 9 for an entree for dinner and even less for lunch .", "tokens": ["The", "prices", "are", "about", "$", "9", "for", "an", "entree", "for", "dinner", "and", "even", "less", "for", "lunch", "."], "record": "<extra_id_0> <extra_id_0> aspect <extra_id_5> prices <extra_id_0> positive <extra_id_5> less <extra_id_1> <extra_id_1> <extra_id_0> aspect <extra_id_5> entree <extra_id_0> positive <extra_id_5> less <extra_id_1> <extra_id_1> <extra_id_0> aspect <extra_id_5> dinner <extra_id_0> neutral <extra_id_5> less <extra_id_1> <extra_id_1> <extra_id_0> opinion <extra_id_5> less <extra_id_1> <extra_id_0> aspect <extra_id_5> lunch <extra_id_0> positive <extra_id_5> less <extra_id_1> <extra_id_1> <extra_id_1>", "entity": [{"type": "aspect", "offset": [1], "text": "prices"}, {"type": "aspect", "offset": [8], "text": "entree"}, {"type": "aspect", "offset": [10], "text": "dinner"}, {"type": "aspect", "offset": [15], "text": "lunch"}, {"type": "opinion", "offset": [13], "text": "less"}], "relation": [{"type": "positive", "args": [{"type": "aspect", "offset": [1], "text": "prices"}, {"type": "opinion", "offset": [13], "text": "less"}]}, {"type": "positive", "args": [{"type": "aspect", "offset": [8], "text": "entree"}, {"type": "opinion", "offset": [13], "text": "less"}]}, {"type": "neutral", "args": [{"type": "aspect", "offset": [10], "text": "dinner"}, {"type": "opinion", "offset": [13], "text": "less"}]}, {"type": "positive", "args": [{"type": "aspect", "offset": [15], "text": "lunch"}, {"type": "opinion", "offset": [13], "text": "less"}]}], "event": [], "spot": ["aspect", "opinion"], "asoc": ["positive", "neutral"], "spot_asoc": [{"span": "prices", "label": "aspect", "asoc": [["positive", "less"]]}, {"span": "entree", "label": "aspect", "asoc": [["positive", "less"]]}, {"span": "dinner", "label": "aspect", "asoc": [["neutral", "less"]]}, {"span": "less", "label": "opinion", "asoc": []}, {"span": "lunch", "label": "aspect", "asoc": [["positive", "less"]]}]}
{"text": "However , in the summer of 2003 , it seems the management has changed and the great big door has been replaced for a glass front ridding itself of the dark romantic getup .", "tokens": ["However", ",", "in", "the", "summer", "of", "2003", ",", "it", "seems", "the", "management", "has", "changed", "and", "the", "great", "big", "door", "has", "been", "replaced", "for", "a", "glass", "front", "ridding", "itself", "of", "the", "dark", "romantic", "getup", "."], "record": "<extra_id_0> <extra_id_0> aspect <extra_id_5> management <extra_id_0> neutral <extra_id_5> changed <extra_id_1> <extra_id_1> <extra_id_0> opinion <extra_id_5> changed <extra_id_1> <extra_id_0> opinion <extra_id_5> great big <extra_id_1> <extra_id_0> aspect <extra_id_5> door <extra_id_0> positive <extra_id_5> great big <extra_id_1> <extra_id_1> <extra_id_1>", "entity": [{"type": "aspect", "offset": [11], "text": "management"}, {"type": "aspect", "offset": [18], "text": "door"}, {"type": "opinion", "offset": [13], "text": "changed"}, {"type": "opinion", "offset": [16, 17], "text": "great big"}], "relation": [{"type": "neutral", "args": [{"type": "aspect", "offset": [11], "text": "management"}, {"type": "opinion", "offset": [13], "text": "changed"}]}, {"type": "positive", "args": [{"type": "aspect", "offset": [18], "text": "door"}, {"type": "opinion", "offset": [16, 17], "text": "great big"}]}], "event": [], "spot": ["aspect", "opinion"], "asoc": ["positive", "neutral"], "spot_asoc": [{"span": "management", "label": "aspect", "asoc": [["neutral", "changed"]]}, {"span": "changed", "label": "opinion", "asoc": []}, {"span": "great big", "label": "opinion", "asoc": []}, {"span": "door", "label": "aspect", "asoc": [["positive", "great big"]]}]}
{"text": "Also a little more expensive than your average bagel place .", "tokens": ["Also", "a", "little", "more", "expensive", "than", "your", "average", "bagel", "place", "."], "record": "<extra_id_0> <extra_id_0> opinion <extra_id_5> expensive <extra_id_1> <extra_id_0> aspect <extra_id_5> bagel <extra_id_0> neutral <extra_id_5> expensive <extra_id_1> <extra_id_1> <extra_id_1>", "entity": [{"type": "aspect", "offset": [8], "text": "bagel"}, {"type": "opinion", "offset": [4], "text": "expensive"}], "relation": [{"type": "neutral", "args": [{"type": "aspect", "offset": [8], "text": "bagel"}, {"type": "opinion", "offset": [4], "text": "expensive"}]}], "event": [], "spot": ["aspect", "opinion"], "asoc": ["neutral"], "spot_asoc": [{"span": "expensive", "label": "opinion", "asoc": []}, {"span": "bagel", "label": "aspect", "asoc": [["neutral", "expensive"]]}]}
{"text": "The cuisine from what I 've gathered is authentic Taiwanese , though its very different from what I 've been accustomed to in Taipei .", "tokens": ["The", "cuisine", "from", "what", "I", "'ve", "gathered", "is", "authentic", "Taiwanese", ",", "though", "its", "very", "different", "from", "what", "I", "'ve", "been", "accustomed", "to", "in", "Taipei", "."], "record": "<extra_id_0> <extra_id_0> aspect <extra_id_5> cuisine <extra_id_0> neutral <extra_id_5> different <extra_id_1> <extra_id_1> <extra_id_0> opinion <extra_id_5> different <extra_id_1> <extra_id_1>", "entity": [{"type": "aspect", "offset": [1], "text": "cuisine"}, {"type": "opinion", "offset": [14], "text": "different"}], "relation": [{"type": "neutral", "args": [{"type": "aspect", "offset": [1], "text": "cuisine"}, {"type": "opinion", "offset": [14], "text": "different"}]}], "event": [], "spot": ["aspect", "opinion"], "asoc": ["neutral"], "spot_asoc": [{"span": "cuisine", "label": "aspect", "asoc": [["neutral", "different"]]}, {"span": "different", "label": "opinion", "asoc": []}]}
