{"text": "wonderful features .", "tokens": ["wonderful", "features", "."], "record": "<extra_id_0> <extra_id_0> opinion <extra_id_5> wonderful <extra_id_1> <extra_id_0> aspect <extra_id_5> features <extra_id_0> positive <extra_id_5> wonderful <extra_id_1> <extra_id_1> <extra_id_1>", "entity": [{"type": "aspect", "offset": [1], "text": "features"}, {"type": "opinion", "offset": [0], "text": "wonderful"}], "relation": [{"type": "positive", "args": [{"type": "aspect", "offset": [1], "text": "features"}, {"type": "opinion", "offset": [0], "text": "wonderful"}]}], "event": [], "spot": ["aspect", "opinion"], "asoc": ["positive"], "spot_asoc": [{"span": "wonderful", "label": "opinion", "asoc": []}, {"span": "features", "label": "aspect", "asoc": [["positive", "wonderful"]]}]}
{"text": "My dad has one of the very first Toshibas ever made , yes its abit slow now but still works well and i hooked to my ethernet !", "tokens": ["My", "dad", "has", "one", "of", "the", "very", "first", "Toshibas", "ever", "made", ",", "yes", "its", "abit", "slow", "now", "but", "still", "works", "well", "and", "i", "hooked", "to", "my", "ethernet", "!"], "record": "<extra_id_0> <extra_id_0> aspect <extra_id_5> works <extra_id_0> positive <extra_id_5> well <extra_id_1> <extra_id_1> <extra_id_0> opinion <extra_id_5> well <extra_id_1> <extra_id_1>", "entity": [{"type": "aspect", "offset": [19], "text": "works"}, {"type": "opinion", "offset": [20], "text": "well"}], "relation": [{"type": "positive", "args": [{"type": "aspect", "offset": [19], "text": "works"}, {"type": "opinion", "offset": [20], "text": "well"}]}], "event": [], "spot": ["aspect", "opinion"], "asoc": ["positive"], "spot_asoc": [{"span": "works", "label": "aspect", "asoc": [["positive", "well"]]}, {"span": "well", "label": "opinion", "asoc": []}]}
{"text": "I do transcription work on the side , and the flatline keyboard makes typing quick and easy as well .", "tokens": ["I", "do", "transcription", "work", "on", "the", "side", ",", "and", "the", "flatline", "keyboard", "makes", "typing", "quick", "and", "easy", "as", "well", "."], "record": "<extra_id_0> <extra_id_0> aspect <extra_id_5> flatline keyboard <extra_id_0> positive <extra_id_5> quick <extra_id_1> <extra_id_0> positive <extra_id_5> easy <extra_id_1> <extra_id_1> <extra_id_0> opinion <extra_id_5> quick <extra_id_1> <extra_id_0> opinion <extra_id_5> easy <extra_id_1> <extra_id_1>", "entity": [{"type": "aspect", "offset": [10, 11], "text": "flatline keyboard"}, {"type": "opinion", "offset": [14], "text": "quick"}, {"type": "opinion", "offset": [16], "text": "easy"}], "relation": [{"type": "positive", "args": [{"type": "aspect", "offset": [10, 11], "text": "flatline keyboard"}, {"type": "opinion", "offset": [14], "text": "quick"}]}, {"type": "positive", "args": [{"type": "aspect", "offset": [10, 11], "text": "flatline keyboard"}, {"type": "opinion", "offset": [16], "text": "easy"}]}], "event": [], "spot": ["aspect", "opinion"], "asoc": ["positive"], "spot_asoc": [{"span": "flatline keyboard", "label": "aspect", "asoc": [["positive", "quick"], ["positive", "easy"]]}, {"span": "quick", "label": "opinion", "asoc": []}, {"span": "easy", "label": "opinion", "asoc": []}]}
{"text": "The switchable graphic card is pretty sweet when you want gaming on the laptop .", "tokens": ["The", "switchable", "graphic", "card", "is", "pretty", "sweet", "when", "you", "want", "gaming", "on", "the", "laptop", "."], "record": "<extra_id_0> <extra_id_0> aspect <extra_id_5> switchable graphic card <extra_id_0> positive <extra_id_5> sweet <extra_id_1> <extra_id_1> <extra_id_0> opinion <extra_id_5> sweet <extra_id_1> <extra_id_1>", "entity": [{"type": "aspect", "offset": [1, 2, 3], "text": "switchable graphic card"}, {"type": "opinion", "offset": [6], "text": "sweet"}], "relation": [{"type": "positive", "args": [{"type": "aspect", "offset": [1, 2, 3], "text": "switchable graphic card"}, {"type": "opinion", "offset": [6], "text": "sweet"}]}], "event": [], "spot": ["aspect", "opinion"], "asoc": ["positive"], "spot_asoc": [{"span": "switchable graphic card", "label": "aspect", "asoc": [["positive", "sweet"]]}, {"span": "sweet", "label": "opinion", "asoc": []}]}
{"text": "The Mac version of Microsoft Office is cheaper than buying the actual and works just as well .", "tokens": ["The", "Mac", "version", "of", "Microsoft", "Office", "is", "cheaper", "than", "buying", "the", "actual", "and", "works", "just", "as", "well", "."], "record": "<extra_id_0> <extra_id_0> aspect <extra_id_5> Mac version of Microsoft Office <extra_id_0> positive <extra_id_5> cheaper <extra_id_1> <extra_id_0> positive <extra_id_5> as well <extra_id_1> <extra_id_1> <extra_id_0> opinion <extra_id_5> cheaper <extra_id_1> <extra_id_0> opinion <extra_id_5> as well <extra_id_1> <extra_id_1>", "entity": [{"type": "aspect", "offset": [1, 2, 3, 4, 5], "text": "Mac version of Microsoft Office"}, {"type": "opinion", "offset": [7], "text": "cheaper"}, {"type": "opinion", "offset": [15, 16], "text": "as well"}], "relation": [{"type": "positive", "args": [{"type": "aspect", "offset": [1, 2, 3, 4, 5], "text": "Mac version of Microsoft Office"}, {"type": "opinion", "offset": [7], "text": "cheaper"}]}, {"type": "positive", "args": [{"type": "aspect", "offset": [1, 2, 3, 4, 5], "text": "Mac version of Microsoft Office"}, {"type": "opinion", "offset": [15, 16], "text": "as well"}]}], "event": [], "spot": ["aspect", "opinion"], "asoc": ["positive"], "spot_asoc": [{"span": "Mac version of Microsoft Office", "label": "aspect", "asoc": [["positive", "cheaper"], ["positive", "as well"]]}, {"span": "cheaper", "label": "opinion", "asoc": []}, {"span": "as well", "label": "opinion", "asoc": []}]}
{"text": "I do not experience a lot of heat coming out of it , however I would highly suggest purchasing a stand however , due to the nature of the design of the macbook as it is one very large heat sink .", "tokens": ["I", "do", "not", "experience", "a", "lot", "of", "heat", "coming", "out", "of", "it", ",", "however", "I", "would", "highly", "suggest", "purchasing", "a", "stand", "however", ",", "due", "to", "the", "nature", "of", "the", "design", "of", "the", "macbook", "as", "it", "is", "one", "very", "large", "heat", "sink", "."], "record": "<extra_id_0> <extra_id_0> opinion <extra_id_5> suggest <extra_id_1> <extra_id_0> aspect <extra_id_5> stand <extra_id_0> neutral <extra_id_5> suggest <extra_id_1> <extra_id_1> <extra_id_0> opinion <extra_id_5> large <extra_id_1> <extra_id_0> aspect <extra_id_5> heat sink <extra_id_0> negative <extra_id_5> large <extra_id_1> <extra_id_1> <extra_id_1>", "entity": [{"type": "aspect", "offset": [20], "text": "stand"}, {"type": "aspect", "offset": [39, 40], "text": "heat sink"}, {"type": "opinion", "offset": [17], "text": "suggest"}, {"type": "opinion", "offset": [38], "text": "large"}], "relation": [{"type": "neutral", "args": [{"type": "aspect", "offset": [20], "text": "stand"}, {"type": "opinion", "offset": [17], "text": "suggest"}]}, {"type": "negative", "args": [{"type": "aspect", "offset": [39, 40], "text": "heat sink"}, {"type": "opinion", "offset": [38], "text": "large"}]}], "event": [], "spot": ["aspect", "opinion"], "asoc": ["negative", "neutral"], "spot_asoc": [{"span": "suggest", "label": "opinion", "asoc": []}, {"span": "stand", "label": "aspect", "asoc": [["neutral", "suggest"]]}, {"span": "large", "label": "opinion", "asoc": []}, {"span": "heat sink", "label": "aspect", "asoc": [["negative", "large"]]}]}
{"text": "I bought it for my mom and she reports that the battery life lasts all day for her , it 's very lightweight , and the response for the computing she 's doing ( Internet focused activity : mail , research , etc . ) is excellent ;", "tokens": ["I", "bought", "it", "for", "my", "mom", "and", "she", "reports", "that", "the", "battery", "life", "lasts", "all", "day", "for", "her", ",", "it", "'s", "very", "lightweight", ",", "and", "the", "response", "for", "the", "computing", "she", "'s", "doing", "(", "Internet", "focused", "activity", ":", "mail", ",", "research", ",", "etc", ".", ")", "is", "excellent", ";"], "record": "<extra_id_0> <extra_id_0> aspect <extra_id_5> battery life <extra_id_0> positive <extra_id_5> lasts all day <extra_id_1> <extra_id_1> <extra_id_0> opinion <extra_id_5> lasts all day <extra_id_1> <extra_id_0> aspect <extra_id_5> response <extra_id_0> positive <extra_id_5> excellent <extra_id_1> <extra_id_1> <extra_id_0> aspect <extra_id_5> Internet focused activity <extra_id_0> neutral <extra_id_5> excellent <extra_id_1> <extra_id_1> <extra_id_0> opinion <extra_id_5> excellent <extra_id_1> <extra_id_1>", "entity": [{"type": "aspect", "offset": [11, 12], "text": "battery life"}, {"type": "aspect", "offset": [26], "text": "response"}, {"type": "aspect", "offset": [34, 35, 36], "text": "Internet focused activity"}, {"type": "opinion", "offset": [13, 14, 15], "text": "lasts all day"}, {"type": "opinion", "offset": [46], "text": "excellent"}], "relation": [{"type": "positive", "args": [{"type": "aspect", "offset": [11, 12], "text": "battery life"}, {"type": "opinion", "offset": [13, 14, 15], "text": "lasts all day"}]}, {"type": "positive", "args": [{"type": "aspect", "offset": [26], "text": "response"}, {"type": "opinion", "offset": [46], "text": "excellent"}]}, {"type": "neutral", "args": [{"type": "aspect", "offset": [34, 35, 36], "text": "Internet focused activity"}, {"type": "opinion", "offset": [46], "text": "excellent"}]}], "event": [], "spot": ["aspect", "opinion"], "asoc": ["positive", "neutral"], "spot_asoc": [{"span": "battery life", "label": "aspect", "asoc": [["positive", "lasts all day"]]}, {"span": "lasts all day", "label": "opinion", "asoc": []}, {"span": "response", "label": "aspect", "asoc": [["positive", "excellent"]]}, {"span": "Internet focused activity", "label": "aspect", "asoc": [["neutral", "excellent"]]}, {"span": "excellent", "label": "opinion", "asoc": []}]}
{"text": "When I got the computer back and realizwed it still was not correct HP told me it was out of warranty and now it was my problem .", "tokens": ["When", "I", "got", "the", "computer", "back", "and", "realizwed", "it", "still", "was", "not", "correct", "HP", "told", "me", "it", "was", "out", "of", "warranty", "and", "now", "it", "was", "my", "problem", "."], "record": "<extra_id_0> <extra_id_0> opinion <extra_id_5> out of <extra_id_1> <extra_id_0> aspect <extra_id_5> warranty <extra_id_0> neutral <extra_id_5> out of <extra_id_1> <extra_id_1> <extra_id_1>", "entity": [{"type": "aspect", "offset": [20], "text": "warranty"}, {"type": "opinion", "offset": [18, 19], "text": "out of"}], "relation": [{"type": "neutral", "args": [{"type": "aspect", "offset": [20], "text": "warranty"}, {"type": "opinion", "offset": [18, 19], "text": "out of"}]}], "event": [], "spot": ["aspect", "opinion"], "asoc": ["neutral"], "spot_asoc": [{"span": "out of", "label": "opinion", "asoc": []}, {"span": "warranty", "label": "aspect", "asoc": [["neutral", "out of"]]}]}
{"text": "my niece and nephew have played a few web games and it runs anything that does n't require a dedicated video card .", "tokens": ["my", "niece", "and", "nephew", "have", "played", "a", "few", "web", "games", "and", "it", "runs", "anything", "that", "does", "n't", "require", "a", "dedicated", "video", "card", "."], "record": "<extra_id_0> <extra_id_0> opinion <extra_id_5> dedicated <extra_id_1> <extra_id_0> aspect <extra_id_5> video card <extra_id_0> neutral <extra_id_5> dedicated <extra_id_1> <extra_id_1> <extra_id_1>", "entity": [{"type": "aspect", "offset": [20, 21], "text": "video card"}, {"type": "opinion", "offset": [19], "text": "dedicated"}], "relation": [{"type": "neutral", "args": [{"type": "aspect", "offset": [20, 21], "text": "video card"}, {"type": "opinion", "offset": [19], "text": "dedicated"}]}], "event": [], "spot": ["aspect", "opinion"], "asoc": ["neutral"], "spot_asoc": [{"span": "dedicated", "label": "opinion", "asoc": []}, {"span": "video card", "label": "aspect", "asoc": [["neutral", "dedicated"]]}]}
{"text": "Second HDD cover has walls inside that need to be broken if you what to install one .", "tokens": ["Second", "HDD", "cover", "has", "walls", "inside", "that", "need", "to", "be", "broken", "if", "you", "what", "to", "install", "one", "."], "record": "<extra_id_0> <extra_id_0> aspect <extra_id_5> HDD cover <extra_id_0> neutral <extra_id_5> broken <extra_id_1> <extra_id_1> <extra_id_0> opinion <extra_id_5> broken <extra_id_1> <extra_id_1>", "entity": [{"type": "aspect", "offset": [1, 2], "text": "HDD cover"}, {"type": "opinion", "offset": [10], "text": "broken"}], "relation": [{"type": "neutral", "args": [{"type": "aspect", "offset": [1, 2], "text": "HDD cover"}, {"type": "opinion", "offset": [10], "text": "broken"}]}], "event": [], "spot": ["aspect", "opinion"], "asoc": ["neutral"], "spot_asoc": [{"span": "HDD cover", "label": "aspect", "asoc": [["neutral", "broken"]]}, {"span": "broken", "label": "opinion", "asoc": []}]}
{"text": "Aside from the trial software and the short battery life , lack of a webcam , its great .", "tokens": ["Aside", "from", "the", "trial", "software", "and", "the", "short", "battery", "life", ",", "lack", "of", "a", "webcam", ",", "its", "great", "."], "record": "<extra_id_0> <extra_id_0> opinion <extra_id_5> short <extra_id_1> <extra_id_0> aspect <extra_id_5> battery life <extra_id_0> negative <extra_id_5> short <extra_id_1> <extra_id_1> <extra_id_0> opinion <extra_id_5> lack <extra_id_1> <extra_id_0> aspect <extra_id_5> webcam <extra_id_0> negative <extra_id_5> lack <extra_id_1> <extra_id_1> <extra_id_1>", "entity": [{"type": "aspect", "offset": [8, 9], "text": "battery life"}, {"type": "aspect", "offset": [14], "text": "webcam"}, {"type": "opinion", "offset": [7], "text": "short"}, {"type": "opinion", "offset": [11], "text": "lack"}], "relation": [{"type": "negative", "args": [{"type": "aspect", "offset": [8, 9], "text": "battery life"}, {"type": "opinion", "offset": [7], "text": "short"}]}, {"type": "negative", "args": [{"type": "aspect", "offset": [14], "text": "webcam"}, {"type": "opinion", "offset": [11], "text": "lack"}]}], "event": [], "spot": ["aspect", "opinion"], "asoc": ["negative"], "spot_asoc": [{"span": "short", "label": "opinion", "asoc": []}, {"span": "battery life", "label": "aspect", "asoc": [["negative", "short"]]}, {"span": "lack", "label": "opinion", "asoc": []}, {"span": "webcam", "label": "aspect", "asoc": [["negative", "lack"]]}]}
{"text": "it might be something deep within Windows , for I was unable to create a disk image on my hard drive .", "tokens": ["it", "might", "be", "something", "deep", "within", "Windows", ",", "for", "I", "was", "unable", "to", "create", "a", "disk", "image", "on", "my", "hard", "drive", "."], "record": "<extra_id_0> <extra_id_0> aspect <extra_id_5> Windows <extra_id_0> negative <extra_id_5> unable <extra_id_1> <extra_id_1> <extra_id_0> opinion <extra_id_5> unable <extra_id_1> <extra_id_0> aspect <extra_id_5> disk image <extra_id_0> negative <extra_id_5> unable <extra_id_1> <extra_id_1> <extra_id_0> aspect <extra_id_5> hard drive <extra_id_0> negative <extra_id_5> unable <extra_id_1> <extra_id_1> <extra_id_1>", "entity": [{"type": "aspect", "offset": [6], "text": "Windows"}, {"type": "aspect", "offset": [19, 20], "text": "hard drive"}, {"type": "aspect", "offset": [15, 16], "text": "disk image"}, {"type": "opinion", "offset": [11], "text": "unable"}], "relation": [{"type": "negative", "args": [{"type": "aspect", "offset": [6], "text": "Windows"}, {"type": "opinion", "offset": [11], "text": "unable"}]}, {"type": "negative", "args": [{"type": "aspect", "offset": [19, 20], "text": "hard drive"}, {"type": "opinion", "offset": [11], "text": "unable"}]}, {"type": "negative", "args": [{"type": "aspect", "offset": [15, 16], "text": "disk image"}, {"type": "opinion", "offset": [11], "text": "unable"}]}], "event": [], "spot": ["aspect", "opinion"], "asoc": ["negative"], "spot_asoc": [{"span": "Windows", "label": "aspect", "asoc": [["negative", "unable"]]}, {"span": "unable", "label": "opinion", "asoc": []}, {"span": "disk image", "label": "aspect", "asoc": [["negative", "unable"]]}, {"span": "hard drive", "label": "aspect", "asoc": [["negative", "unable"]]}]}
{"text": "My battery went bad about a year and a half after having it and it cost around eighty to a hundred dollars !", "tokens": ["My", "battery", "went", "bad", "about", "a", "year", "and", "a", "half", "after", "having", "it", "and", "it", "cost", "around", "eighty", "to", "a", "hundred", "dollars", "!"], "record": "<extra_id_0> <extra_id_0> aspect <extra_id_5> battery <extra_id_0> negative <extra_id_5> bad <extra_id_1> <extra_id_1> <extra_id_0> opinion <extra_id_5> bad <extra_id_1> <extra_id_1>", "entity": [{"type": "aspect", "offset": [1], "text": "battery"}, {"type": "opinion", "offset": [3], "text": "bad"}], "relation": [{"type": "negative", "args": [{"type": "aspect", "offset": [1], "text": "battery"}, {"type": "opinion", "offset": [3], "text": "bad"}]}], "event": [], "spot": ["aspect", "opinion"], "asoc": ["negative"], "spot_asoc": [{"span": "battery", "label": "aspect", "asoc": [["negative", "bad"]]}, {"span": "bad", "label": "opinion", "asoc": []}]}
{"text": "YOU WILL NOT BE ABLE TO TALK TO AN AMERICAN WARRANTY SERVICE IS OUT OF COUNTRY .", "tokens": ["YOU", "WILL", "NOT", "BE", "ABLE", "TO", "TALK", "TO", "AN", "AMERICAN", "WARRANTY", "SERVICE", "IS", "OUT", "OF", "COUNTRY", "."], "record": "<extra_id_0> <extra_id_0> opinion <extra_id_5> NOT BE ABLE <extra_id_1> <extra_id_0> aspect <extra_id_5> WARRANTY SERVICE <extra_id_0> negative <extra_id_5> NOT BE ABLE <extra_id_1> <extra_id_1> <extra_id_1>", "entity": [{"type": "aspect", "offset": [10, 11], "text": "WARRANTY SERVICE"}, {"type": "opinion", "offset": [2, 3, 4], "text": "NOT BE ABLE"}], "relation": [{"type": "negative", "args": [{"type": "aspect", "offset": [10, 11], "text": "WARRANTY SERVICE"}, {"type": "opinion", "offset": [2, 3, 4], "text": "NOT BE ABLE"}]}], "event": [], "spot": ["aspect", "opinion"], "asoc": ["negative"], "spot_asoc": [{"span": "NOT BE ABLE", "label": "opinion", "asoc": []}, {"span": "WARRANTY SERVICE", "label": "aspect", "asoc": [["negative", "NOT BE ABLE"]]}]}
{"text": "I have to keep turning it until it decides to lower and there is no mute .", "tokens": ["I", "have", "to", "keep", "turning", "it", "until", "it", "decides", "to", "lower", "and", "there", "is", "no", "mute", "."], "record": "<extra_id_0> <extra_id_0> opinion <extra_id_5> no <extra_id_1> <extra_id_0> aspect <extra_id_5> mute <extra_id_0> negative <extra_id_5> no <extra_id_1> <extra_id_1> <extra_id_1>", "entity": [{"type": "aspect", "offset": [15], "text": "mute"}, {"type": "opinion", "offset": [14], "text": "no"}], "relation": [{"type": "negative", "args": [{"type": "aspect", "offset": [15], "text": "mute"}, {"type": "opinion", "offset": [14], "text": "no"}]}], "event": [], "spot": ["aspect", "opinion"], "asoc": ["negative"], "spot_asoc": [{"span": "no", "label": "opinion", "asoc": []}, {"span": "mute", "label": "aspect", "asoc": [["negative", "no"]]}]}
