{"text": "We had Pam 's special fried fish and it was amazing .", "tokens": ["We", "had", "Pam", "'s", "special", "fried", "fish", "and", "it", "was", "amazing", "."], "record": "<extra_id_0> <extra_id_0> aspect <extra_id_5> Pam 's special fried fish <extra_id_0> positive <extra_id_5> amazing <extra_id_1> <extra_id_1> <extra_id_0> opinion <extra_id_5> amazing <extra_id_1> <extra_id_1>", "entity": [{"type": "aspect", "offset": [2, 3, 4, 5, 6], "text": "Pam 's special fried fish"}, {"type": "opinion", "offset": [10], "text": "amazing"}], "relation": [{"type": "positive", "args": [{"type": "aspect", "offset": [2, 3, 4, 5, 6], "text": "Pam 's special fried fish"}, {"type": "opinion", "offset": [10], "text": "amazing"}]}], "event": [], "spot": ["aspect", "opinion"], "asoc": ["positive"], "spot_asoc": [{"span": "Pam 's special fried fish", "label": "aspect", "asoc": [["positive", "amazing"]]}, {"span": "amazing", "label": "opinion", "asoc": []}]}
{"text": "It 's easy to get a table for a large group and you do n't get hustled out .", "tokens": ["It", "'s", "easy", "to", "get", "a", "table", "for", "a", "large", "group", "and", "you", "do", "n't", "get", "hustled", "out", "."], "record": "<extra_id_0> <extra_id_0> opinion <extra_id_5> easy <extra_id_1> <extra_id_0> aspect <extra_id_5> table <extra_id_0> positive <extra_id_5> easy <extra_id_1> <extra_id_1> <extra_id_1>", "entity": [{"type": "aspect", "offset": [6], "text": "table"}, {"type": "opinion", "offset": [2], "text": "easy"}], "relation": [{"type": "positive", "args": [{"type": "aspect", "offset": [6], "text": "table"}, {"type": "opinion", "offset": [2], "text": "easy"}]}], "event": [], "spot": ["aspect", "opinion"], "asoc": ["positive"], "spot_asoc": [{"span": "easy", "label": "opinion", "asoc": []}, {"span": "table", "label": "aspect", "asoc": [["positive", "easy"]]}]}
{"text": "I liked the beer selection !", "tokens": ["I", "liked", "the", "beer", "selection", "!"], "record": "<extra_id_0> <extra_id_0> opinion <extra_id_5> liked <extra_id_1> <extra_id_0> aspect <extra_id_5> beer selection <extra_id_0> positive <extra_id_5> liked <extra_id_1> <extra_id_1> <extra_id_1>", "entity": [{"type": "aspect", "offset": [3, 4], "text": "beer selection"}, {"type": "opinion", "offset": [1], "text": "liked"}], "relation": [{"type": "positive", "args": [{"type": "aspect", "offset": [3, 4], "text": "beer selection"}, {"type": "opinion", "offset": [1], "text": "liked"}]}], "event": [], "spot": ["aspect", "opinion"], "asoc": ["positive"], "spot_asoc": [{"span": "liked", "label": "opinion", "asoc": []}, {"span": "beer selection", "label": "aspect", "asoc": [["positive", "liked"]]}]}
{"text": "black white shakes came out good also .", "tokens": ["black", "white", "shakes", "came", "out", "good", "also", "."], "record": "<extra_id_0> <extra_id_0> aspect <extra_id_5> black white shakes <extra_id_0> positive <extra_id_5> good <extra_id_1> <extra_id_1> <extra_id_0> opinion <extra_id_5> good <extra_id_1> <extra_id_1>", "entity": [{"type": "aspect", "offset": [0, 1, 2], "text": "black white shakes"}, {"type": "opinion", "offset": [5], "text": "good"}], "relation": [{"type": "positive", "args": [{"type": "aspect", "offset": [0, 1, 2], "text": "black white shakes"}, {"type": "opinion", "offset": [5], "text": "good"}]}], "event": [], "spot": ["aspect", "opinion"], "asoc": ["positive"], "spot_asoc": [{"span": "black white shakes", "label": "aspect", "asoc": [["positive", "good"]]}, {"span": "good", "label": "opinion", "asoc": []}]}
{"text": "If it 's just a quick martini at the bar ( which I recommend Jeffery 's ) or a mind blowing Roast Chicken , go to Village !", "tokens": ["If", "it", "'s", "just", "a", "quick", "martini", "at", "the", "bar", "(", "which", "I", "recommend", "Jeffery", "'s", ")", "or", "a", "mind", "blowing", "Roast", "Chicken", ",", "go", "to", "Village", "!"], "record": "<extra_id_0> <extra_id_0> opinion <extra_id_5> quick <extra_id_1> <extra_id_0> aspect <extra_id_5> martini <extra_id_0> neutral <extra_id_5> quick <extra_id_1> <extra_id_1> <extra_id_0> aspect <extra_id_5> bar <extra_id_0> neutral <extra_id_5> recommend <extra_id_1> <extra_id_1> <extra_id_0> opinion <extra_id_5> recommend <extra_id_1> <extra_id_0> opinion <extra_id_5> mind blowing <extra_id_1> <extra_id_0> aspect <extra_id_5> Roast Chicken <extra_id_0> positive <extra_id_5> mind blowing <extra_id_1> <extra_id_1> <extra_id_1>", "entity": [{"type": "aspect", "offset": [6], "text": "martini"}, {"type": "aspect", "offset": [9], "text": "bar"}, {"type": "aspect", "offset": [21, 22], "text": "Roast Chicken"}, {"type": "opinion", "offset": [5], "text": "quick"}, {"type": "opinion", "offset": [13], "text": "recommend"}, {"type": "opinion", "offset": [19, 20], "text": "mind blowing"}], "relation": [{"type": "neutral", "args": [{"type": "aspect", "offset": [6], "text": "martini"}, {"type": "opinion", "offset": [5], "text": "quick"}]}, {"type": "neutral", "args": [{"type": "aspect", "offset": [9], "text": "bar"}, {"type": "opinion", "offset": [13], "text": "recommend"}]}, {"type": "positive", "args": [{"type": "aspect", "offset": [21, 22], "text": "Roast Chicken"}, {"type": "opinion", "offset": [19, 20], "text": "mind blowing"}]}], "event": [], "spot": ["aspect", "opinion"], "asoc": ["positive", "neutral"], "spot_asoc": [{"span": "quick", "label": "opinion", "asoc": []}, {"span": "martini", "label": "aspect", "asoc": [["neutral", "quick"]]}, {"span": "bar", "label": "aspect", "asoc": [["neutral", "recommend"]]}, {"span": "recommend", "label": "opinion", "asoc": []}, {"span": "mind blowing", "label": "opinion", "asoc": []}, {"span": "Roast Chicken", "label": "aspect", "asoc": [["positive", "mind blowing"]]}]}
{"text": "They are often crowded on the weekends but they are efficient and accurate with their service .", "tokens": ["They", "are", "often", "crowded", "on", "the", "weekends", "but", "they", "are", "efficient", "and", "accurate", "with", "their", "service", "."], "record": "<extra_id_0> <extra_id_0> aspect <extra_id_5> crowded <extra_id_0> negative <extra_id_5> crowded <extra_id_1> <extra_id_1> <extra_id_0> opinion <extra_id_5> crowded <extra_id_1> <extra_id_0> opinion <extra_id_5> efficient <extra_id_1> <extra_id_0> opinion <extra_id_5> accurate <extra_id_1> <extra_id_0> aspect <extra_id_5> service <extra_id_0> positive <extra_id_5> efficient <extra_id_1> <extra_id_0> positive <extra_id_5> accurate <extra_id_1> <extra_id_1> <extra_id_1>", "entity": [{"type": "aspect", "offset": [15], "text": "service"}, {"type": "aspect", "offset": [3], "text": "crowded"}, {"type": "opinion", "offset": [10], "text": "efficient"}, {"type": "opinion", "offset": [12], "text": "accurate"}, {"type": "opinion", "offset": [3], "text": "crowded"}], "relation": [{"type": "positive", "args": [{"type": "aspect", "offset": [15], "text": "service"}, {"type": "opinion", "offset": [10], "text": "efficient"}]}, {"type": "positive", "args": [{"type": "aspect", "offset": [15], "text": "service"}, {"type": "opinion", "offset": [12], "text": "accurate"}]}, {"type": "negative", "args": [{"type": "aspect", "offset": [3], "text": "crowded"}, {"type": "opinion", "offset": [3], "text": "crowded"}]}], "event": [], "spot": ["aspect", "opinion"], "asoc": ["positive", "negative"], "spot_asoc": [{"span": "crowded", "label": "aspect", "asoc": [["negative", "crowded"]]}, {"span": "crowded", "label": "opinion", "asoc": []}, {"span": "efficient", "label": "opinion", "asoc": []}, {"span": "accurate", "label": "opinion", "asoc": []}, {"span": "service", "label": "aspect", "asoc": [["positive", "efficient"], ["positive", "accurate"]]}]}
{"text": "Their sake list was extensive , but we were looking for Purple Haze , which was n't listed but made for us upon request !", "tokens": ["Their", "sake", "list", "was", "extensive", ",", "but", "we", "were", "looking", "for", "Purple", "Haze", ",", "which", "was", "n't", "listed", "but", "made", "for", "us", "upon", "request", "!"], "record": "<extra_id_0> <extra_id_0> aspect <extra_id_5> sake list <extra_id_0> positive <extra_id_5> extensive <extra_id_1> <extra_id_1> <extra_id_0> opinion <extra_id_5> extensive <extra_id_1> <extra_id_1>", "entity": [{"type": "aspect", "offset": [1, 2], "text": "sake list"}, {"type": "opinion", "offset": [4], "text": "extensive"}], "relation": [{"type": "positive", "args": [{"type": "aspect", "offset": [1, 2], "text": "sake list"}, {"type": "opinion", "offset": [4], "text": "extensive"}]}], "event": [], "spot": ["aspect", "opinion"], "asoc": ["positive"], "spot_asoc": [{"span": "sake list", "label": "aspect", "asoc": [["positive", "extensive"]]}, {"span": "extensive", "label": "opinion", "asoc": []}]}
{"text": "The food is outstanding and the service is quick , friendly and very professional .", "tokens": ["The", "food", "is", "outstanding", "and", "the", "service", "is", "quick", ",", "friendly", "and", "very", "professional", "."], "record": "<extra_id_0> <extra_id_0> aspect <extra_id_5> food <extra_id_0> positive <extra_id_5> outstanding <extra_id_1> <extra_id_1> <extra_id_0> opinion <extra_id_5> outstanding <extra_id_1> <extra_id_0> aspect <extra_id_5> service <extra_id_0> positive <extra_id_5> quick <extra_id_1> <extra_id_0> positive <extra_id_5> friendly <extra_id_1> <extra_id_0> positive <extra_id_5> professional <extra_id_1> <extra_id_1> <extra_id_0> opinion <extra_id_5> quick <extra_id_1> <extra_id_0> opinion <extra_id_5> friendly <extra_id_1> <extra_id_0> opinion <extra_id_5> professional <extra_id_1> <extra_id_1>", "entity": [{"type": "aspect", "offset": [1], "text": "food"}, {"type": "aspect", "offset": [6], "text": "service"}, {"type": "opinion", "offset": [3], "text": "outstanding"}, {"type": "opinion", "offset": [8], "text": "quick"}, {"type": "opinion", "offset": [10], "text": "friendly"}, {"type": "opinion", "offset": [13], "text": "professional"}], "relation": [{"type": "positive", "args": [{"type": "aspect", "offset": [1], "text": "food"}, {"type": "opinion", "offset": [3], "text": "outstanding"}]}, {"type": "positive", "args": [{"type": "aspect", "offset": [6], "text": "service"}, {"type": "opinion", "offset": [8], "text": "quick"}]}, {"type": "positive", "args": [{"type": "aspect", "offset": [6], "text": "service"}, {"type": "opinion", "offset": [10], "text": "friendly"}]}, {"type": "positive", "args": [{"type": "aspect", "offset": [6], "text": "service"}, {"type": "opinion", "offset": [13], "text": "professional"}]}], "event": [], "spot": ["aspect", "opinion"], "asoc": ["positive"], "spot_asoc": [{"span": "food", "label": "aspect", "asoc": [["positive", "outstanding"]]}, {"span": "outstanding", "label": "opinion", "asoc": []}, {"span": "service", "label": "aspect", "asoc": [["positive", "quick"], ["positive", "friendly"], ["positive", "professional"]]}, {"span": "quick", "label": "opinion", "asoc": []}, {"span": "friendly", "label": "opinion", "asoc": []}, {"span": "professional", "label": "opinion", "asoc": []}]}
{"text": "The waitresses are nice -- also you can just get counter service sit .", "tokens": ["The", "waitresses", "are", "nice", "--", "also", "you", "can", "just", "get", "counter", "service", "sit", "."], "record": "<extra_id_0> <extra_id_0> aspect <extra_id_5> waitresses <extra_id_0> positive <extra_id_5> nice <extra_id_1> <extra_id_1> <extra_id_0> opinion <extra_id_5> nice <extra_id_1> <extra_id_1>", "entity": [{"type": "aspect", "offset": [1], "text": "waitresses"}, {"type": "opinion", "offset": [3], "text": "nice"}], "relation": [{"type": "positive", "args": [{"type": "aspect", "offset": [1], "text": "waitresses"}, {"type": "opinion", "offset": [3], "text": "nice"}]}], "event": [], "spot": ["aspect", "opinion"], "asoc": ["positive"], "spot_asoc": [{"span": "waitresses", "label": "aspect", "asoc": [["positive", "nice"]]}, {"span": "nice", "label": "opinion", "asoc": []}]}
{"text": "The only positive was the wait staff , which was prompt , knowledgable , and likeable .", "tokens": ["The", "only", "positive", "was", "the", "wait", "staff", ",", "which", "was", "prompt", ",", "knowledgable", ",", "and", "likeable", "."], "record": "<extra_id_0> <extra_id_0> opinion <extra_id_5> positive <extra_id_1> <extra_id_0> aspect <extra_id_5> wait staff <extra_id_0> positive <extra_id_5> positive <extra_id_1> <extra_id_0> positive <extra_id_5> prompt <extra_id_1> <extra_id_0> positive <extra_id_5> knowledgable <extra_id_1> <extra_id_0> positive <extra_id_5> likeable <extra_id_1> <extra_id_1> <extra_id_0> opinion <extra_id_5> prompt <extra_id_1> <extra_id_0> opinion <extra_id_5> knowledgable <extra_id_1> <extra_id_0> opinion <extra_id_5> likeable <extra_id_1> <extra_id_1>", "entity": [{"type": "aspect", "offset": [5, 6], "text": "wait staff"}, {"type": "opinion", "offset": [2], "text": "positive"}, {"type": "opinion", "offset": [10], "text": "prompt"}, {"type": "opinion", "offset": [12], "text": "knowledgable"}, {"type": "opinion", "offset": [15], "text": "likeable"}], "relation": [{"type": "positive", "args": [{"type": "aspect", "offset": [5, 6], "text": "wait staff"}, {"type": "opinion", "offset": [2], "text": "positive"}]}, {"type": "positive", "args": [{"type": "aspect", "offset": [5, 6], "text": "wait staff"}, {"type": "opinion", "offset": [10], "text": "prompt"}]}, {"type": "positive", "args": [{"type": "aspect", "offset": [5, 6], "text": "wait staff"}, {"type": "opinion", "offset": [12], "text": "knowledgable"}]}, {"type": "positive", "args": [{"type": "aspect", "offset": [5, 6], "text": "wait staff"}, {"type": "opinion", "offset": [15], "text": "likeable"}]}], "event": [], "spot": ["aspect", "opinion"], "asoc": ["positive"], "spot_asoc": [{"span": "positive", "label": "opinion", "asoc": []}, {"span": "wait staff", "label": "aspect", "asoc": [["positive", "positive"], ["positive", "prompt"], ["positive", "knowledgable"], ["positive", "likeable"]]}, {"span": "prompt", "label": "opinion", "asoc": []}, {"span": "knowledgable", "label": "opinion", "asoc": []}, {"span": "likeable", "label": "opinion", "asoc": []}]}
{"text": "But , they were too big for the bun .", "tokens": ["But", ",", "they", "were", "too", "big", "for", "the", "bun", "."], "record": "<extra_id_0> <extra_id_0> opinion <extra_id_5> too big <extra_id_1> <extra_id_0> aspect <extra_id_5> bun <extra_id_0> neutral <extra_id_5> too big <extra_id_1> <extra_id_1> <extra_id_1>", "entity": [{"type": "aspect", "offset": [8], "text": "bun"}, {"type": "opinion", "offset": [4, 5], "text": "too big"}], "relation": [{"type": "neutral", "args": [{"type": "aspect", "offset": [8], "text": "bun"}, {"type": "opinion", "offset": [4, 5], "text": "too big"}]}], "event": [], "spot": ["aspect", "opinion"], "asoc": ["neutral"], "spot_asoc": [{"span": "too big", "label": "opinion", "asoc": []}, {"span": "bun", "label": "aspect", "asoc": [["neutral", "too big"]]}]}
{"text": "The bagel was huge .", "tokens": ["The", "bagel", "was", "huge", "."], "record": "<extra_id_0> <extra_id_0> aspect <extra_id_5> bagel <extra_id_0> neutral <extra_id_5> huge <extra_id_1> <extra_id_1> <extra_id_0> opinion <extra_id_5> huge <extra_id_1> <extra_id_1>", "entity": [{"type": "aspect", "offset": [1], "text": "bagel"}, {"type": "opinion", "offset": [3], "text": "huge"}], "relation": [{"type": "neutral", "args": [{"type": "aspect", "offset": [1], "text": "bagel"}, {"type": "opinion", "offset": [3], "text": "huge"}]}], "event": [], "spot": ["aspect", "opinion"], "asoc": ["neutral"], "spot_asoc": [{"span": "bagel", "label": "aspect", "asoc": [["neutral", "huge"]]}, {"span": "huge", "label": "opinion", "asoc": []}]}
{"text": "All we received was an apology as we left to see our show without dinner .", "tokens": ["All", "we", "received", "was", "an", "apology", "as", "we", "left", "to", "see", "our", "show", "without", "dinner", "."], "record": "<extra_id_0> <extra_id_0> opinion <extra_id_5> without <extra_id_1> <extra_id_0> aspect <extra_id_5> dinner <extra_id_0> neutral <extra_id_5> without <extra_id_1> <extra_id_1> <extra_id_1>", "entity": [{"type": "aspect", "offset": [14], "text": "dinner"}, {"type": "opinion", "offset": [13], "text": "without"}], "relation": [{"type": "neutral", "args": [{"type": "aspect", "offset": [14], "text": "dinner"}, {"type": "opinion", "offset": [13], "text": "without"}]}], "event": [], "spot": ["aspect", "opinion"], "asoc": ["neutral"], "spot_asoc": [{"span": "without", "label": "opinion", "asoc": []}, {"span": "dinner", "label": "aspect", "asoc": [["neutral", "without"]]}]}
{"text": "The prices are about $ 9 for an entree for dinner and even less for lunch .", "tokens": ["The", "prices", "are", "about", "$", "9", "for", "an", "entree", "for", "dinner", "and", "even", "less", "for", "lunch", "."], "record": "<extra_id_0> <extra_id_0> aspect <extra_id_5> prices <extra_id_0> positive <extra_id_5> less <extra_id_1> <extra_id_1> <extra_id_0> aspect <extra_id_5> entree <extra_id_0> positive <extra_id_5> less <extra_id_1> <extra_id_1> <extra_id_0> aspect <extra_id_5> dinner <extra_id_0> neutral <extra_id_5> less <extra_id_1> <extra_id_1> <extra_id_0> opinion <extra_id_5> less <extra_id_1> <extra_id_0> aspect <extra_id_5> lunch <extra_id_0> positive <extra_id_5> less <extra_id_1> <extra_id_1> <extra_id_1>", "entity": [{"type": "aspect", "offset": [1], "text": "prices"}, {"type": "aspect", "offset": [8], "text": "entree"}, {"type": "aspect", "offset": [10], "text": "dinner"}, {"type": "aspect", "offset": [15], "text": "lunch"}, {"type": "opinion", "offset": [13], "text": "less"}], "relation": [{"type": "positive", "args": [{"type": "aspect", "offset": [1], "text": "prices"}, {"type": "opinion", "offset": [13], "text": "less"}]}, {"type": "positive", "args": [{"type": "aspect", "offset": [8], "text": "entree"}, {"type": "opinion", "offset": [13], "text": "less"}]}, {"type": "neutral", "args": [{"type": "aspect", "offset": [10], "text": "dinner"}, {"type": "opinion", "offset": [13], "text": "less"}]}, {"type": "positive", "args": [{"type": "aspect", "offset": [15], "text": "lunch"}, {"type": "opinion", "offset": [13], "text": "less"}]}], "event": [], "spot": ["aspect", "opinion"], "asoc": ["positive", "neutral"], "spot_asoc": [{"span": "prices", "label": "aspect", "asoc": [["positive", "less"]]}, {"span": "entree", "label": "aspect", "asoc": [["positive", "less"]]}, {"span": "dinner", "label": "aspect", "asoc": [["neutral", "less"]]}, {"span": "less", "label": "opinion", "asoc": []}, {"span": "lunch", "label": "aspect", "asoc": [["positive", "less"]]}]}
{"text": "The food was so-so .", "tokens": ["The", "food", "was", "so-so", "."], "record": "<extra_id_0> <extra_id_0> aspect <extra_id_5> food <extra_id_0> neutral <extra_id_5> so-so <extra_id_1> <extra_id_1> <extra_id_0> opinion <extra_id_5> so-so <extra_id_1> <extra_id_1>", "entity": [{"type": "aspect", "offset": [1], "text": "food"}, {"type": "opinion", "offset": [3], "text": "so-so"}], "relation": [{"type": "neutral", "args": [{"type": "aspect", "offset": [1], "text": "food"}, {"type": "opinion", "offset": [3], "text": "so-so"}]}], "event": [], "spot": ["aspect", "opinion"], "asoc": ["neutral"], "spot_asoc": [{"span": "food", "label": "aspect", "asoc": [["neutral", "so-so"]]}, {"span": "so-so", "label": "opinion", "asoc": []}]}
{"text": "Service and food is what any one would expect when spending that type of money .", "tokens": ["Service", "and", "food", "is", "what", "any", "one", "would", "expect", "when", "spending", "that", "type", "of", "money", "."], "record": "<extra_id_0> <extra_id_0> aspect <extra_id_5> Service <extra_id_0> neutral <extra_id_5> expect <extra_id_1> <extra_id_1> <extra_id_0> aspect <extra_id_5> food <extra_id_0> neutral <extra_id_5> expect <extra_id_1> <extra_id_1> <extra_id_0> opinion <extra_id_5> expect <extra_id_1> <extra_id_1>", "entity": [{"type": "aspect", "offset": [0], "text": "Service"}, {"type": "aspect", "offset": [2], "text": "food"}, {"type": "opinion", "offset": [8], "text": "expect"}], "relation": [{"type": "neutral", "args": [{"type": "aspect", "offset": [0], "text": "Service"}, {"type": "opinion", "offset": [8], "text": "expect"}]}, {"type": "neutral", "args": [{"type": "aspect", "offset": [2], "text": "food"}, {"type": "opinion", "offset": [8], "text": "expect"}]}], "event": [], "spot": ["aspect", "opinion"], "asoc": ["neutral"], "spot_asoc": [{"span": "Service", "label": "aspect", "asoc": [["neutral", "expect"]]}, {"span": "food", "label": "aspect", "asoc": [["neutral", "expect"]]}, {"span": "expect", "label": "opinion", "asoc": []}]}
{"text": "They do n't seem to place an emphasis on specials or fresh ingredients which to me is necessary for good thai .", "tokens": ["They", "do", "n't", "seem", "to", "place", "an", "emphasis", "on", "specials", "or", "fresh", "ingredients", "which", "to", "me", "is", "necessary", "for", "good", "thai", "."], "record": "<extra_id_0> <extra_id_0> aspect <extra_id_5> ingredients <extra_id_0> negative <extra_id_5> good <extra_id_1> <extra_id_1> <extra_id_0> opinion <extra_id_5> good <extra_id_1> <extra_id_0> aspect <extra_id_5> thai <extra_id_0> neutral <extra_id_5> good <extra_id_1> <extra_id_1> <extra_id_1>", "entity": [{"type": "aspect", "offset": [12], "text": "ingredients"}, {"type": "aspect", "offset": [20], "text": "thai"}, {"type": "opinion", "offset": [19], "text": "good"}], "relation": [{"type": "negative", "args": [{"type": "aspect", "offset": [12], "text": "ingredients"}, {"type": "opinion", "offset": [19], "text": "good"}]}, {"type": "neutral", "args": [{"type": "aspect", "offset": [20], "text": "thai"}, {"type": "opinion", "offset": [19], "text": "good"}]}], "event": [], "spot": ["aspect", "opinion"], "asoc": ["neutral", "negative"], "spot_asoc": [{"span": "ingredients", "label": "aspect", "asoc": [["negative", "good"]]}, {"span": "good", "label": "opinion", "asoc": []}, {"span": "thai", "label": "aspect", "asoc": [["neutral", "good"]]}]}
{"text": "The wait here is long for dim sum , but if you do n't like sharing tables or if the typical raucous dim sum atmosphere is not your gig , this is a sleek ( for Chinatown ) alternative .", "tokens": ["The", "wait", "here", "is", "long", "for", "dim", "sum", ",", "but", "if", "you", "do", "n't", "like", "sharing", "tables", "or", "if", "the", "typical", "raucous", "dim", "sum", "atmosphere", "is", "not", "your", "gig", ",", "this", "is", "a", "sleek", "(", "for", "Chinatown", ")", "alternative", "."], "record": "<extra_id_0> <extra_id_0> aspect <extra_id_5> wait <extra_id_0> negative <extra_id_5> long <extra_id_1> <extra_id_1> <extra_id_0> opinion <extra_id_5> long <extra_id_1> <extra_id_0> aspect <extra_id_5> dim sum <extra_id_0> neutral <extra_id_5> long <extra_id_1> <extra_id_1> <extra_id_0> opinion <extra_id_5> typical raucous <extra_id_1> <extra_id_0> aspect <extra_id_5> dim sum atmosphere <extra_id_0> neutral <extra_id_5> typical raucous <extra_id_1> <extra_id_1> <extra_id_1>", "entity": [{"type": "aspect", "offset": [1], "text": "wait"}, {"type": "aspect", "offset": [6, 7], "text": "dim sum"}, {"type": "aspect", "offset": [22, 23, 24], "text": "dim sum atmosphere"}, {"type": "opinion", "offset": [4], "text": "long"}, {"type": "opinion", "offset": [20, 21], "text": "typical raucous"}], "relation": [{"type": "negative", "args": [{"type": "aspect", "offset": [1], "text": "wait"}, {"type": "opinion", "offset": [4], "text": "long"}]}, {"type": "neutral", "args": [{"type": "aspect", "offset": [6, 7], "text": "dim sum"}, {"type": "opinion", "offset": [4], "text": "long"}]}, {"type": "neutral", "args": [{"type": "aspect", "offset": [22, 23, 24], "text": "dim sum atmosphere"}, {"type": "opinion", "offset": [20, 21], "text": "typical raucous"}]}], "event": [], "spot": ["aspect", "opinion"], "asoc": ["neutral", "negative"], "spot_asoc": [{"span": "wait", "label": "aspect", "asoc": [["negative", "long"]]}, {"span": "long", "label": "opinion", "asoc": []}, {"span": "dim sum", "label": "aspect", "asoc": [["neutral", "long"]]}, {"span": "typical raucous", "label": "opinion", "asoc": []}, {"span": "dim sum atmosphere", "label": "aspect", "asoc": [["neutral", "typical raucous"]]}]}
{"text": "And forget what you read under me , the atmosphere is n't that bad either .", "tokens": ["And", "forget", "what", "you", "read", "under", "me", ",", "the", "atmosphere", "is", "n't", "that", "bad", "either", "."], "record": "<extra_id_0> <extra_id_0> aspect <extra_id_5> atmosphere <extra_id_0> neutral <extra_id_5> is n't that bad <extra_id_1> <extra_id_1> <extra_id_0> opinion <extra_id_5> is n't that bad <extra_id_1> <extra_id_1>", "entity": [{"type": "aspect", "offset": [9], "text": "atmosphere"}, {"type": "opinion", "offset": [10, 11, 12, 13], "text": "is n't that bad"}], "relation": [{"type": "neutral", "args": [{"type": "aspect", "offset": [9], "text": "atmosphere"}, {"type": "opinion", "offset": [10, 11, 12, 13], "text": "is n't that bad"}]}], "event": [], "spot": ["aspect", "opinion"], "asoc": ["neutral"], "spot_asoc": [{"span": "atmosphere", "label": "aspect", "asoc": [["neutral", "is n't that bad"]]}, {"span": "is n't that bad", "label": "opinion", "asoc": []}]}
{"text": "Threw my fiance 's surprise 30th birthday dinner here could n't be happier .", "tokens": ["Threw", "my", "fiance", "'s", "surprise", "30th", "birthday", "dinner", "here", "could", "n't", "be", "happier", "."], "record": "<extra_id_0> <extra_id_0> aspect <extra_id_5> dinner <extra_id_0> neutral <extra_id_5> could n't be happier <extra_id_1> <extra_id_1> <extra_id_0> opinion <extra_id_5> could n't be happier <extra_id_1> <extra_id_1>", "entity": [{"type": "aspect", "offset": [7], "text": "dinner"}, {"type": "opinion", "offset": [9, 10, 11, 12], "text": "could n't be happier"}], "relation": [{"type": "neutral", "args": [{"type": "aspect", "offset": [7], "text": "dinner"}, {"type": "opinion", "offset": [9, 10, 11, 12], "text": "could n't be happier"}]}], "event": [], "spot": ["aspect", "opinion"], "asoc": ["neutral"], "spot_asoc": [{"span": "dinner", "label": "aspect", "asoc": [["neutral", "could n't be happier"]]}, {"span": "could n't be happier", "label": "opinion", "asoc": []}]}
{"text": "A cheap eat for NYC , but not for dosa .", "tokens": ["A", "cheap", "eat", "for", "NYC", ",", "but", "not", "for", "dosa", "."], "record": "<extra_id_0> <extra_id_0> opinion <extra_id_5> cheap <extra_id_1> <extra_id_0> aspect <extra_id_5> eat <extra_id_0> positive <extra_id_5> cheap <extra_id_1> <extra_id_1> <extra_id_0> opinion <extra_id_5> but <extra_id_1> <extra_id_0> aspect <extra_id_5> dosa <extra_id_0> negative <extra_id_5> but <extra_id_1> <extra_id_1> <extra_id_1>", "entity": [{"type": "aspect", "offset": [9], "text": "dosa"}, {"type": "aspect", "offset": [2], "text": "eat"}, {"type": "opinion", "offset": [6], "text": "but"}, {"type": "opinion", "offset": [1], "text": "cheap"}], "relation": [{"type": "negative", "args": [{"type": "aspect", "offset": [9], "text": "dosa"}, {"type": "opinion", "offset": [6], "text": "but"}]}, {"type": "positive", "args": [{"type": "aspect", "offset": [2], "text": "eat"}, {"type": "opinion", "offset": [1], "text": "cheap"}]}], "event": [], "spot": ["aspect", "opinion"], "asoc": ["positive", "negative"], "spot_asoc": [{"span": "cheap", "label": "opinion", "asoc": []}, {"span": "eat", "label": "aspect", "asoc": [["positive", "cheap"]]}, {"span": "but", "label": "opinion", "asoc": []}, {"span": "dosa", "label": "aspect", "asoc": [["negative", "but"]]}]}
{"text": "If I wanted to deal with a crappy scene and annoying customers I 'd go out in Manhattan .", "tokens": ["If", "I", "wanted", "to", "deal", "with", "a", "crappy", "scene", "and", "annoying", "customers", "I", "'d", "go", "out", "in", "Manhattan", "."], "record": "<extra_id_0> <extra_id_0> opinion <extra_id_5> crappy <extra_id_1> <extra_id_0> aspect <extra_id_5> scene <extra_id_0> negative <extra_id_5> crappy <extra_id_1> <extra_id_1> <extra_id_0> opinion <extra_id_5> annoying <extra_id_1> <extra_id_0> aspect <extra_id_5> customers <extra_id_0> negative <extra_id_5> annoying <extra_id_1> <extra_id_1> <extra_id_1>", "entity": [{"type": "aspect", "offset": [8], "text": "scene"}, {"type": "aspect", "offset": [11], "text": "customers"}, {"type": "opinion", "offset": [7], "text": "crappy"}, {"type": "opinion", "offset": [10], "text": "annoying"}], "relation": [{"type": "negative", "args": [{"type": "aspect", "offset": [8], "text": "scene"}, {"type": "opinion", "offset": [7], "text": "crappy"}]}, {"type": "negative", "args": [{"type": "aspect", "offset": [11], "text": "customers"}, {"type": "opinion", "offset": [10], "text": "annoying"}]}], "event": [], "spot": ["aspect", "opinion"], "asoc": ["negative"], "spot_asoc": [{"span": "crappy", "label": "opinion", "asoc": []}, {"span": "scene", "label": "aspect", "asoc": [["negative", "crappy"]]}, {"span": "annoying", "label": "opinion", "asoc": []}, {"span": "customers", "label": "aspect", "asoc": [["negative", "annoying"]]}]}
{"text": "The worst excuse for Japanese food I 've ever encountered .", "tokens": ["The", "worst", "excuse", "for", "Japanese", "food", "I", "'ve", "ever", "encountered", "."], "record": "<extra_id_0> <extra_id_0> opinion <extra_id_5> worst <extra_id_1> <extra_id_0> aspect <extra_id_5> Japanese food <extra_id_0> negative <extra_id_5> worst <extra_id_1> <extra_id_1> <extra_id_1>", "entity": [{"type": "aspect", "offset": [4, 5], "text": "Japanese food"}, {"type": "opinion", "offset": [1], "text": "worst"}], "relation": [{"type": "negative", "args": [{"type": "aspect", "offset": [4, 5], "text": "Japanese food"}, {"type": "opinion", "offset": [1], "text": "worst"}]}], "event": [], "spot": ["aspect", "opinion"], "asoc": ["negative"], "spot_asoc": [{"span": "worst", "label": "opinion", "asoc": []}, {"span": "Japanese food", "label": "aspect", "asoc": [["negative", "worst"]]}]}
{"text": "The red curry is weak and tasteless , the pad thai is stuck together and lumpy , the rice is often overcooked , and the seafood is pretty sketchy .", "tokens": ["The", "red", "curry", "is", "weak", "and", "tasteless", ",", "the", "pad", "thai", "is", "stuck", "together", "and", "lumpy", ",", "the", "rice", "is", "often", "overcooked", ",", "and", "the", "seafood", "is", "pretty", "sketchy", "."], "record": "<extra_id_0> <extra_id_0> aspect <extra_id_5> red curry <extra_id_0> negative <extra_id_5> weak <extra_id_1> <extra_id_0> negative <extra_id_5> tasteless <extra_id_1> <extra_id_1> <extra_id_0> opinion <extra_id_5> weak <extra_id_1> <extra_id_0> opinion <extra_id_5> tasteless <extra_id_1> <extra_id_0> aspect <extra_id_5> pad thai <extra_id_0> negative <extra_id_5> stuck <extra_id_1> <extra_id_0> negative <extra_id_5> lumpy <extra_id_1> <extra_id_1> <extra_id_0> opinion <extra_id_5> stuck <extra_id_1> <extra_id_0> opinion <extra_id_5> lumpy <extra_id_1> <extra_id_0> aspect <extra_id_5> rice <extra_id_0> negative <extra_id_5> overcooked <extra_id_1> <extra_id_1> <extra_id_0> opinion <extra_id_5> overcooked <extra_id_1> <extra_id_0> aspect <extra_id_5> seafood <extra_id_0> negative <extra_id_5> sketchy <extra_id_1> <extra_id_1> <extra_id_0> opinion <extra_id_5> sketchy <extra_id_1> <extra_id_1>", "entity": [{"type": "aspect", "offset": [1, 2], "text": "red curry"}, {"type": "aspect", "offset": [9, 10], "text": "pad thai"}, {"type": "aspect", "offset": [18], "text": "rice"}, {"type": "aspect", "offset": [25], "text": "seafood"}, {"type": "opinion", "offset": [4], "text": "weak"}, {"type": "opinion", "offset": [6], "text": "tasteless"}, {"type": "opinion", "offset": [12], "text": "stuck"}, {"type": "opinion", "offset": [15], "text": "lumpy"}, {"type": "opinion", "offset": [21], "text": "overcooked"}, {"type": "opinion", "offset": [28], "text": "sketchy"}], "relation": [{"type": "negative", "args": [{"type": "aspect", "offset": [1, 2], "text": "red curry"}, {"type": "opinion", "offset": [4], "text": "weak"}]}, {"type": "negative", "args": [{"type": "aspect", "offset": [1, 2], "text": "red curry"}, {"type": "opinion", "offset": [6], "text": "tasteless"}]}, {"type": "negative", "args": [{"type": "aspect", "offset": [9, 10], "text": "pad thai"}, {"type": "opinion", "offset": [12], "text": "stuck"}]}, {"type": "negative", "args": [{"type": "aspect", "offset": [9, 10], "text": "pad thai"}, {"type": "opinion", "offset": [15], "text": "lumpy"}]}, {"type": "negative", "args": [{"type": "aspect", "offset": [18], "text": "rice"}, {"type": "opinion", "offset": [21], "text": "overcooked"}]}, {"type": "negative", "args": [{"type": "aspect", "offset": [25], "text": "seafood"}, {"type": "opinion", "offset": [28], "text": "sketchy"}]}], "event": [], "spot": ["aspect", "opinion"], "asoc": ["negative"], "spot_asoc": [{"span": "red curry", "label": "aspect", "asoc": [["negative", "weak"], ["negative", "tasteless"]]}, {"span": "weak", "label": "opinion", "asoc": []}, {"span": "tasteless", "label": "opinion", "asoc": []}, {"span": "pad thai", "label": "aspect", "asoc": [["negative", "stuck"], ["negative", "lumpy"]]}, {"span": "stuck", "label": "opinion", "asoc": []}, {"span": "lumpy", "label": "opinion", "asoc": []}, {"span": "rice", "label": "aspect", "asoc": [["negative", "overcooked"]]}, {"span": "overcooked", "label": "opinion", "asoc": []}, {"span": "seafood", "label": "aspect", "asoc": [["negative", "sketchy"]]}, {"span": "sketchy", "label": "opinion", "asoc": []}]}
{"text": "Late nite omelletes are not good here , there is no variety !", "tokens": ["Late", "nite", "omelletes", "are", "not", "good", "here", ",", "there", "is", "no", "variety", "!"], "record": "<extra_id_0> <extra_id_0> aspect <extra_id_5> omelletes <extra_id_0> negative <extra_id_5> not good <extra_id_1> <extra_id_1> <extra_id_0> opinion <extra_id_5> not good <extra_id_1> <extra_id_1>", "entity": [{"type": "aspect", "offset": [2], "text": "omelletes"}, {"type": "opinion", "offset": [4, 5], "text": "not good"}], "relation": [{"type": "negative", "args": [{"type": "aspect", "offset": [2], "text": "omelletes"}, {"type": "opinion", "offset": [4, 5], "text": "not good"}]}], "event": [], "spot": ["aspect", "opinion"], "asoc": ["negative"], "spot_asoc": [{"span": "omelletes", "label": "aspect", "asoc": [["negative", "not good"]]}, {"span": "not good", "label": "opinion", "asoc": []}]}
{"text": "those rolls were big , but not good and sashimi was n't fresh .", "tokens": ["those", "rolls", "were", "big", ",", "but", "not", "good", "and", "sashimi", "was", "n't", "fresh", "."], "record": "<extra_id_0> <extra_id_0> aspect <extra_id_5> sashimi <extra_id_0> negative <extra_id_5> was n't fresh <extra_id_1> <extra_id_1> <extra_id_0> opinion <extra_id_5> was n't fresh <extra_id_1> <extra_id_1>", "entity": [{"type": "aspect", "offset": [9], "text": "sashimi"}, {"type": "opinion", "offset": [10, 11, 12], "text": "was n't fresh"}], "relation": [{"type": "negative", "args": [{"type": "aspect", "offset": [9], "text": "sashimi"}, {"type": "opinion", "offset": [10, 11, 12], "text": "was n't fresh"}]}], "event": [], "spot": ["aspect", "opinion"], "asoc": ["negative"], "spot_asoc": [{"span": "sashimi", "label": "aspect", "asoc": [["negative", "was n't fresh"]]}, {"span": "was n't fresh", "label": "opinion", "asoc": []}]}
{"text": "But the thing that my wife and I hated was it was so loud and it felt like ' bar ' or ' pub ' .", "tokens": ["But", "the", "thing", "that", "my", "wife", "and", "I", "hated", "was", "it", "was", "so", "loud", "and", "it", "felt", "like", "'", "bar", "'", "or", "'", "pub", "'", "."], "record": "<extra_id_0> <extra_id_0> opinion <extra_id_5> loud <extra_id_1> <extra_id_0> aspect <extra_id_5> bar <extra_id_0> negative <extra_id_5> loud <extra_id_1> <extra_id_1> <extra_id_0> aspect <extra_id_5> pub <extra_id_0> negative <extra_id_5> loud <extra_id_1> <extra_id_1> <extra_id_1>", "entity": [{"type": "aspect", "offset": [19], "text": "bar"}, {"type": "aspect", "offset": [23], "text": "pub"}, {"type": "opinion", "offset": [13], "text": "loud"}], "relation": [{"type": "negative", "args": [{"type": "aspect", "offset": [19], "text": "bar"}, {"type": "opinion", "offset": [13], "text": "loud"}]}, {"type": "negative", "args": [{"type": "aspect", "offset": [23], "text": "pub"}, {"type": "opinion", "offset": [13], "text": "loud"}]}], "event": [], "spot": ["aspect", "opinion"], "asoc": ["negative"], "spot_asoc": [{"span": "loud", "label": "opinion", "asoc": []}, {"span": "bar", "label": "aspect", "asoc": [["negative", "loud"]]}, {"span": "pub", "label": "aspect", "asoc": [["negative", "loud"]]}]}
{"text": "I do n't know who they think they are but they have no respect for the residents of the neighborhood ever since they opened their cabaret next door and blasts loud music till three in the morning every weekend during the summer .", "tokens": ["I", "do", "n't", "know", "who", "they", "think", "they", "are", "but", "they", "have", "no", "respect", "for", "the", "residents", "of", "the", "neighborhood", "ever", "since", "they", "opened", "their", "cabaret", "next", "door", "and", "blasts", "loud", "music", "till", "three", "in", "the", "morning", "every", "weekend", "during", "the", "summer", "."], "record": "<extra_id_0> <extra_id_0> opinion <extra_id_5> loud <extra_id_1> <extra_id_0> aspect <extra_id_5> music <extra_id_0> negative <extra_id_5> loud <extra_id_1> <extra_id_1> <extra_id_1>", "entity": [{"type": "aspect", "offset": [31], "text": "music"}, {"type": "opinion", "offset": [30], "text": "loud"}], "relation": [{"type": "negative", "args": [{"type": "aspect", "offset": [31], "text": "music"}, {"type": "opinion", "offset": [30], "text": "loud"}]}], "event": [], "spot": ["aspect", "opinion"], "asoc": ["negative"], "spot_asoc": [{"span": "loud", "label": "opinion", "asoc": []}, {"span": "music", "label": "aspect", "asoc": [["negative", "loud"]]}]}
{"text": "For the next hour and a half we stood in the crowded lobby area of this touristy restaurant listening to all types of explanations of why we were not being seated .", "tokens": ["For", "the", "next", "hour", "and", "a", "half", "we", "stood", "in", "the", "crowded", "lobby", "area", "of", "this", "touristy", "restaurant", "listening", "to", "all", "types", "of", "explanations", "of", "why", "we", "were", "not", "being", "seated", "."], "record": "<extra_id_0> <extra_id_0> opinion <extra_id_5> crowded <extra_id_1> <extra_id_0> aspect <extra_id_5> lobby area <extra_id_0> negative <extra_id_5> crowded <extra_id_1> <extra_id_1> <extra_id_1>", "entity": [{"type": "aspect", "offset": [12, 13], "text": "lobby area"}, {"type": "opinion", "offset": [11], "text": "crowded"}], "relation": [{"type": "negative", "args": [{"type": "aspect", "offset": [12, 13], "text": "lobby area"}, {"type": "opinion", "offset": [11], "text": "crowded"}]}], "event": [], "spot": ["aspect", "opinion"], "asoc": ["negative"], "spot_asoc": [{"span": "crowded", "label": "opinion", "asoc": []}, {"span": "lobby area", "label": "aspect", "asoc": [["negative", "crowded"]]}]}
{"text": "The Halibut was too salty , dessert was so so ( do n't waste any of your calories ) and service was poor .", "tokens": ["The", "Halibut", "was", "too", "salty", ",", "dessert", "was", "so", "so", "(", "do", "n't", "waste", "any", "of", "your", "calories", ")", "and", "service", "was", "poor", "."], "record": "<extra_id_0> <extra_id_0> aspect <extra_id_5> Halibut <extra_id_0> negative <extra_id_5> salty <extra_id_1> <extra_id_1> <extra_id_0> opinion <extra_id_5> salty <extra_id_1> <extra_id_0> aspect <extra_id_5> dessert <extra_id_0> neutral <extra_id_5> so so <extra_id_1> <extra_id_1> <extra_id_0> opinion <extra_id_5> so so <extra_id_1> <extra_id_0> aspect <extra_id_5> service <extra_id_0> negative <extra_id_5> poor <extra_id_1> <extra_id_1> <extra_id_0> opinion <extra_id_5> poor <extra_id_1> <extra_id_1>", "entity": [{"type": "aspect", "offset": [1], "text": "Halibut"}, {"type": "aspect", "offset": [6], "text": "dessert"}, {"type": "aspect", "offset": [20], "text": "service"}, {"type": "opinion", "offset": [4], "text": "salty"}, {"type": "opinion", "offset": [8, 9], "text": "so so"}, {"type": "opinion", "offset": [22], "text": "poor"}], "relation": [{"type": "negative", "args": [{"type": "aspect", "offset": [1], "text": "Halibut"}, {"type": "opinion", "offset": [4], "text": "salty"}]}, {"type": "neutral", "args": [{"type": "aspect", "offset": [6], "text": "dessert"}, {"type": "opinion", "offset": [8, 9], "text": "so so"}]}, {"type": "negative", "args": [{"type": "aspect", "offset": [20], "text": "service"}, {"type": "opinion", "offset": [22], "text": "poor"}]}], "event": [], "spot": ["aspect", "opinion"], "asoc": ["neutral", "negative"], "spot_asoc": [{"span": "Halibut", "label": "aspect", "asoc": [["negative", "salty"]]}, {"span": "salty", "label": "opinion", "asoc": []}, {"span": "dessert", "label": "aspect", "asoc": [["neutral", "so so"]]}, {"span": "so so", "label": "opinion", "asoc": []}, {"span": "service", "label": "aspect", "asoc": [["negative", "poor"]]}, {"span": "poor", "label": "opinion", "asoc": []}]}
