{"text": "Food was average and creme brulee was awful - the sugar was charred , not caramelized and smelled of kerosene .", "tokens": ["Food", "was", "average", "and", "creme", "brulee", "was", "awful", "-", "the", "sugar", "was", "charred", ",", "not", "caramelized", "and", "smelled", "of", "kerosene", "."], "record": "<extra_id_0> <extra_id_0> aspect <extra_id_5> Food <extra_id_0> neutral <extra_id_5> average <extra_id_1> <extra_id_1> <extra_id_0> opinion <extra_id_5> average <extra_id_1> <extra_id_0> aspect <extra_id_5> creme brulee <extra_id_0> negative <extra_id_5> awful <extra_id_1> <extra_id_1> <extra_id_0> opinion <extra_id_5> awful <extra_id_1> <extra_id_0> aspect <extra_id_5> sugar <extra_id_0> negative <extra_id_5> charred <extra_id_1> <extra_id_1> <extra_id_0> opinion <extra_id_5> charred <extra_id_1> <extra_id_1>", "entity": [{"type": "aspect", "offset": [0], "text": "Food"}, {"type": "aspect", "offset": [4, 5], "text": "creme brulee"}, {"type": "aspect", "offset": [10], "text": "sugar"}, {"type": "opinion", "offset": [2], "text": "average"}, {"type": "opinion", "offset": [7], "text": "awful"}, {"type": "opinion", "offset": [12], "text": "charred"}], "relation": [{"type": "neutral", "args": [{"type": "aspect", "offset": [0], "text": "Food"}, {"type": "opinion", "offset": [2], "text": "average"}]}, {"type": "negative", "args": [{"type": "aspect", "offset": [4, 5], "text": "creme brulee"}, {"type": "opinion", "offset": [7], "text": "awful"}]}, {"type": "negative", "args": [{"type": "aspect", "offset": [10], "text": "sugar"}, {"type": "opinion", "offset": [12], "text": "charred"}]}], "event": [], "spot": ["aspect", "opinion"], "asoc": ["negative", "neutral"], "spot_asoc": [{"span": "Food", "label": "aspect", "asoc": [["neutral", "average"]]}, {"span": "average", "label": "opinion", "asoc": []}, {"span": "creme brulee", "label": "aspect", "asoc": [["negative", "awful"]]}, {"span": "awful", "label": "opinion", "asoc": []}, {"span": "sugar", "label": "aspect", "asoc": [["negative", "charred"]]}, {"span": "charred", "label": "opinion", "asoc": []}]}
{"text": "The ambiance is minimal the food is not phenomenal , but some dishes are quite good , such as the eggplant parmesan , veal in carozza chicken saltimbocca .", "tokens": ["The", "ambiance", "is", "minimal", "the", "food", "is", "not", "phenomenal", ",", "but", "some", "dishes", "are", "quite", "good", ",", "such", "as", "the", "eggplant", "parmesan", ",", "veal", "in", "carozza", "chicken", "saltimbocca", "."], "record": "<extra_id_0> <extra_id_0> aspect <extra_id_5> ambiance <extra_id_0> positive <extra_id_5> minimal <extra_id_1> <extra_id_1> <extra_id_0> opinion <extra_id_5> minimal <extra_id_1> <extra_id_0> aspect <extra_id_5> food <extra_id_0> negative <extra_id_5> not phenomenal <extra_id_1> <extra_id_1> <extra_id_0> opinion <extra_id_5> not phenomenal <extra_id_1> <extra_id_0> aspect <extra_id_5> dishes <extra_id_0> positive <extra_id_5> good <extra_id_1> <extra_id_1> <extra_id_0> opinion <extra_id_5> good <extra_id_1> <extra_id_0> aspect <extra_id_5> eggplant parmesan <extra_id_0> positive <extra_id_5> good <extra_id_1> <extra_id_1> <extra_id_0> aspect <extra_id_5> veal in carozza chicken saltimbocca <extra_id_0> positive <extra_id_5> good <extra_id_1> <extra_id_1> <extra_id_1>", "entity": [{"type": "aspect", "offset": [1], "text": "ambiance"}, {"type": "aspect", "offset": [5], "text": "food"}, {"type": "aspect", "offset": [12], "text": "dishes"}, {"type": "aspect", "offset": [20, 21], "text": "eggplant parmesan"}, {"type": "aspect", "offset": [23, 24, 25, 26, 27], "text": "veal in carozza chicken saltimbocca"}, {"type": "opinion", "offset": [3], "text": "minimal"}, {"type": "opinion", "offset": [7, 8], "text": "not phenomenal"}, {"type": "opinion", "offset": [15], "text": "good"}], "relation": [{"type": "positive", "args": [{"type": "aspect", "offset": [1], "text": "ambiance"}, {"type": "opinion", "offset": [3], "text": "minimal"}]}, {"type": "negative", "args": [{"type": "aspect", "offset": [5], "text": "food"}, {"type": "opinion", "offset": [7, 8], "text": "not phenomenal"}]}, {"type": "positive", "args": [{"type": "aspect", "offset": [12], "text": "dishes"}, {"type": "opinion", "offset": [15], "text": "good"}]}, {"type": "positive", "args": [{"type": "aspect", "offset": [20, 21], "text": "eggplant parmesan"}, {"type": "opinion", "offset": [15], "text": "good"}]}, {"type": "positive", "args": [{"type": "aspect", "offset": [23, 24, 25, 26, 27], "text": "veal in carozza chicken saltimbocca"}, {"type": "opinion", "offset": [15], "text": "good"}]}], "event": [], "spot": ["aspect", "opinion"], "asoc": ["positive", "negative"], "spot_asoc": [{"span": "ambiance", "label": "aspect", "asoc": [["positive", "minimal"]]}, {"span": "minimal", "label": "opinion", "asoc": []}, {"span": "food", "label": "aspect", "asoc": [["negative", "not phenomenal"]]}, {"span": "not phenomenal", "label": "opinion", "asoc": []}, {"span": "dishes", "label": "aspect", "asoc": [["positive", "good"]]}, {"span": "good", "label": "opinion", "asoc": []}, {"span": "eggplant parmesan", "label": "aspect", "asoc": [["positive", "good"]]}, {"span": "veal in carozza chicken saltimbocca", "label": "aspect", "asoc": [["positive", "good"]]}]}
{"text": "Barbecued codfish was gorgeously moist - as if poached - yet the fabulous texture was let down by curiously bland seasoning - a spice rub might have overwhelmed , however herb mix or other sauce would have done much to enhance .", "tokens": ["Barbecued", "codfish", "was", "gorgeously", "moist", "-", "as", "if", "poached", "-", "yet", "the", "fabulous", "texture", "was", "let", "down", "by", "curiously", "bland", "seasoning", "-", "a", "spice", "rub", "might", "have", "overwhelmed", ",", "however", "herb", "mix", "or", "other", "sauce", "would", "have", "done", "much", "to", "enhance", "."], "record": "<extra_id_0> <extra_id_0> aspect <extra_id_5> Barbecued codfish <extra_id_0> positive <extra_id_5> moist <extra_id_1> <extra_id_1> <extra_id_0> opinion <extra_id_5> moist <extra_id_1> <extra_id_0> opinion <extra_id_5> bland <extra_id_1> <extra_id_0> aspect <extra_id_5> seasoning <extra_id_0> negative <extra_id_5> bland <extra_id_1> <extra_id_1> <extra_id_0> aspect <extra_id_5> spice rub <extra_id_0> negative <extra_id_5> overwhelmed <extra_id_1> <extra_id_1> <extra_id_0> opinion <extra_id_5> overwhelmed <extra_id_1> <extra_id_0> aspect <extra_id_5> herb mix <extra_id_0> negative <extra_id_5> to enhance <extra_id_1> <extra_id_1> <extra_id_0> aspect <extra_id_5> sauce <extra_id_0> negative <extra_id_5> to enhance <extra_id_1> <extra_id_1> <extra_id_0> opinion <extra_id_5> to enhance <extra_id_1> <extra_id_1>", "entity": [{"type": "aspect", "offset": [0, 1], "text": "Barbecued codfish"}, {"type": "aspect", "offset": [20], "text": "seasoning"}, {"type": "aspect", "offset": [23, 24], "text": "spice rub"}, {"type": "aspect", "offset": [30, 31], "text": "herb mix"}, {"type": "aspect", "offset": [34], "text": "sauce"}, {"type": "opinion", "offset": [4], "text": "moist"}, {"type": "opinion", "offset": [19], "text": "bland"}, {"type": "opinion", "offset": [27], "text": "overwhelmed"}, {"type": "opinion", "offset": [39, 40], "text": "to enhance"}], "relation": [{"type": "positive", "args": [{"type": "aspect", "offset": [0, 1], "text": "Barbecued codfish"}, {"type": "opinion", "offset": [4], "text": "moist"}]}, {"type": "negative", "args": [{"type": "aspect", "offset": [20], "text": "seasoning"}, {"type": "opinion", "offset": [19], "text": "bland"}]}, {"type": "negative", "args": [{"type": "aspect", "offset": [23, 24], "text": "spice rub"}, {"type": "opinion", "offset": [27], "text": "overwhelmed"}]}, {"type": "negative", "args": [{"type": "aspect", "offset": [30, 31], "text": "herb mix"}, {"type": "opinion", "offset": [39, 40], "text": "to enhance"}]}, {"type": "negative", "args": [{"type": "aspect", "offset": [34], "text": "sauce"}, {"type": "opinion", "offset": [39, 40], "text": "to enhance"}]}], "event": [], "spot": ["aspect", "opinion"], "asoc": ["positive", "negative"], "spot_asoc": [{"span": "Barbecued codfish", "label": "aspect", "asoc": [["positive", "moist"]]}, {"span": "moist", "label": "opinion", "asoc": []}, {"span": "bland", "label": "opinion", "asoc": []}, {"span": "seasoning", "label": "aspect", "asoc": [["negative", "bland"]]}, {"span": "spice rub", "label": "aspect", "asoc": [["negative", "overwhelmed"]]}, {"span": "overwhelmed", "label": "opinion", "asoc": []}, {"span": "herb mix", "label": "aspect", "asoc": [["negative", "to enhance"]]}, {"span": "sauce", "label": "aspect", "asoc": [["negative", "to enhance"]]}, {"span": "to enhance", "label": "opinion", "asoc": []}]}
{"text": "I would n't even have complained at all if the food at least tasted good but the quality of food was crappy , too .", "tokens": ["I", "would", "n't", "even", "have", "complained", "at", "all", "if", "the", "food", "at", "least", "tasted", "good", "but", "the", "quality", "of", "food", "was", "crappy", ",", "too", "."], "record": "<extra_id_0> <extra_id_0> aspect <extra_id_5> quality of food <extra_id_0> negative <extra_id_5> crappy <extra_id_1> <extra_id_1> <extra_id_0> opinion <extra_id_5> crappy <extra_id_1> <extra_id_1>", "entity": [{"type": "aspect", "offset": [17, 18, 19], "text": "quality of food"}, {"type": "opinion", "offset": [21], "text": "crappy"}], "relation": [{"type": "negative", "args": [{"type": "aspect", "offset": [17, 18, 19], "text": "quality of food"}, {"type": "opinion", "offset": [21], "text": "crappy"}]}], "event": [], "spot": ["aspect", "opinion"], "asoc": ["negative"], "spot_asoc": [{"span": "quality of food", "label": "aspect", "asoc": [["negative", "crappy"]]}, {"span": "crappy", "label": "opinion", "asoc": []}]}
{"text": "The noise level was unbearable , conversation impossible .", "tokens": ["The", "noise", "level", "was", "unbearable", ",", "conversation", "impossible", "."], "record": "<extra_id_0> <extra_id_0> aspect <extra_id_5> noise level <extra_id_0> negative <extra_id_5> unbearable <extra_id_1> <extra_id_1> <extra_id_0> opinion <extra_id_5> unbearable <extra_id_1> <extra_id_1>", "entity": [{"type": "aspect", "offset": [1, 2], "text": "noise level"}, {"type": "opinion", "offset": [4], "text": "unbearable"}], "relation": [{"type": "negative", "args": [{"type": "aspect", "offset": [1, 2], "text": "noise level"}, {"type": "opinion", "offset": [4], "text": "unbearable"}]}], "event": [], "spot": ["aspect", "opinion"], "asoc": ["negative"], "spot_asoc": [{"span": "noise level", "label": "aspect", "asoc": [["negative", "unbearable"]]}, {"span": "unbearable", "label": "opinion", "asoc": []}]}
{"text": "Everything , from the soft bread , soggy salad , and 50 minute wait time , with an incredibly rude service to deliver below average food .", "tokens": ["Everything", ",", "from", "the", "soft", "bread", ",", "soggy", "salad", ",", "and", "50", "minute", "wait", "time", ",", "with", "an", "incredibly", "rude", "service", "to", "deliver", "below", "average", "food", "."], "record": "<extra_id_0> <extra_id_0> opinion <extra_id_5> rude <extra_id_1> <extra_id_0> aspect <extra_id_5> service <extra_id_0> negative <extra_id_5> rude <extra_id_1> <extra_id_1> <extra_id_0> opinion <extra_id_5> below average <extra_id_1> <extra_id_0> aspect <extra_id_5> food <extra_id_0> negative <extra_id_5> below average <extra_id_1> <extra_id_1> <extra_id_1>", "entity": [{"type": "aspect", "offset": [20], "text": "service"}, {"type": "aspect", "offset": [25], "text": "food"}, {"type": "opinion", "offset": [19], "text": "rude"}, {"type": "opinion", "offset": [23, 24], "text": "below average"}], "relation": [{"type": "negative", "args": [{"type": "aspect", "offset": [20], "text": "service"}, {"type": "opinion", "offset": [19], "text": "rude"}]}, {"type": "negative", "args": [{"type": "aspect", "offset": [25], "text": "food"}, {"type": "opinion", "offset": [23, 24], "text": "below average"}]}], "event": [], "spot": ["aspect", "opinion"], "asoc": ["negative"], "spot_asoc": [{"span": "rude", "label": "opinion", "asoc": []}, {"span": "service", "label": "aspect", "asoc": [["negative", "rude"]]}, {"span": "below average", "label": "opinion", "asoc": []}, {"span": "food", "label": "aspect", "asoc": [["negative", "below average"]]}]}
{"text": "The sushi has been from average to below average , the wait service has always been subpar the atmosphere goes from nice to really irritating ( if you sit in the area beyond the kitchen , the acousitcs are horrid , everything echoes is extremely loud ) .", "tokens": ["The", "sushi", "has", "been", "from", "average", "to", "below", "average", ",", "the", "wait", "service", "has", "always", "been", "subpar", "the", "atmosphere", "goes", "from", "nice", "to", "really", "irritating", "(", "if", "you", "sit", "in", "the", "area", "beyond", "the", "kitchen", ",", "the", "acousitcs", "are", "horrid", ",", "everything", "echoes", "is", "extremely", "loud", ")", "."], "record": "<extra_id_0> <extra_id_0> aspect <extra_id_5> sushi <extra_id_0> negative <extra_id_5> below average <extra_id_1> <extra_id_1> <extra_id_0> opinion <extra_id_5> below average <extra_id_1> <extra_id_0> aspect <extra_id_5> wait service <extra_id_0> negative <extra_id_5> subpar <extra_id_1> <extra_id_1> <extra_id_0> opinion <extra_id_5> subpar <extra_id_1> <extra_id_0> aspect <extra_id_5> area <extra_id_0> negative <extra_id_5> loud <extra_id_1> <extra_id_1> <extra_id_0> opinion <extra_id_5> loud <extra_id_1> <extra_id_1>", "entity": [{"type": "aspect", "offset": [1], "text": "sushi"}, {"type": "aspect", "offset": [11, 12], "text": "wait service"}, {"type": "aspect", "offset": [31], "text": "area"}, {"type": "opinion", "offset": [7, 8], "text": "below average"}, {"type": "opinion", "offset": [16], "text": "subpar"}, {"type": "opinion", "offset": [45], "text": "loud"}], "relation": [{"type": "negative", "args": [{"type": "aspect", "offset": [1], "text": "sushi"}, {"type": "opinion", "offset": [7, 8], "text": "below average"}]}, {"type": "negative", "args": [{"type": "aspect", "offset": [11, 12], "text": "wait service"}, {"type": "opinion", "offset": [16], "text": "subpar"}]}, {"type": "negative", "args": [{"type": "aspect", "offset": [31], "text": "area"}, {"type": "opinion", "offset": [45], "text": "loud"}]}], "event": [], "spot": ["aspect", "opinion"], "asoc": ["negative"], "spot_asoc": [{"span": "sushi", "label": "aspect", "asoc": [["negative", "below average"]]}, {"span": "below average", "label": "opinion", "asoc": []}, {"span": "wait service", "label": "aspect", "asoc": [["negative", "subpar"]]}, {"span": "subpar", "label": "opinion", "asoc": []}, {"span": "area", "label": "aspect", "asoc": [["negative", "loud"]]}, {"span": "loud", "label": "opinion", "asoc": []}]}
{"text": "Thalia is a beautiful restaurant with beautiful people serving you , but the food does n't quite match up .", "tokens": ["Thalia", "is", "a", "beautiful", "restaurant", "with", "beautiful", "people", "serving", "you", ",", "but", "the", "food", "does", "n't", "quite", "match", "up", "."], "record": "<extra_id_0> <extra_id_0> opinion <extra_id_5> beautiful <extra_id_1> <extra_id_0> aspect <extra_id_5> people serving <extra_id_0> positive <extra_id_5> beautiful <extra_id_1> <extra_id_1> <extra_id_0> aspect <extra_id_5> food <extra_id_0> negative <extra_id_5> does n't quite match up <extra_id_1> <extra_id_1> <extra_id_0> opinion <extra_id_5> does n't quite match up <extra_id_1> <extra_id_1>", "entity": [{"type": "aspect", "offset": [7, 8], "text": "people serving"}, {"type": "aspect", "offset": [13], "text": "food"}, {"type": "opinion", "offset": [6], "text": "beautiful"}, {"type": "opinion", "offset": [14, 15, 16, 17, 18], "text": "does n't quite match up"}], "relation": [{"type": "positive", "args": [{"type": "aspect", "offset": [7, 8], "text": "people serving"}, {"type": "opinion", "offset": [6], "text": "beautiful"}]}, {"type": "negative", "args": [{"type": "aspect", "offset": [13], "text": "food"}, {"type": "opinion", "offset": [14, 15, 16, 17, 18], "text": "does n't quite match up"}]}], "event": [], "spot": ["aspect", "opinion"], "asoc": ["positive", "negative"], "spot_asoc": [{"span": "beautiful", "label": "opinion", "asoc": []}, {"span": "people serving", "label": "aspect", "asoc": [["positive", "beautiful"]]}, {"span": "food", "label": "aspect", "asoc": [["negative", "does n't quite match up"]]}, {"span": "does n't quite match up", "label": "opinion", "asoc": []}]}
{"text": "But the pizza is way to expensive .", "tokens": ["But", "the", "pizza", "is", "way", "to", "expensive", "."], "record": "<extra_id_0> <extra_id_0> aspect <extra_id_5> pizza <extra_id_0> negative <extra_id_5> expensive <extra_id_1> <extra_id_1> <extra_id_0> opinion <extra_id_5> expensive <extra_id_1> <extra_id_1>", "entity": [{"type": "aspect", "offset": [2], "text": "pizza"}, {"type": "opinion", "offset": [6], "text": "expensive"}], "relation": [{"type": "negative", "args": [{"type": "aspect", "offset": [2], "text": "pizza"}, {"type": "opinion", "offset": [6], "text": "expensive"}]}], "event": [], "spot": ["aspect", "opinion"], "asoc": ["negative"], "spot_asoc": [{"span": "pizza", "label": "aspect", "asoc": [["negative", "expensive"]]}, {"span": "expensive", "label": "opinion", "asoc": []}]}
{"text": "While the $ 20 entree range is not overly expensive , in New York City , there is definitely better food in that range , and so Sapphire , despite it 's lovely atmosphere , will most likely not be a restaurant to which I will return .", "tokens": ["While", "the", "$", "20", "entree", "range", "is", "not", "overly", "expensive", ",", "in", "New", "York", "City", ",", "there", "is", "definitely", "better", "food", "in", "that", "range", ",", "and", "so", "Sapphire", ",", "despite", "it", "'s", "lovely", "atmosphere", ",", "will", "most", "likely", "not", "be", "a", "restaurant", "to", "which", "I", "will", "return", "."], "record": "<extra_id_0> <extra_id_0> aspect <extra_id_5> entree range <extra_id_0> positive <extra_id_5> not overly expensive <extra_id_1> <extra_id_1> <extra_id_0> opinion <extra_id_5> not overly expensive <extra_id_1> <extra_id_0> opinion <extra_id_5> better <extra_id_1> <extra_id_0> aspect <extra_id_5> food <extra_id_0> negative <extra_id_5> better <extra_id_1> <extra_id_1> <extra_id_0> opinion <extra_id_5> lovely <extra_id_1> <extra_id_0> aspect <extra_id_5> atmosphere <extra_id_0> positive <extra_id_5> lovely <extra_id_1> <extra_id_1> <extra_id_1>", "entity": [{"type": "aspect", "offset": [20], "text": "food"}, {"type": "aspect", "offset": [33], "text": "atmosphere"}, {"type": "aspect", "offset": [4, 5], "text": "entree range"}, {"type": "opinion", "offset": [19], "text": "better"}, {"type": "opinion", "offset": [32], "text": "lovely"}, {"type": "opinion", "offset": [7, 8, 9], "text": "not overly expensive"}], "relation": [{"type": "negative", "args": [{"type": "aspect", "offset": [20], "text": "food"}, {"type": "opinion", "offset": [19], "text": "better"}]}, {"type": "positive", "args": [{"type": "aspect", "offset": [33], "text": "atmosphere"}, {"type": "opinion", "offset": [32], "text": "lovely"}]}, {"type": "positive", "args": [{"type": "aspect", "offset": [4, 5], "text": "entree range"}, {"type": "opinion", "offset": [7, 8, 9], "text": "not overly expensive"}]}], "event": [], "spot": ["aspect", "opinion"], "asoc": ["positive", "negative"], "spot_asoc": [{"span": "entree range", "label": "aspect", "asoc": [["positive", "not overly expensive"]]}, {"span": "not overly expensive", "label": "opinion", "asoc": []}, {"span": "better", "label": "opinion", "asoc": []}, {"span": "food", "label": "aspect", "asoc": [["negative", "better"]]}, {"span": "lovely", "label": "opinion", "asoc": []}, {"span": "atmosphere", "label": "aspect", "asoc": [["positive", "lovely"]]}]}
{"text": "Great food at reasonable prices .", "tokens": ["Great", "food", "at", "reasonable", "prices", "."], "record": "<extra_id_0> <extra_id_0> opinion <extra_id_5> Great <extra_id_1> <extra_id_0> aspect <extra_id_5> food <extra_id_0> positive <extra_id_5> Great <extra_id_1> <extra_id_1> <extra_id_0> opinion <extra_id_5> reasonable <extra_id_1> <extra_id_0> aspect <extra_id_5> prices <extra_id_0> positive <extra_id_5> reasonable <extra_id_1> <extra_id_1> <extra_id_1>", "entity": [{"type": "aspect", "offset": [1], "text": "food"}, {"type": "aspect", "offset": [4], "text": "prices"}, {"type": "opinion", "offset": [0], "text": "Great"}, {"type": "opinion", "offset": [3], "text": "reasonable"}], "relation": [{"type": "positive", "args": [{"type": "aspect", "offset": [1], "text": "food"}, {"type": "opinion", "offset": [0], "text": "Great"}]}, {"type": "positive", "args": [{"type": "aspect", "offset": [4], "text": "prices"}, {"type": "opinion", "offset": [3], "text": "reasonable"}]}], "event": [], "spot": ["aspect", "opinion"], "asoc": ["positive"], "spot_asoc": [{"span": "Great", "label": "opinion", "asoc": []}, {"span": "food", "label": "aspect", "asoc": [["positive", "Great"]]}, {"span": "reasonable", "label": "opinion", "asoc": []}, {"span": "prices", "label": "aspect", "asoc": [["positive", "reasonable"]]}]}
{"text": "Yes , they use fancy ingredients , but even fancy ingredients do n't make for good pizza unless someone knows how to get the crust right .", "tokens": ["Yes", ",", "they", "use", "fancy", "ingredients", ",", "but", "even", "fancy", "ingredients", "do", "n't", "make", "for", "good", "pizza", "unless", "someone", "knows", "how", "to", "get", "the", "crust", "right", "."], "record": "<extra_id_0> <extra_id_0> opinion <extra_id_5> fancy <extra_id_1> <extra_id_0> aspect <extra_id_5> ingredients <extra_id_0> positive <extra_id_5> fancy <extra_id_1> <extra_id_1> <extra_id_0> opinion <extra_id_5> good <extra_id_1> <extra_id_0> aspect <extra_id_5> pizza <extra_id_0> negative <extra_id_5> good <extra_id_1> <extra_id_1> <extra_id_1>", "entity": [{"type": "aspect", "offset": [5], "text": "ingredients"}, {"type": "aspect", "offset": [16], "text": "pizza"}, {"type": "opinion", "offset": [4], "text": "fancy"}, {"type": "opinion", "offset": [15], "text": "good"}], "relation": [{"type": "positive", "args": [{"type": "aspect", "offset": [5], "text": "ingredients"}, {"type": "opinion", "offset": [4], "text": "fancy"}]}, {"type": "negative", "args": [{"type": "aspect", "offset": [16], "text": "pizza"}, {"type": "opinion", "offset": [15], "text": "good"}]}], "event": [], "spot": ["aspect", "opinion"], "asoc": ["positive", "negative"], "spot_asoc": [{"span": "fancy", "label": "opinion", "asoc": []}, {"span": "ingredients", "label": "aspect", "asoc": [["positive", "fancy"]]}, {"span": "good", "label": "opinion", "asoc": []}, {"span": "pizza", "label": "aspect", "asoc": [["negative", "good"]]}]}
{"text": "The ambience is authentic and relaxing and we have always received attentive and prompt service .", "tokens": ["The", "ambience", "is", "authentic", "and", "relaxing", "and", "we", "have", "always", "received", "attentive", "and", "prompt", "service", "."], "record": "<extra_id_0> <extra_id_0> aspect <extra_id_5> ambience <extra_id_0> positive <extra_id_5> authentic <extra_id_1> <extra_id_0> positive <extra_id_5> relaxing <extra_id_1> <extra_id_1> <extra_id_0> opinion <extra_id_5> authentic <extra_id_1> <extra_id_0> opinion <extra_id_5> relaxing <extra_id_1> <extra_id_0> opinion <extra_id_5> attentive <extra_id_1> <extra_id_0> opinion <extra_id_5> prompt <extra_id_1> <extra_id_0> aspect <extra_id_5> service <extra_id_0> positive <extra_id_5> attentive <extra_id_1> <extra_id_0> positive <extra_id_5> prompt <extra_id_1> <extra_id_1> <extra_id_1>", "entity": [{"type": "aspect", "offset": [1], "text": "ambience"}, {"type": "aspect", "offset": [14], "text": "service"}, {"type": "opinion", "offset": [3], "text": "authentic"}, {"type": "opinion", "offset": [5], "text": "relaxing"}, {"type": "opinion", "offset": [11], "text": "attentive"}, {"type": "opinion", "offset": [13], "text": "prompt"}], "relation": [{"type": "positive", "args": [{"type": "aspect", "offset": [1], "text": "ambience"}, {"type": "opinion", "offset": [3], "text": "authentic"}]}, {"type": "positive", "args": [{"type": "aspect", "offset": [1], "text": "ambience"}, {"type": "opinion", "offset": [5], "text": "relaxing"}]}, {"type": "positive", "args": [{"type": "aspect", "offset": [14], "text": "service"}, {"type": "opinion", "offset": [11], "text": "attentive"}]}, {"type": "positive", "args": [{"type": "aspect", "offset": [14], "text": "service"}, {"type": "opinion", "offset": [13], "text": "prompt"}]}], "event": [], "spot": ["aspect", "opinion"], "asoc": ["positive"], "spot_asoc": [{"span": "ambience", "label": "aspect", "asoc": [["positive", "authentic"], ["positive", "relaxing"]]}, {"span": "authentic", "label": "opinion", "asoc": []}, {"span": "relaxing", "label": "opinion", "asoc": []}, {"span": "attentive", "label": "opinion", "asoc": []}, {"span": "prompt", "label": "opinion", "asoc": []}, {"span": "service", "label": "aspect", "asoc": [["positive", "attentive"], ["positive", "prompt"]]}]}
{"text": "very good breads as well .", "tokens": ["very", "good", "breads", "as", "well", "."], "record": "<extra_id_0> <extra_id_0> opinion <extra_id_5> good <extra_id_1> <extra_id_0> aspect <extra_id_5> breads <extra_id_0> positive <extra_id_5> good <extra_id_1> <extra_id_1> <extra_id_1>", "entity": [{"type": "aspect", "offset": [2], "text": "breads"}, {"type": "opinion", "offset": [1], "text": "good"}], "relation": [{"type": "positive", "args": [{"type": "aspect", "offset": [2], "text": "breads"}, {"type": "opinion", "offset": [1], "text": "good"}]}], "event": [], "spot": ["aspect", "opinion"], "asoc": ["positive"], "spot_asoc": [{"span": "good", "label": "opinion", "asoc": []}, {"span": "breads", "label": "aspect", "asoc": [["positive", "good"]]}]}
{"text": "Nice restaurant overall , with classic upscale Italian decor .", "tokens": ["Nice", "restaurant", "overall", ",", "with", "classic", "upscale", "Italian", "decor", "."], "record": "<extra_id_0> <extra_id_0> opinion <extra_id_5> classic upscale <extra_id_1> <extra_id_0> aspect <extra_id_5> Italian decor <extra_id_0> positive <extra_id_5> classic upscale <extra_id_1> <extra_id_1> <extra_id_1>", "entity": [{"type": "aspect", "offset": [7, 8], "text": "Italian decor"}, {"type": "opinion", "offset": [5, 6], "text": "classic upscale"}], "relation": [{"type": "positive", "args": [{"type": "aspect", "offset": [7, 8], "text": "Italian decor"}, {"type": "opinion", "offset": [5, 6], "text": "classic upscale"}]}], "event": [], "spot": ["aspect", "opinion"], "asoc": ["positive"], "spot_asoc": [{"span": "classic upscale", "label": "opinion", "asoc": []}, {"span": "Italian decor", "label": "aspect", "asoc": [["positive", "classic upscale"]]}]}
{"text": "Although they do the typical what kind of water would you like questions the service was good and overall very relaxing to place to eat .", "tokens": ["Although", "they", "do", "the", "typical", "what", "kind", "of", "water", "would", "you", "like", "questions", "the", "service", "was", "good", "and", "overall", "very", "relaxing", "to", "place", "to", "eat", "."], "record": "<extra_id_0> <extra_id_0> opinion <extra_id_5> typical <extra_id_1> <extra_id_0> aspect <extra_id_5> water <extra_id_0> neutral <extra_id_5> typical <extra_id_1> <extra_id_1> <extra_id_0> aspect <extra_id_5> service <extra_id_0> positive <extra_id_5> good <extra_id_1> <extra_id_1> <extra_id_0> opinion <extra_id_5> good <extra_id_1> <extra_id_0> opinion <extra_id_5> relaxing <extra_id_1> <extra_id_0> aspect <extra_id_5> place <extra_id_0> positive <extra_id_5> relaxing <extra_id_1> <extra_id_1> <extra_id_1>", "entity": [{"type": "aspect", "offset": [14], "text": "service"}, {"type": "aspect", "offset": [22], "text": "place"}, {"type": "aspect", "offset": [8], "text": "water"}, {"type": "opinion", "offset": [16], "text": "good"}, {"type": "opinion", "offset": [20], "text": "relaxing"}, {"type": "opinion", "offset": [4], "text": "typical"}], "relation": [{"type": "positive", "args": [{"type": "aspect", "offset": [14], "text": "service"}, {"type": "opinion", "offset": [16], "text": "good"}]}, {"type": "positive", "args": [{"type": "aspect", "offset": [22], "text": "place"}, {"type": "opinion", "offset": [20], "text": "relaxing"}]}, {"type": "neutral", "args": [{"type": "aspect", "offset": [8], "text": "water"}, {"type": "opinion", "offset": [4], "text": "typical"}]}], "event": [], "spot": ["aspect", "opinion"], "asoc": ["positive", "neutral"], "spot_asoc": [{"span": "typical", "label": "opinion", "asoc": []}, {"span": "water", "label": "aspect", "asoc": [["neutral", "typical"]]}, {"span": "service", "label": "aspect", "asoc": [["positive", "good"]]}, {"span": "good", "label": "opinion", "asoc": []}, {"span": "relaxing", "label": "opinion", "asoc": []}, {"span": "place", "label": "aspect", "asoc": [["positive", "relaxing"]]}]}
{"text": "The portions are small but being that the food was so good makes up for that .", "tokens": ["The", "portions", "are", "small", "but", "being", "that", "the", "food", "was", "so", "good", "makes", "up", "for", "that", "."], "record": "<extra_id_0> <extra_id_0> aspect <extra_id_5> portions <extra_id_0> negative <extra_id_5> small <extra_id_1> <extra_id_1> <extra_id_0> opinion <extra_id_5> small <extra_id_1> <extra_id_0> aspect <extra_id_5> food <extra_id_0> positive <extra_id_5> good <extra_id_1> <extra_id_1> <extra_id_0> opinion <extra_id_5> good <extra_id_1> <extra_id_1>", "entity": [{"type": "aspect", "offset": [1], "text": "portions"}, {"type": "aspect", "offset": [8], "text": "food"}, {"type": "opinion", "offset": [3], "text": "small"}, {"type": "opinion", "offset": [11], "text": "good"}], "relation": [{"type": "negative", "args": [{"type": "aspect", "offset": [1], "text": "portions"}, {"type": "opinion", "offset": [3], "text": "small"}]}, {"type": "positive", "args": [{"type": "aspect", "offset": [8], "text": "food"}, {"type": "opinion", "offset": [11], "text": "good"}]}], "event": [], "spot": ["aspect", "opinion"], "asoc": ["positive", "negative"], "spot_asoc": [{"span": "portions", "label": "aspect", "asoc": [["negative", "small"]]}, {"span": "small", "label": "opinion", "asoc": []}, {"span": "food", "label": "aspect", "asoc": [["positive", "good"]]}, {"span": "good", "label": "opinion", "asoc": []}]}
{"text": "We made early dinner reservations and were thoroughly impressed , reminds me of my grandfather , its old school Italian scenery with lots of fun stuff to admire .", "tokens": ["We", "made", "early", "dinner", "reservations", "and", "were", "thoroughly", "impressed", ",", "reminds", "me", "of", "my", "grandfather", ",", "its", "old", "school", "Italian", "scenery", "with", "lots", "of", "fun", "stuff", "to", "admire", "."], "record": "<extra_id_0> <extra_id_0> opinion <extra_id_5> early <extra_id_1> <extra_id_0> aspect <extra_id_5> dinner reservations <extra_id_0> positive <extra_id_5> early <extra_id_1> <extra_id_1> <extra_id_0> aspect <extra_id_5> scenery <extra_id_0> positive <extra_id_5> fun <extra_id_1> <extra_id_1> <extra_id_0> opinion <extra_id_5> fun <extra_id_1> <extra_id_1>", "entity": [{"type": "aspect", "offset": [20], "text": "scenery"}, {"type": "aspect", "offset": [3, 4], "text": "dinner reservations"}, {"type": "opinion", "offset": [24], "text": "fun"}, {"type": "opinion", "offset": [2], "text": "early"}], "relation": [{"type": "positive", "args": [{"type": "aspect", "offset": [20], "text": "scenery"}, {"type": "opinion", "offset": [24], "text": "fun"}]}, {"type": "positive", "args": [{"type": "aspect", "offset": [3, 4], "text": "dinner reservations"}, {"type": "opinion", "offset": [2], "text": "early"}]}], "event": [], "spot": ["aspect", "opinion"], "asoc": ["positive"], "spot_asoc": [{"span": "early", "label": "opinion", "asoc": []}, {"span": "dinner reservations", "label": "aspect", "asoc": [["positive", "early"]]}, {"span": "scenery", "label": "aspect", "asoc": [["positive", "fun"]]}, {"span": "fun", "label": "opinion", "asoc": []}]}
{"text": "The combination of fresh tomato sauce , fresh mozz cheese , basil and the dough they make with imported flour , makes this is one of the better pizza 's in NY .", "tokens": ["The", "combination", "of", "fresh", "tomato", "sauce", ",", "fresh", "mozz", "cheese", ",", "basil", "and", "the", "dough", "they", "make", "with", "imported", "flour", ",", "makes", "this", "is", "one", "of", "the", "better", "pizza", "'s", "in", "NY", "."], "record": "<extra_id_0> <extra_id_0> opinion <extra_id_5> fresh <extra_id_1> <extra_id_0> aspect <extra_id_5> fresh tomato sauce <extra_id_0> positive <extra_id_5> fresh <extra_id_1> <extra_id_1> <extra_id_0> opinion <extra_id_5> fresh <extra_id_1> <extra_id_0> aspect <extra_id_5> fresh mozz cheese <extra_id_0> positive <extra_id_5> fresh <extra_id_1> <extra_id_1> <extra_id_0> opinion <extra_id_5> imported <extra_id_1> <extra_id_0> aspect <extra_id_5> flour <extra_id_0> positive <extra_id_5> imported <extra_id_1> <extra_id_1> <extra_id_0> opinion <extra_id_5> better <extra_id_1> <extra_id_0> aspect <extra_id_5> pizza <extra_id_0> positive <extra_id_5> better <extra_id_1> <extra_id_1> <extra_id_1>", "entity": [{"type": "aspect", "offset": [3, 4, 5], "text": "fresh tomato sauce"}, {"type": "aspect", "offset": [7, 8, 9], "text": "fresh mozz cheese"}, {"type": "aspect", "offset": [28], "text": "pizza"}, {"type": "aspect", "offset": [19], "text": "flour"}, {"type": "opinion", "offset": [3], "text": "fresh"}, {"type": "opinion", "offset": [7], "text": "fresh"}, {"type": "opinion", "offset": [27], "text": "better"}, {"type": "opinion", "offset": [18], "text": "imported"}], "relation": [{"type": "positive", "args": [{"type": "aspect", "offset": [3, 4, 5], "text": "fresh tomato sauce"}, {"type": "opinion", "offset": [3], "text": "fresh"}]}, {"type": "positive", "args": [{"type": "aspect", "offset": [7, 8, 9], "text": "fresh mozz cheese"}, {"type": "opinion", "offset": [7], "text": "fresh"}]}, {"type": "positive", "args": [{"type": "aspect", "offset": [28], "text": "pizza"}, {"type": "opinion", "offset": [27], "text": "better"}]}, {"type": "positive", "args": [{"type": "aspect", "offset": [19], "text": "flour"}, {"type": "opinion", "offset": [18], "text": "imported"}]}], "event": [], "spot": ["aspect", "opinion"], "asoc": ["positive"], "spot_asoc": [{"span": "fresh", "label": "opinion", "asoc": []}, {"span": "fresh tomato sauce", "label": "aspect", "asoc": [["positive", "fresh"]]}, {"span": "fresh", "label": "opinion", "asoc": []}, {"span": "fresh mozz cheese", "label": "aspect", "asoc": [["positive", "fresh"]]}, {"span": "imported", "label": "opinion", "asoc": []}, {"span": "flour", "label": "aspect", "asoc": [["positive", "imported"]]}, {"span": "better", "label": "opinion", "asoc": []}, {"span": "pizza", "label": "aspect", "asoc": [["positive", "better"]]}]}
{"text": "I work near-by , and they have the BEST oatmeal in the neighborhood- not a packaged or quick-cooked item .", "tokens": ["I", "work", "near-by", ",", "and", "they", "have", "the", "BEST", "oatmeal", "in", "the", "neighborhood-", "not", "a", "packaged", "or", "quick-cooked", "item", "."], "record": "<extra_id_0> <extra_id_0> opinion <extra_id_5> BEST <extra_id_1> <extra_id_0> aspect <extra_id_5> oatmeal <extra_id_0> positive <extra_id_5> BEST <extra_id_1> <extra_id_1> <extra_id_1>", "entity": [{"type": "aspect", "offset": [9], "text": "oatmeal"}, {"type": "opinion", "offset": [8], "text": "BEST"}], "relation": [{"type": "positive", "args": [{"type": "aspect", "offset": [9], "text": "oatmeal"}, {"type": "opinion", "offset": [8], "text": "BEST"}]}], "event": [], "spot": ["aspect", "opinion"], "asoc": ["positive"], "spot_asoc": [{"span": "BEST", "label": "opinion", "asoc": []}, {"span": "oatmeal", "label": "aspect", "asoc": [["positive", "BEST"]]}]}
{"text": "The food was mediocre at best but it was the horrible service that made me vow never to go back .", "tokens": ["The", "food", "was", "mediocre", "at", "best", "but", "it", "was", "the", "horrible", "service", "that", "made", "me", "vow", "never", "to", "go", "back", "."], "record": "<extra_id_0> <extra_id_0> aspect <extra_id_5> food <extra_id_0> neutral <extra_id_5> mediocre <extra_id_1> <extra_id_1> <extra_id_0> opinion <extra_id_5> mediocre <extra_id_1> <extra_id_0> opinion <extra_id_5> horrible <extra_id_1> <extra_id_0> aspect <extra_id_5> service <extra_id_0> negative <extra_id_5> horrible <extra_id_1> <extra_id_1> <extra_id_1>", "entity": [{"type": "aspect", "offset": [1], "text": "food"}, {"type": "aspect", "offset": [11], "text": "service"}, {"type": "opinion", "offset": [3], "text": "mediocre"}, {"type": "opinion", "offset": [10], "text": "horrible"}], "relation": [{"type": "neutral", "args": [{"type": "aspect", "offset": [1], "text": "food"}, {"type": "opinion", "offset": [3], "text": "mediocre"}]}, {"type": "negative", "args": [{"type": "aspect", "offset": [11], "text": "service"}, {"type": "opinion", "offset": [10], "text": "horrible"}]}], "event": [], "spot": ["aspect", "opinion"], "asoc": ["negative", "neutral"], "spot_asoc": [{"span": "food", "label": "aspect", "asoc": [["neutral", "mediocre"]]}, {"span": "mediocre", "label": "opinion", "asoc": []}, {"span": "horrible", "label": "opinion", "asoc": []}, {"span": "service", "label": "aspect", "asoc": [["negative", "horrible"]]}]}
{"text": "Do n't waste money on decor .", "tokens": ["Do", "n't", "waste", "money", "on", "decor", "."], "record": "<extra_id_0> <extra_id_0> opinion <extra_id_5> waste <extra_id_1> <extra_id_0> aspect <extra_id_5> decor <extra_id_0> neutral <extra_id_5> waste <extra_id_1> <extra_id_1> <extra_id_1>", "entity": [{"type": "aspect", "offset": [5], "text": "decor"}, {"type": "opinion", "offset": [2], "text": "waste"}], "relation": [{"type": "neutral", "args": [{"type": "aspect", "offset": [5], "text": "decor"}, {"type": "opinion", "offset": [2], "text": "waste"}]}], "event": [], "spot": ["aspect", "opinion"], "asoc": ["neutral"], "spot_asoc": [{"span": "waste", "label": "opinion", "asoc": []}, {"span": "decor", "label": "aspect", "asoc": [["neutral", "waste"]]}]}
{"text": "Shockingly easy to throw a group dinner here : simple contract , deposit only to hold the date the entire 2nd fl mezz for our grp of 20 .", "tokens": ["Shockingly", "easy", "to", "throw", "a", "group", "dinner", "here", ":", "simple", "contract", ",", "deposit", "only", "to", "hold", "the", "date", "the", "entire", "2nd", "fl", "mezz", "for", "our", "grp", "of", "20", "."], "record": "<extra_id_0> <extra_id_0> opinion <extra_id_5> easy <extra_id_1> <extra_id_0> aspect <extra_id_5> group dinner <extra_id_0> neutral <extra_id_5> easy <extra_id_1> <extra_id_1> <extra_id_1>", "entity": [{"type": "aspect", "offset": [5, 6], "text": "group dinner"}, {"type": "opinion", "offset": [1], "text": "easy"}], "relation": [{"type": "neutral", "args": [{"type": "aspect", "offset": [5, 6], "text": "group dinner"}, {"type": "opinion", "offset": [1], "text": "easy"}]}], "event": [], "spot": ["aspect", "opinion"], "asoc": ["neutral"], "spot_asoc": [{"span": "easy", "label": "opinion", "asoc": []}, {"span": "group dinner", "label": "aspect", "asoc": [["neutral", "easy"]]}]}
{"text": "They did not have mayonnaise , forgot our toast , left out ingredients ( ie cheese in an omelet ) , below hot temperatures and the bacon was so over cooked it crumbled on the plate when you touched it .", "tokens": ["They", "did", "not", "have", "mayonnaise", ",", "forgot", "our", "toast", ",", "left", "out", "ingredients", "(", "ie", "cheese", "in", "an", "omelet", ")", ",", "below", "hot", "temperatures", "and", "the", "bacon", "was", "so", "over", "cooked", "it", "crumbled", "on", "the", "plate", "when", "you", "touched", "it", "."], "record": "<extra_id_0> <extra_id_0> opinion <extra_id_5> forgot <extra_id_1> <extra_id_0> aspect <extra_id_5> toast <extra_id_0> negative <extra_id_5> forgot <extra_id_1> <extra_id_1> <extra_id_0> opinion <extra_id_5> left out <extra_id_1> <extra_id_0> aspect <extra_id_5> ingredients <extra_id_0> negative <extra_id_5> left out <extra_id_1> <extra_id_1> <extra_id_0> aspect <extra_id_5> cheese <extra_id_0> neutral <extra_id_5> left out <extra_id_1> <extra_id_1> <extra_id_0> aspect <extra_id_5> omelet <extra_id_0> neutral <extra_id_5> left out <extra_id_1> <extra_id_1> <extra_id_0> aspect <extra_id_5> bacon <extra_id_0> negative <extra_id_5> over cooked <extra_id_1> <extra_id_1> <extra_id_0> opinion <extra_id_5> over cooked <extra_id_1> <extra_id_0> aspect <extra_id_5> plate <extra_id_0> neutral <extra_id_5> over cooked <extra_id_1> <extra_id_1> <extra_id_1>", "entity": [{"type": "aspect", "offset": [8], "text": "toast"}, {"type": "aspect", "offset": [26], "text": "bacon"}, {"type": "aspect", "offset": [15], "text": "cheese"}, {"type": "aspect", "offset": [12], "text": "ingredients"}, {"type": "aspect", "offset": [35], "text": "plate"}, {"type": "aspect", "offset": [18], "text": "omelet"}, {"type": "opinion", "offset": [6], "text": "forgot"}, {"type": "opinion", "offset": [29, 30], "text": "over cooked"}, {"type": "opinion", "offset": [10, 11], "text": "left out"}], "relation": [{"type": "negative", "args": [{"type": "aspect", "offset": [8], "text": "toast"}, {"type": "opinion", "offset": [6], "text": "forgot"}]}, {"type": "negative", "args": [{"type": "aspect", "offset": [26], "text": "bacon"}, {"type": "opinion", "offset": [29, 30], "text": "over cooked"}]}, {"type": "neutral", "args": [{"type": "aspect", "offset": [15], "text": "cheese"}, {"type": "opinion", "offset": [10, 11], "text": "left out"}]}, {"type": "negative", "args": [{"type": "aspect", "offset": [12], "text": "ingredients"}, {"type": "opinion", "offset": [10, 11], "text": "left out"}]}, {"type": "neutral", "args": [{"type": "aspect", "offset": [35], "text": "plate"}, {"type": "opinion", "offset": [29, 30], "text": "over cooked"}]}, {"type": "neutral", "args": [{"type": "aspect", "offset": [18], "text": "omelet"}, {"type": "opinion", "offset": [10, 11], "text": "left out"}]}], "event": [], "spot": ["aspect", "opinion"], "asoc": ["neutral", "negative"], "spot_asoc": [{"span": "forgot", "label": "opinion", "asoc": []}, {"span": "toast", "label": "aspect", "asoc": [["negative", "forgot"]]}, {"span": "left out", "label": "opinion", "asoc": []}, {"span": "ingredients", "label": "aspect", "asoc": [["negative", "left out"]]}, {"span": "cheese", "label": "aspect", "asoc": [["neutral", "left out"]]}, {"span": "omelet", "label": "aspect", "asoc": [["neutral", "left out"]]}, {"span": "bacon", "label": "aspect", "asoc": [["negative", "over cooked"]]}, {"span": "over cooked", "label": "opinion", "asoc": []}, {"span": "plate", "label": "aspect", "asoc": [["neutral", "over cooked"]]}]}
{"text": "You will pay a lot for the decore , but the food is no better or worse than a lot of other Chinese and Asian fusion places in NY .", "tokens": ["You", "will", "pay", "a", "lot", "for", "the", "decore", ",", "but", "the", "food", "is", "no", "better", "or", "worse", "than", "a", "lot", "of", "other", "Chinese", "and", "Asian", "fusion", "places", "in", "NY", "."], "record": "<extra_id_0> <extra_id_0> opinion <extra_id_5> pay a lot <extra_id_1> <extra_id_0> aspect <extra_id_5> decore <extra_id_0> negative <extra_id_5> pay a lot <extra_id_1> <extra_id_1> <extra_id_0> aspect <extra_id_5> food <extra_id_0> neutral <extra_id_5> no better or worse <extra_id_1> <extra_id_1> <extra_id_0> opinion <extra_id_5> no better or worse <extra_id_1> <extra_id_1>", "entity": [{"type": "aspect", "offset": [7], "text": "decore"}, {"type": "aspect", "offset": [11], "text": "food"}, {"type": "opinion", "offset": [2, 3, 4], "text": "pay a lot"}, {"type": "opinion", "offset": [13, 14, 15, 16], "text": "no better or worse"}], "relation": [{"type": "negative", "args": [{"type": "aspect", "offset": [7], "text": "decore"}, {"type": "opinion", "offset": [2, 3, 4], "text": "pay a lot"}]}, {"type": "neutral", "args": [{"type": "aspect", "offset": [11], "text": "food"}, {"type": "opinion", "offset": [13, 14, 15, 16], "text": "no better or worse"}]}], "event": [], "spot": ["aspect", "opinion"], "asoc": ["neutral", "negative"], "spot_asoc": [{"span": "pay a lot", "label": "opinion", "asoc": []}, {"span": "decore", "label": "aspect", "asoc": [["negative", "pay a lot"]]}, {"span": "food", "label": "aspect", "asoc": [["neutral", "no better or worse"]]}, {"span": "no better or worse", "label": "opinion", "asoc": []}]}
{"text": "The food was so-so .", "tokens": ["The", "food", "was", "so-so", "."], "record": "<extra_id_0> <extra_id_0> aspect <extra_id_5> food <extra_id_0> neutral <extra_id_5> so-so <extra_id_1> <extra_id_1> <extra_id_0> opinion <extra_id_5> so-so <extra_id_1> <extra_id_1>", "entity": [{"type": "aspect", "offset": [1], "text": "food"}, {"type": "opinion", "offset": [3], "text": "so-so"}], "relation": [{"type": "neutral", "args": [{"type": "aspect", "offset": [1], "text": "food"}, {"type": "opinion", "offset": [3], "text": "so-so"}]}], "event": [], "spot": ["aspect", "opinion"], "asoc": ["neutral"], "spot_asoc": [{"span": "food", "label": "aspect", "asoc": [["neutral", "so-so"]]}, {"span": "so-so", "label": "opinion", "asoc": []}]}
{"text": "The Halibut was too salty , dessert was so so ( do n't waste any of your calories ) and service was poor .", "tokens": ["The", "Halibut", "was", "too", "salty", ",", "dessert", "was", "so", "so", "(", "do", "n't", "waste", "any", "of", "your", "calories", ")", "and", "service", "was", "poor", "."], "record": "<extra_id_0> <extra_id_0> aspect <extra_id_5> Halibut <extra_id_0> negative <extra_id_5> salty <extra_id_1> <extra_id_1> <extra_id_0> opinion <extra_id_5> salty <extra_id_1> <extra_id_0> aspect <extra_id_5> dessert <extra_id_0> neutral <extra_id_5> so so <extra_id_1> <extra_id_1> <extra_id_0> opinion <extra_id_5> so so <extra_id_1> <extra_id_0> aspect <extra_id_5> service <extra_id_0> negative <extra_id_5> poor <extra_id_1> <extra_id_1> <extra_id_0> opinion <extra_id_5> poor <extra_id_1> <extra_id_1>", "entity": [{"type": "aspect", "offset": [1], "text": "Halibut"}, {"type": "aspect", "offset": [6], "text": "dessert"}, {"type": "aspect", "offset": [20], "text": "service"}, {"type": "opinion", "offset": [4], "text": "salty"}, {"type": "opinion", "offset": [8, 9], "text": "so so"}, {"type": "opinion", "offset": [22], "text": "poor"}], "relation": [{"type": "negative", "args": [{"type": "aspect", "offset": [1], "text": "Halibut"}, {"type": "opinion", "offset": [4], "text": "salty"}]}, {"type": "neutral", "args": [{"type": "aspect", "offset": [6], "text": "dessert"}, {"type": "opinion", "offset": [8, 9], "text": "so so"}]}, {"type": "negative", "args": [{"type": "aspect", "offset": [20], "text": "service"}, {"type": "opinion", "offset": [22], "text": "poor"}]}], "event": [], "spot": ["aspect", "opinion"], "asoc": ["neutral", "negative"], "spot_asoc": [{"span": "Halibut", "label": "aspect", "asoc": [["negative", "salty"]]}, {"span": "salty", "label": "opinion", "asoc": []}, {"span": "dessert", "label": "aspect", "asoc": [["neutral", "so so"]]}, {"span": "so so", "label": "opinion", "asoc": []}, {"span": "service", "label": "aspect", "asoc": [["negative", "poor"]]}, {"span": "poor", "label": "opinion", "asoc": []}]}
{"text": "The food is o.k. , but not any better than what you get at a good neighborhood restaurant .", "tokens": ["The", "food", "is", "o.k.", ",", "but", "not", "any", "better", "than", "what", "you", "get", "at", "a", "good", "neighborhood", "restaurant", "."], "record": "<extra_id_0> <extra_id_0> aspect <extra_id_5> food <extra_id_0> neutral <extra_id_5> o.k. , <extra_id_1> <extra_id_0> neutral <extra_id_5> not any better <extra_id_1> <extra_id_1> <extra_id_0> opinion <extra_id_5> o.k. , <extra_id_1> <extra_id_0> opinion <extra_id_5> not any better <extra_id_1> <extra_id_1>", "entity": [{"type": "aspect", "offset": [1], "text": "food"}, {"type": "opinion", "offset": [3, 4], "text": "o.k. ,"}, {"type": "opinion", "offset": [6, 7, 8], "text": "not any better"}], "relation": [{"type": "neutral", "args": [{"type": "aspect", "offset": [1], "text": "food"}, {"type": "opinion", "offset": [3, 4], "text": "o.k. ,"}]}, {"type": "neutral", "args": [{"type": "aspect", "offset": [1], "text": "food"}, {"type": "opinion", "offset": [6, 7, 8], "text": "not any better"}]}], "event": [], "spot": ["aspect", "opinion"], "asoc": ["neutral"], "spot_asoc": [{"span": "food", "label": "aspect", "asoc": [["neutral", "o.k. ,"], ["neutral", "not any better"]]}, {"span": "o.k. ,", "label": "opinion", "asoc": []}, {"span": "not any better", "label": "opinion", "asoc": []}]}
{"text": "I went there for lunch and it was not as good as I expected from the reviews I read .", "tokens": ["I", "went", "there", "for", "lunch", "and", "it", "was", "not", "as", "good", "as", "I", "expected", "from", "the", "reviews", "I", "read", "."], "record": "<extra_id_0> <extra_id_0> aspect <extra_id_5> lunch <extra_id_0> neutral <extra_id_5> not as good as I expected <extra_id_1> <extra_id_1> <extra_id_0> opinion <extra_id_5> not as good as I expected <extra_id_1> <extra_id_1>", "entity": [{"type": "aspect", "offset": [4], "text": "lunch"}, {"type": "opinion", "offset": [8, 9, 10, 11, 12, 13], "text": "not as good as I expected"}], "relation": [{"type": "neutral", "args": [{"type": "aspect", "offset": [4], "text": "lunch"}, {"type": "opinion", "offset": [8, 9, 10, 11, 12, 13], "text": "not as good as I expected"}]}], "event": [], "spot": ["aspect", "opinion"], "asoc": ["neutral"], "spot_asoc": [{"span": "lunch", "label": "aspect", "asoc": [["neutral", "not as good as I expected"]]}, {"span": "not as good as I expected", "label": "opinion", "asoc": []}]}
{"text": "It 's not mind-blowing , but to me , thai food never is and never will be .", "tokens": ["It", "'s", "not", "mind-blowing", ",", "but", "to", "me", ",", "thai", "food", "never", "is", "and", "never", "will", "be", "."], "record": "<extra_id_0> <extra_id_0> opinion <extra_id_5> mind-blowing <extra_id_1> <extra_id_0> aspect <extra_id_5> thai food <extra_id_0> neutral <extra_id_5> mind-blowing <extra_id_1> <extra_id_1> <extra_id_1>", "entity": [{"type": "aspect", "offset": [9, 10], "text": "thai food"}, {"type": "opinion", "offset": [3], "text": "mind-blowing"}], "relation": [{"type": "neutral", "args": [{"type": "aspect", "offset": [9, 10], "text": "thai food"}, {"type": "opinion", "offset": [3], "text": "mind-blowing"}]}], "event": [], "spot": ["aspect", "opinion"], "asoc": ["neutral"], "spot_asoc": [{"span": "mind-blowing", "label": "opinion", "asoc": []}, {"span": "thai food", "label": "aspect", "asoc": [["neutral", "mind-blowing"]]}]}
