{"text": "The screen is bright and clear , the operating system is solid and friendly to a novice .", "tokens": ["The", "screen", "is", "bright", "and", "clear", ",", "the", "operating", "system", "is", "solid", "and", "friendly", "to", "a", "novice", "."], "record": "<extra_id_0> <extra_id_0> aspect <extra_id_5> screen <extra_id_0> positive <extra_id_5> bright <extra_id_1> <extra_id_0> positive <extra_id_5> clear <extra_id_1> <extra_id_1> <extra_id_0> opinion <extra_id_5> bright <extra_id_1> <extra_id_0> opinion <extra_id_5> clear <extra_id_1> <extra_id_0> aspect <extra_id_5> operating system <extra_id_0> positive <extra_id_5> solid <extra_id_1> <extra_id_0> positive <extra_id_5> friendly <extra_id_1> <extra_id_1> <extra_id_0> opinion <extra_id_5> solid <extra_id_1> <extra_id_0> opinion <extra_id_5> friendly <extra_id_1> <extra_id_1>", "entity": [{"type": "aspect", "offset": [1], "text": "screen"}, {"type": "aspect", "offset": [8, 9], "text": "operating system"}, {"type": "opinion", "offset": [3], "text": "bright"}, {"type": "opinion", "offset": [5], "text": "clear"}, {"type": "opinion", "offset": [11], "text": "solid"}, {"type": "opinion", "offset": [13], "text": "friendly"}], "relation": [{"type": "positive", "args": [{"type": "aspect", "offset": [1], "text": "screen"}, {"type": "opinion", "offset": [3], "text": "bright"}]}, {"type": "positive", "args": [{"type": "aspect", "offset": [1], "text": "screen"}, {"type": "opinion", "offset": [5], "text": "clear"}]}, {"type": "positive", "args": [{"type": "aspect", "offset": [8, 9], "text": "operating system"}, {"type": "opinion", "offset": [11], "text": "solid"}]}, {"type": "positive", "args": [{"type": "aspect", "offset": [8, 9], "text": "operating system"}, {"type": "opinion", "offset": [13], "text": "friendly"}]}], "event": [], "spot": ["aspect", "opinion"], "asoc": ["positive"], "spot_asoc": [{"span": "screen", "label": "aspect", "asoc": [["positive", "bright"], ["positive", "clear"]]}, {"span": "bright", "label": "opinion", "asoc": []}, {"span": "clear", "label": "opinion", "asoc": []}, {"span": "operating system", "label": "aspect", "asoc": [["positive", "solid"], ["positive", "friendly"]]}, {"span": "solid", "label": "opinion", "asoc": []}, {"span": "friendly", "label": "opinion", "asoc": []}]}
{"text": "I love this program , it is superior to windows movie maker .", "tokens": ["I", "love", "this", "program", ",", "it", "is", "superior", "to", "windows", "movie", "maker", "."], "record": "<extra_id_0> <extra_id_0> opinion <extra_id_5> love <extra_id_1> <extra_id_0> aspect <extra_id_5> program <extra_id_0> positive <extra_id_5> love <extra_id_1> <extra_id_0> positive <extra_id_5> superior <extra_id_1> <extra_id_1> <extra_id_0> opinion <extra_id_5> superior <extra_id_1> <extra_id_1>", "entity": [{"type": "aspect", "offset": [3], "text": "program"}, {"type": "opinion", "offset": [1], "text": "love"}, {"type": "opinion", "offset": [7], "text": "superior"}], "relation": [{"type": "positive", "args": [{"type": "aspect", "offset": [3], "text": "program"}, {"type": "opinion", "offset": [1], "text": "love"}]}, {"type": "positive", "args": [{"type": "aspect", "offset": [3], "text": "program"}, {"type": "opinion", "offset": [7], "text": "superior"}]}], "event": [], "spot": ["aspect", "opinion"], "asoc": ["positive"], "spot_asoc": [{"span": "love", "label": "opinion", "asoc": []}, {"span": "program", "label": "aspect", "asoc": [["positive", "love"], ["positive", "superior"]]}, {"span": "superior", "label": "opinion", "asoc": []}]}
{"text": "Supplied software : The software that comes with this machine is greatly welcomed compared to what Windows comes with .", "tokens": ["Supplied", "software", ":", "The", "software", "that", "comes", "with", "this", "machine", "is", "greatly", "welcomed", "compared", "to", "what", "Windows", "comes", "with", "."], "record": "<extra_id_0> <extra_id_0> aspect <extra_id_5> Supplied software <extra_id_0> neutral <extra_id_5> greatly welcomed <extra_id_1> <extra_id_1> <extra_id_0> aspect <extra_id_5> software <extra_id_0> positive <extra_id_5> greatly welcomed <extra_id_1> <extra_id_1> <extra_id_0> opinion <extra_id_5> greatly welcomed <extra_id_1> <extra_id_1>", "entity": [{"type": "aspect", "offset": [0, 1], "text": "Supplied software"}, {"type": "aspect", "offset": [4], "text": "software"}, {"type": "opinion", "offset": [11, 12], "text": "greatly welcomed"}], "relation": [{"type": "neutral", "args": [{"type": "aspect", "offset": [0, 1], "text": "Supplied software"}, {"type": "opinion", "offset": [11, 12], "text": "greatly welcomed"}]}, {"type": "positive", "args": [{"type": "aspect", "offset": [4], "text": "software"}, {"type": "opinion", "offset": [11, 12], "text": "greatly welcomed"}]}], "event": [], "spot": ["aspect", "opinion"], "asoc": ["positive", "neutral"], "spot_asoc": [{"span": "Supplied software", "label": "aspect", "asoc": [["neutral", "greatly welcomed"]]}, {"span": "software", "label": "aspect", "asoc": [["positive", "greatly welcomed"]]}, {"span": "greatly welcomed", "label": "opinion", "asoc": []}]}
{"text": "BEST BUY - 5 STARS + + + ( sales , service , respect for old men who are n't familiar with the technology ) DELL COMPUTERS - 3 stars DELL SUPPORT - owes a me a couple", "tokens": ["BEST", "BUY", "-", "5", "STARS", "+", "+", "+", "(", "sales", ",", "service", ",", "respect", "for", "old", "men", "who", "are", "n't", "familiar", "with", "the", "technology", ")", "DELL", "COMPUTERS", "-", "3", "stars", "DELL", "SUPPORT", "-", "owes", "a", "me", "a", "couple"], "record": "<extra_id_0> <extra_id_0> opinion <extra_id_5> BEST <extra_id_1> <extra_id_0> aspect <extra_id_5> sales <extra_id_0> positive <extra_id_5> BEST <extra_id_1> <extra_id_1> <extra_id_0> aspect <extra_id_5> service <extra_id_0> positive <extra_id_5> BEST <extra_id_1> <extra_id_1> <extra_id_1>", "entity": [{"type": "aspect", "offset": [9], "text": "sales"}, {"type": "aspect", "offset": [11], "text": "service"}, {"type": "opinion", "offset": [0], "text": "BEST"}], "relation": [{"type": "positive", "args": [{"type": "aspect", "offset": [9], "text": "sales"}, {"type": "opinion", "offset": [0], "text": "BEST"}]}, {"type": "positive", "args": [{"type": "aspect", "offset": [11], "text": "service"}, {"type": "opinion", "offset": [0], "text": "BEST"}]}], "event": [], "spot": ["aspect", "opinion"], "asoc": ["positive"], "spot_asoc": [{"span": "BEST", "label": "opinion", "asoc": []}, {"span": "sales", "label": "aspect", "asoc": [["positive", "BEST"]]}, {"span": "service", "label": "aspect", "asoc": [["positive", "BEST"]]}]}
{"text": "Have not yet needed any customer support with this yet so to me that is a great thing , which is leaps and bounds ahead of PC in my opinion .", "tokens": ["Have", "not", "yet", "needed", "any", "customer", "support", "with", "this", "yet", "so", "to", "me", "that", "is", "a", "great", "thing", ",", "which", "is", "leaps", "and", "bounds", "ahead", "of", "PC", "in", "my", "opinion", "."], "record": "<extra_id_0> <extra_id_0> aspect <extra_id_5> customer support <extra_id_0> positive <extra_id_5> great <extra_id_1> <extra_id_1> <extra_id_0> opinion <extra_id_5> great <extra_id_1> <extra_id_1>", "entity": [{"type": "aspect", "offset": [5, 6], "text": "customer support"}, {"type": "opinion", "offset": [16], "text": "great"}], "relation": [{"type": "positive", "args": [{"type": "aspect", "offset": [5, 6], "text": "customer support"}, {"type": "opinion", "offset": [16], "text": "great"}]}], "event": [], "spot": ["aspect", "opinion"], "asoc": ["positive"], "spot_asoc": [{"span": "customer support", "label": "aspect", "asoc": [["positive", "great"]]}, {"span": "great", "label": "opinion", "asoc": []}]}
{"text": "I was sorely disapointed to discover that HP ( what I thought was a reputable company ) would n't honor the warrenty when the fan blade fell apart .", "tokens": ["I", "was", "sorely", "disapointed", "to", "discover", "that", "HP", "(", "what", "I", "thought", "was", "a", "reputable", "company", ")", "would", "n't", "honor", "the", "warrenty", "when", "the", "fan", "blade", "fell", "apart", "."], "record": "<extra_id_0> <extra_id_0> opinion <extra_id_5> sorely disapointed <extra_id_1> <extra_id_0> aspect <extra_id_5> warrenty <extra_id_0> negative <extra_id_5> sorely disapointed <extra_id_1> <extra_id_1> <extra_id_0> aspect <extra_id_5> fan blade <extra_id_0> negative <extra_id_5> fell apart <extra_id_1> <extra_id_1> <extra_id_0> opinion <extra_id_5> fell apart <extra_id_1> <extra_id_1>", "entity": [{"type": "aspect", "offset": [21], "text": "warrenty"}, {"type": "aspect", "offset": [24, 25], "text": "fan blade"}, {"type": "opinion", "offset": [2, 3], "text": "sorely disapointed"}, {"type": "opinion", "offset": [26, 27], "text": "fell apart"}], "relation": [{"type": "negative", "args": [{"type": "aspect", "offset": [21], "text": "warrenty"}, {"type": "opinion", "offset": [2, 3], "text": "sorely disapointed"}]}, {"type": "negative", "args": [{"type": "aspect", "offset": [24, 25], "text": "fan blade"}, {"type": "opinion", "offset": [26, 27], "text": "fell apart"}]}], "event": [], "spot": ["aspect", "opinion"], "asoc": ["negative"], "spot_asoc": [{"span": "sorely disapointed", "label": "opinion", "asoc": []}, {"span": "warrenty", "label": "aspect", "asoc": [["negative", "sorely disapointed"]]}, {"span": "fan blade", "label": "aspect", "asoc": [["negative", "fell apart"]]}, {"span": "fell apart", "label": "opinion", "asoc": []}]}
{"text": "Ever since I bought this laptop , so far I 've experience nothing but constant break downs of the laptop and bad customer services I received over the phone with toshiba customer services hotlines .", "tokens": ["Ever", "since", "I", "bought", "this", "laptop", ",", "so", "far", "I", "'ve", "experience", "nothing", "but", "constant", "break", "downs", "of", "the", "laptop", "and", "bad", "customer", "services", "I", "received", "over", "the", "phone", "with", "toshiba", "customer", "services", "hotlines", "."], "record": "<extra_id_0> <extra_id_0> opinion <extra_id_5> bad <extra_id_1> <extra_id_0> aspect <extra_id_5> customer services <extra_id_0> negative <extra_id_5> bad <extra_id_1> <extra_id_1> <extra_id_1>", "entity": [{"type": "aspect", "offset": [22, 23], "text": "customer services"}, {"type": "opinion", "offset": [21], "text": "bad"}], "relation": [{"type": "negative", "args": [{"type": "aspect", "offset": [22, 23], "text": "customer services"}, {"type": "opinion", "offset": [21], "text": "bad"}]}], "event": [], "spot": ["aspect", "opinion"], "asoc": ["negative"], "spot_asoc": [{"span": "bad", "label": "opinion", "asoc": []}, {"span": "customer services", "label": "aspect", "asoc": [["negative", "bad"]]}]}
{"text": "Sony parts reliability and quality of service is recenlty the worst .", "tokens": ["Sony", "parts", "reliability", "and", "quality", "of", "service", "is", "recenlty", "the", "worst", "."], "record": "<extra_id_0> <extra_id_0> aspect <extra_id_5> service <extra_id_0> negative <extra_id_5> worst <extra_id_1> <extra_id_1> <extra_id_0> opinion <extra_id_5> worst <extra_id_1> <extra_id_1>", "entity": [{"type": "aspect", "offset": [6], "text": "service"}, {"type": "opinion", "offset": [10], "text": "worst"}], "relation": [{"type": "negative", "args": [{"type": "aspect", "offset": [6], "text": "service"}, {"type": "opinion", "offset": [10], "text": "worst"}]}], "event": [], "spot": ["aspect", "opinion"], "asoc": ["negative"], "spot_asoc": [{"span": "service", "label": "aspect", "asoc": [["negative", "worst"]]}, {"span": "worst", "label": "opinion", "asoc": []}]}
{"text": "WHEN TYPING , LETTERS AND SPACES ARE FREQUENTLY OMITTED REQUIRING THE USER TO REDO MANY WORDS AND SENTENCES .", "tokens": ["WHEN", "TYPING", ",", "LETTERS", "AND", "SPACES", "ARE", "FREQUENTLY", "OMITTED", "REQUIRING", "THE", "USER", "TO", "REDO", "MANY", "WORDS", "AND", "SENTENCES", "."], "record": "<extra_id_0> <extra_id_0> aspect <extra_id_5> TYPING <extra_id_0> negative <extra_id_5> OMITTED <extra_id_1> <extra_id_1> <extra_id_0> opinion <extra_id_5> OMITTED <extra_id_1> <extra_id_1>", "entity": [{"type": "aspect", "offset": [1], "text": "TYPING"}, {"type": "opinion", "offset": [8], "text": "OMITTED"}], "relation": [{"type": "negative", "args": [{"type": "aspect", "offset": [1], "text": "TYPING"}, {"type": "opinion", "offset": [8], "text": "OMITTED"}]}], "event": [], "spot": ["aspect", "opinion"], "asoc": ["negative"], "spot_asoc": [{"span": "TYPING", "label": "aspect", "asoc": [["negative", "OMITTED"]]}, {"span": "OMITTED", "label": "opinion", "asoc": []}]}
{"text": "Called Acer many times , they want me to pay the shipping to ship it to their repair center - I was very disappointed since it is a brand new computer !", "tokens": ["Called", "Acer", "many", "times", ",", "they", "want", "me", "to", "pay", "the", "shipping", "to", "ship", "it", "to", "their", "repair", "center", "-", "I", "was", "very", "disappointed", "since", "it", "is", "a", "brand", "new", "computer", "!"], "record": "<extra_id_0> <extra_id_0> aspect <extra_id_5> shipping <extra_id_0> negative <extra_id_5> disappointed <extra_id_1> <extra_id_1> <extra_id_0> aspect <extra_id_5> repair center <extra_id_0> neutral <extra_id_5> disappointed <extra_id_1> <extra_id_1> <extra_id_0> opinion <extra_id_5> disappointed <extra_id_1> <extra_id_1>", "entity": [{"type": "aspect", "offset": [11], "text": "shipping"}, {"type": "aspect", "offset": [17, 18], "text": "repair center"}, {"type": "opinion", "offset": [23], "text": "disappointed"}], "relation": [{"type": "negative", "args": [{"type": "aspect", "offset": [11], "text": "shipping"}, {"type": "opinion", "offset": [23], "text": "disappointed"}]}, {"type": "neutral", "args": [{"type": "aspect", "offset": [17, 18], "text": "repair center"}, {"type": "opinion", "offset": [23], "text": "disappointed"}]}], "event": [], "spot": ["aspect", "opinion"], "asoc": ["neutral", "negative"], "spot_asoc": [{"span": "shipping", "label": "aspect", "asoc": [["negative", "disappointed"]]}, {"span": "repair center", "label": "aspect", "asoc": [["neutral", "disappointed"]]}, {"span": "disappointed", "label": "opinion", "asoc": []}]}
{"text": "Supplied software : The software that comes with this machine is greatly welcomed compared to what Windows comes with .", "tokens": ["Supplied", "software", ":", "The", "software", "that", "comes", "with", "this", "machine", "is", "greatly", "welcomed", "compared", "to", "what", "Windows", "comes", "with", "."], "record": "<extra_id_0> <extra_id_0> aspect <extra_id_5> Supplied software <extra_id_0> neutral <extra_id_5> greatly welcomed <extra_id_1> <extra_id_1> <extra_id_0> aspect <extra_id_5> software <extra_id_0> positive <extra_id_5> greatly welcomed <extra_id_1> <extra_id_1> <extra_id_0> opinion <extra_id_5> greatly welcomed <extra_id_1> <extra_id_1>", "entity": [{"type": "aspect", "offset": [0, 1], "text": "Supplied software"}, {"type": "aspect", "offset": [4], "text": "software"}, {"type": "opinion", "offset": [11, 12], "text": "greatly welcomed"}], "relation": [{"type": "neutral", "args": [{"type": "aspect", "offset": [0, 1], "text": "Supplied software"}, {"type": "opinion", "offset": [11, 12], "text": "greatly welcomed"}]}, {"type": "positive", "args": [{"type": "aspect", "offset": [4], "text": "software"}, {"type": "opinion", "offset": [11, 12], "text": "greatly welcomed"}]}], "event": [], "spot": ["aspect", "opinion"], "asoc": ["positive", "neutral"], "spot_asoc": [{"span": "Supplied software", "label": "aspect", "asoc": [["neutral", "greatly welcomed"]]}, {"span": "software", "label": "aspect", "asoc": [["positive", "greatly welcomed"]]}, {"span": "greatly welcomed", "label": "opinion", "asoc": []}]}
{"text": "It is easy to navigate and update programs .", "tokens": ["It", "is", "easy", "to", "navigate", "and", "update", "programs", "."], "record": "<extra_id_0> <extra_id_0> opinion <extra_id_5> easy <extra_id_1> <extra_id_0> aspect <extra_id_5> navigate <extra_id_0> positive <extra_id_5> easy <extra_id_1> <extra_id_1> <extra_id_0> aspect <extra_id_5> update programs <extra_id_0> neutral <extra_id_5> easy <extra_id_1> <extra_id_1> <extra_id_1>", "entity": [{"type": "aspect", "offset": [6, 7], "text": "update programs"}, {"type": "aspect", "offset": [4], "text": "navigate"}, {"type": "opinion", "offset": [2], "text": "easy"}], "relation": [{"type": "neutral", "args": [{"type": "aspect", "offset": [6, 7], "text": "update programs"}, {"type": "opinion", "offset": [2], "text": "easy"}]}, {"type": "positive", "args": [{"type": "aspect", "offset": [4], "text": "navigate"}, {"type": "opinion", "offset": [2], "text": "easy"}]}], "event": [], "spot": ["aspect", "opinion"], "asoc": ["positive", "neutral"], "spot_asoc": [{"span": "easy", "label": "opinion", "asoc": []}, {"span": "navigate", "label": "aspect", "asoc": [["positive", "easy"]]}, {"span": "update programs", "label": "aspect", "asoc": [["neutral", "easy"]]}]}
{"text": "You can call HP and they want you to buy more software to fix it .", "tokens": ["You", "can", "call", "HP", "and", "they", "want", "you", "to", "buy", "more", "software", "to", "fix", "it", "."], "record": "<extra_id_0> <extra_id_0> aspect <extra_id_5> software <extra_id_0> neutral <extra_id_5> fix <extra_id_1> <extra_id_1> <extra_id_0> opinion <extra_id_5> fix <extra_id_1> <extra_id_1>", "entity": [{"type": "aspect", "offset": [11], "text": "software"}, {"type": "opinion", "offset": [13], "text": "fix"}], "relation": [{"type": "neutral", "args": [{"type": "aspect", "offset": [11], "text": "software"}, {"type": "opinion", "offset": [13], "text": "fix"}]}], "event": [], "spot": ["aspect", "opinion"], "asoc": ["neutral"], "spot_asoc": [{"span": "software", "label": "aspect", "asoc": [["neutral", "fix"]]}, {"span": "fix", "label": "opinion", "asoc": []}]}
{"text": "I bought this notebook and only had it for 3 months If it is overload with updates the BOOT MGR .", "tokens": ["I", "bought", "this", "notebook", "and", "only", "had", "it", "for", "3", "months", "If", "it", "is", "overload", "with", "updates", "the", "BOOT", "MGR", "."], "record": "<extra_id_0> <extra_id_0> opinion <extra_id_5> overload <extra_id_1> <extra_id_0> aspect <extra_id_5> BOOT MGR <extra_id_0> neutral <extra_id_5> overload <extra_id_1> <extra_id_1> <extra_id_1>", "entity": [{"type": "aspect", "offset": [18, 19], "text": "BOOT MGR"}, {"type": "opinion", "offset": [14], "text": "overload"}], "relation": [{"type": "neutral", "args": [{"type": "aspect", "offset": [18, 19], "text": "BOOT MGR"}, {"type": "opinion", "offset": [14], "text": "overload"}]}], "event": [], "spot": ["aspect", "opinion"], "asoc": ["neutral"], "spot_asoc": [{"span": "overload", "label": "opinion", "asoc": []}, {"span": "BOOT MGR", "label": "aspect", "asoc": [["neutral", "overload"]]}]}
{"text": "With Windows laptops a wireless mouse is an absolute must .", "tokens": ["With", "Windows", "laptops", "a", "wireless", "mouse", "is", "an", "absolute", "must", "."], "record": "<extra_id_0> <extra_id_0> aspect <extra_id_5> wireless mouse <extra_id_0> neutral <extra_id_5> must <extra_id_1> <extra_id_1> <extra_id_0> opinion <extra_id_5> must <extra_id_1> <extra_id_1>", "entity": [{"type": "aspect", "offset": [4, 5], "text": "wireless mouse"}, {"type": "opinion", "offset": [9], "text": "must"}], "relation": [{"type": "neutral", "args": [{"type": "aspect", "offset": [4, 5], "text": "wireless mouse"}, {"type": "opinion", "offset": [9], "text": "must"}]}], "event": [], "spot": ["aspect", "opinion"], "asoc": ["neutral"], "spot_asoc": [{"span": "wireless mouse", "label": "aspect", "asoc": [["neutral", "must"]]}, {"span": "must", "label": "opinion", "asoc": []}]}
