{"text": "Yes , a Mac is much more money than the average laptop out there , but there is no comparison in style , speed and just cool factor .", "tokens": ["Yes", ",", "a", "Mac", "is", "much", "more", "money", "than", "the", "average", "laptop", "out", "there", ",", "but", "there", "is", "no", "comparison", "in", "style", ",", "speed", "and", "just", "cool", "factor", "."], "record": "<extra_id_0> <extra_id_0> opinion <extra_id_5> no comparison <extra_id_1> <extra_id_0> aspect <extra_id_5> style <extra_id_0> positive <extra_id_5> no comparison <extra_id_1> <extra_id_1> <extra_id_0> aspect <extra_id_5> speed <extra_id_0> positive <extra_id_5> no comparison <extra_id_1> <extra_id_1> <extra_id_1>", "entity": [{"type": "aspect", "offset": [21], "text": "style"}, {"type": "aspect", "offset": [23], "text": "speed"}, {"type": "opinion", "offset": [18, 19], "text": "no comparison"}], "relation": [{"type": "positive", "args": [{"type": "aspect", "offset": [21], "text": "style"}, {"type": "opinion", "offset": [18, 19], "text": "no comparison"}]}, {"type": "positive", "args": [{"type": "aspect", "offset": [23], "text": "speed"}, {"type": "opinion", "offset": [18, 19], "text": "no comparison"}]}], "event": [], "spot": ["aspect", "opinion"], "asoc": ["positive"], "spot_asoc": [{"span": "no comparison", "label": "opinion", "asoc": []}, {"span": "style", "label": "aspect", "asoc": [["positive", "no comparison"]]}, {"span": "speed", "label": "aspect", "asoc": [["positive", "no comparison"]]}]}
{"text": "I have been very pleased with the performance of this laptop .", "tokens": ["I", "have", "been", "very", "pleased", "with", "the", "performance", "of", "this", "laptop", "."], "record": "<extra_id_0> <extra_id_0> opinion <extra_id_5> pleased <extra_id_1> <extra_id_0> aspect <extra_id_5> performance <extra_id_0> positive <extra_id_5> pleased <extra_id_1> <extra_id_1> <extra_id_1>", "entity": [{"type": "aspect", "offset": [7], "text": "performance"}, {"type": "opinion", "offset": [4], "text": "pleased"}], "relation": [{"type": "positive", "args": [{"type": "aspect", "offset": [7], "text": "performance"}, {"type": "opinion", "offset": [4], "text": "pleased"}]}], "event": [], "spot": ["aspect", "opinion"], "asoc": ["positive"], "spot_asoc": [{"span": "pleased", "label": "opinion", "asoc": []}, {"span": "performance", "label": "aspect", "asoc": [["positive", "pleased"]]}]}
{"text": "The graphics on this computer are also stellar - very clear and vivid .", "tokens": ["The", "graphics", "on", "this", "computer", "are", "also", "stellar", "-", "very", "clear", "and", "vivid", "."], "record": "<extra_id_0> <extra_id_0> aspect <extra_id_5> graphics <extra_id_0> positive <extra_id_5> stellar <extra_id_1> <extra_id_0> positive <extra_id_5> clear <extra_id_1> <extra_id_0> positive <extra_id_5> vivid <extra_id_1> <extra_id_1> <extra_id_0> opinion <extra_id_5> stellar <extra_id_1> <extra_id_0> opinion <extra_id_5> clear <extra_id_1> <extra_id_0> opinion <extra_id_5> vivid <extra_id_1> <extra_id_1>", "entity": [{"type": "aspect", "offset": [1], "text": "graphics"}, {"type": "opinion", "offset": [7], "text": "stellar"}, {"type": "opinion", "offset": [10], "text": "clear"}, {"type": "opinion", "offset": [12], "text": "vivid"}], "relation": [{"type": "positive", "args": [{"type": "aspect", "offset": [1], "text": "graphics"}, {"type": "opinion", "offset": [7], "text": "stellar"}]}, {"type": "positive", "args": [{"type": "aspect", "offset": [1], "text": "graphics"}, {"type": "opinion", "offset": [10], "text": "clear"}]}, {"type": "positive", "args": [{"type": "aspect", "offset": [1], "text": "graphics"}, {"type": "opinion", "offset": [12], "text": "vivid"}]}], "event": [], "spot": ["aspect", "opinion"], "asoc": ["positive"], "spot_asoc": [{"span": "graphics", "label": "aspect", "asoc": [["positive", "stellar"], ["positive", "clear"], ["positive", "vivid"]]}, {"span": "stellar", "label": "opinion", "asoc": []}, {"span": "clear", "label": "opinion", "asoc": []}, {"span": "vivid", "label": "opinion", "asoc": []}]}
{"text": "Registration/1st use is easy .", "tokens": ["Registration/1st", "use", "is", "easy", "."], "record": "<extra_id_0> <extra_id_0> aspect <extra_id_5> use <extra_id_0> positive <extra_id_5> easy <extra_id_1> <extra_id_1> <extra_id_0> opinion <extra_id_5> easy <extra_id_1> <extra_id_1>", "entity": [{"type": "aspect", "offset": [1], "text": "use"}, {"type": "opinion", "offset": [3], "text": "easy"}], "relation": [{"type": "positive", "args": [{"type": "aspect", "offset": [1], "text": "use"}, {"type": "opinion", "offset": [3], "text": "easy"}]}], "event": [], "spot": ["aspect", "opinion"], "asoc": ["positive"], "spot_asoc": [{"span": "use", "label": "aspect", "asoc": [["positive", "easy"]]}, {"span": "easy", "label": "opinion", "asoc": []}]}
{"text": "I love the glass touchpad .", "tokens": ["I", "love", "the", "glass", "touchpad", "."], "record": "<extra_id_0> <extra_id_0> opinion <extra_id_5> love <extra_id_1> <extra_id_0> aspect <extra_id_5> glass touchpad <extra_id_0> positive <extra_id_5> love <extra_id_1> <extra_id_1> <extra_id_1>", "entity": [{"type": "aspect", "offset": [3, 4], "text": "glass touchpad"}, {"type": "opinion", "offset": [1], "text": "love"}], "relation": [{"type": "positive", "args": [{"type": "aspect", "offset": [3, 4], "text": "glass touchpad"}, {"type": "opinion", "offset": [1], "text": "love"}]}], "event": [], "spot": ["aspect", "opinion"], "asoc": ["positive"], "spot_asoc": [{"span": "love", "label": "opinion", "asoc": []}, {"span": "glass touchpad", "label": "aspect", "asoc": [["positive", "love"]]}]}
{"text": "Apparently well -- built and gorgeous to look at , the i5 MacBook Pro is a winning combination of price and performance .", "tokens": ["Apparently", "well", "--", "built", "and", "gorgeous", "to", "look", "at", ",", "the", "i5", "MacBook", "Pro", "is", "a", "winning", "combination", "of", "price", "and", "performance", "."], "record": "<extra_id_0> <extra_id_0> opinion <extra_id_5> well <extra_id_1> <extra_id_0> aspect <extra_id_5> built <extra_id_0> positive <extra_id_5> well <extra_id_1> <extra_id_1> <extra_id_0> opinion <extra_id_5> gorgeous <extra_id_1> <extra_id_0> aspect <extra_id_5> look <extra_id_0> positive <extra_id_5> gorgeous <extra_id_1> <extra_id_1> <extra_id_0> opinion <extra_id_5> winning <extra_id_1> <extra_id_0> aspect <extra_id_5> price <extra_id_0> positive <extra_id_5> winning <extra_id_1> <extra_id_1> <extra_id_0> aspect <extra_id_5> performance <extra_id_0> positive <extra_id_5> winning <extra_id_1> <extra_id_1> <extra_id_1>", "entity": [{"type": "aspect", "offset": [19], "text": "price"}, {"type": "aspect", "offset": [21], "text": "performance"}, {"type": "aspect", "offset": [3], "text": "built"}, {"type": "aspect", "offset": [7], "text": "look"}, {"type": "opinion", "offset": [16], "text": "winning"}, {"type": "opinion", "offset": [1], "text": "well"}, {"type": "opinion", "offset": [5], "text": "gorgeous"}], "relation": [{"type": "positive", "args": [{"type": "aspect", "offset": [19], "text": "price"}, {"type": "opinion", "offset": [16], "text": "winning"}]}, {"type": "positive", "args": [{"type": "aspect", "offset": [21], "text": "performance"}, {"type": "opinion", "offset": [16], "text": "winning"}]}, {"type": "positive", "args": [{"type": "aspect", "offset": [3], "text": "built"}, {"type": "opinion", "offset": [1], "text": "well"}]}, {"type": "positive", "args": [{"type": "aspect", "offset": [7], "text": "look"}, {"type": "opinion", "offset": [5], "text": "gorgeous"}]}], "event": [], "spot": ["aspect", "opinion"], "asoc": ["positive"], "spot_asoc": [{"span": "well", "label": "opinion", "asoc": []}, {"span": "built", "label": "aspect", "asoc": [["positive", "well"]]}, {"span": "gorgeous", "label": "opinion", "asoc": []}, {"span": "look", "label": "aspect", "asoc": [["positive", "gorgeous"]]}, {"span": "winning", "label": "opinion", "asoc": []}, {"span": "price", "label": "aspect", "asoc": [["positive", "winning"]]}, {"span": "performance", "label": "aspect", "asoc": [["positive", "winning"]]}]}
{"text": "Peformance is good for the price .", "tokens": ["Peformance", "is", "good", "for", "the", "price", "."], "record": "<extra_id_0> <extra_id_0> aspect <extra_id_5> Peformance <extra_id_0> positive <extra_id_5> good <extra_id_1> <extra_id_1> <extra_id_0> opinion <extra_id_5> good <extra_id_1> <extra_id_0> aspect <extra_id_5> price <extra_id_0> positive <extra_id_5> good <extra_id_1> <extra_id_1> <extra_id_1>", "entity": [{"type": "aspect", "offset": [0], "text": "Peformance"}, {"type": "aspect", "offset": [5], "text": "price"}, {"type": "opinion", "offset": [2], "text": "good"}], "relation": [{"type": "positive", "args": [{"type": "aspect", "offset": [0], "text": "Peformance"}, {"type": "opinion", "offset": [2], "text": "good"}]}, {"type": "positive", "args": [{"type": "aspect", "offset": [5], "text": "price"}, {"type": "opinion", "offset": [2], "text": "good"}]}], "event": [], "spot": ["aspect", "opinion"], "asoc": ["positive"], "spot_asoc": [{"span": "Peformance", "label": "aspect", "asoc": [["positive", "good"]]}, {"span": "good", "label": "opinion", "asoc": []}, {"span": "price", "label": "aspect", "asoc": [["positive", "good"]]}]}
{"text": "The program came with the computer and works beautifully .", "tokens": ["The", "program", "came", "with", "the", "computer", "and", "works", "beautifully", "."], "record": "<extra_id_0> <extra_id_0> aspect <extra_id_5> program <extra_id_0> positive <extra_id_5> beautifully <extra_id_1> <extra_id_1> <extra_id_0> opinion <extra_id_5> beautifully <extra_id_1> <extra_id_1>", "entity": [{"type": "aspect", "offset": [1], "text": "program"}, {"type": "opinion", "offset": [8], "text": "beautifully"}], "relation": [{"type": "positive", "args": [{"type": "aspect", "offset": [1], "text": "program"}, {"type": "opinion", "offset": [8], "text": "beautifully"}]}], "event": [], "spot": ["aspect", "opinion"], "asoc": ["positive"], "spot_asoc": [{"span": "program", "label": "aspect", "asoc": [["positive", "beautifully"]]}, {"span": "beautifully", "label": "opinion", "asoc": []}]}
{"text": "I love the operating system and the preloaded software .", "tokens": ["I", "love", "the", "operating", "system", "and", "the", "preloaded", "software", "."], "record": "<extra_id_0> <extra_id_0> opinion <extra_id_5> love <extra_id_1> <extra_id_0> aspect <extra_id_5> operating system <extra_id_0> positive <extra_id_5> love <extra_id_1> <extra_id_1> <extra_id_0> aspect <extra_id_5> preloaded software <extra_id_0> positive <extra_id_5> love <extra_id_1> <extra_id_1> <extra_id_1>", "entity": [{"type": "aspect", "offset": [3, 4], "text": "operating system"}, {"type": "aspect", "offset": [7, 8], "text": "preloaded software"}, {"type": "opinion", "offset": [1], "text": "love"}], "relation": [{"type": "positive", "args": [{"type": "aspect", "offset": [3, 4], "text": "operating system"}, {"type": "opinion", "offset": [1], "text": "love"}]}, {"type": "positive", "args": [{"type": "aspect", "offset": [7, 8], "text": "preloaded software"}, {"type": "opinion", "offset": [1], "text": "love"}]}], "event": [], "spot": ["aspect", "opinion"], "asoc": ["positive"], "spot_asoc": [{"span": "love", "label": "opinion", "asoc": []}, {"span": "operating system", "label": "aspect", "asoc": [["positive", "love"]]}, {"span": "preloaded software", "label": "aspect", "asoc": [["positive", "love"]]}]}
{"text": "Its pretty fast and does not have hiccups while I am using it for web browsing , uploading photos , watching movies ( 720p ) on occasion and creating presentations .", "tokens": ["Its", "pretty", "fast", "and", "does", "not", "have", "hiccups", "while", "I", "am", "using", "it", "for", "web", "browsing", ",", "uploading", "photos", ",", "watching", "movies", "(", "720p", ")", "on", "occasion", "and", "creating", "presentations", "."], "record": "<extra_id_0> <extra_id_0> opinion <extra_id_5> fast <extra_id_1> <extra_id_0> aspect <extra_id_5> web browsing <extra_id_0> positive <extra_id_5> fast <extra_id_1> <extra_id_1> <extra_id_0> aspect <extra_id_5> uploading photos <extra_id_0> positive <extra_id_5> fast <extra_id_1> <extra_id_1> <extra_id_0> aspect <extra_id_5> watching movies <extra_id_0> positive <extra_id_5> fast <extra_id_1> <extra_id_1> <extra_id_0> aspect <extra_id_5> creating presentations <extra_id_0> positive <extra_id_5> fast <extra_id_1> <extra_id_1> <extra_id_1>", "entity": [{"type": "aspect", "offset": [14, 15], "text": "web browsing"}, {"type": "aspect", "offset": [17, 18], "text": "uploading photos"}, {"type": "aspect", "offset": [20, 21], "text": "watching movies"}, {"type": "aspect", "offset": [28, 29], "text": "creating presentations"}, {"type": "opinion", "offset": [2], "text": "fast"}], "relation": [{"type": "positive", "args": [{"type": "aspect", "offset": [14, 15], "text": "web browsing"}, {"type": "opinion", "offset": [2], "text": "fast"}]}, {"type": "positive", "args": [{"type": "aspect", "offset": [17, 18], "text": "uploading photos"}, {"type": "opinion", "offset": [2], "text": "fast"}]}, {"type": "positive", "args": [{"type": "aspect", "offset": [20, 21], "text": "watching movies"}, {"type": "opinion", "offset": [2], "text": "fast"}]}, {"type": "positive", "args": [{"type": "aspect", "offset": [28, 29], "text": "creating presentations"}, {"type": "opinion", "offset": [2], "text": "fast"}]}], "event": [], "spot": ["aspect", "opinion"], "asoc": ["positive"], "spot_asoc": [{"span": "fast", "label": "opinion", "asoc": []}, {"span": "web browsing", "label": "aspect", "asoc": [["positive", "fast"]]}, {"span": "uploading photos", "label": "aspect", "asoc": [["positive", "fast"]]}, {"span": "watching movies", "label": "aspect", "asoc": [["positive", "fast"]]}, {"span": "creating presentations", "label": "aspect", "asoc": [["positive", "fast"]]}]}
{"text": "It is much faster than my desktop which is a Core2 Quad running at 2.83 GHz .", "tokens": ["It", "is", "much", "faster", "than", "my", "desktop", "which", "is", "a", "Core2", "Quad", "running", "at", "2.83", "GHz", "."], "record": "<extra_id_0> <extra_id_0> opinion <extra_id_5> faster <extra_id_1> <extra_id_0> aspect <extra_id_5> Core2 Quad <extra_id_0> neutral <extra_id_5> faster <extra_id_1> <extra_id_1> <extra_id_1>", "entity": [{"type": "aspect", "offset": [10, 11], "text": "Core2 Quad"}, {"type": "opinion", "offset": [3], "text": "faster"}], "relation": [{"type": "neutral", "args": [{"type": "aspect", "offset": [10, 11], "text": "Core2 Quad"}, {"type": "opinion", "offset": [3], "text": "faster"}]}], "event": [], "spot": ["aspect", "opinion"], "asoc": ["neutral"], "spot_asoc": [{"span": "faster", "label": "opinion", "asoc": []}, {"span": "Core2 Quad", "label": "aspect", "asoc": [["neutral", "faster"]]}]}
{"text": "Even doing so , the hinge may just be slightly tightened only .", "tokens": ["Even", "doing", "so", ",", "the", "hinge", "may", "just", "be", "slightly", "tightened", "only", "."], "record": "<extra_id_0> <extra_id_0> aspect <extra_id_5> hinge <extra_id_0> neutral <extra_id_5> tightened <extra_id_1> <extra_id_1> <extra_id_0> opinion <extra_id_5> tightened <extra_id_1> <extra_id_1>", "entity": [{"type": "aspect", "offset": [5], "text": "hinge"}, {"type": "opinion", "offset": [10], "text": "tightened"}], "relation": [{"type": "neutral", "args": [{"type": "aspect", "offset": [5], "text": "hinge"}, {"type": "opinion", "offset": [10], "text": "tightened"}]}], "event": [], "spot": ["aspect", "opinion"], "asoc": ["neutral"], "spot_asoc": [{"span": "hinge", "label": "aspect", "asoc": [["neutral", "tightened"]]}, {"span": "tightened", "label": "opinion", "asoc": []}]}
{"text": "Its Office compatible , but the features and its functioning is all new again so you might as well save the money and just learn the pre installed mac programs .", "tokens": ["Its", "Office", "compatible", ",", "but", "the", "features", "and", "its", "functioning", "is", "all", "new", "again", "so", "you", "might", "as", "well", "save", "the", "money", "and", "just", "learn", "the", "pre", "installed", "mac", "programs", "."], "record": "<extra_id_0> <extra_id_0> aspect <extra_id_5> Office <extra_id_0> positive <extra_id_5> compatible <extra_id_1> <extra_id_1> <extra_id_0> opinion <extra_id_5> compatible <extra_id_1> <extra_id_0> aspect <extra_id_5> features <extra_id_0> neutral <extra_id_5> new <extra_id_1> <extra_id_1> <extra_id_0> aspect <extra_id_5> functioning <extra_id_0> neutral <extra_id_5> new <extra_id_1> <extra_id_1> <extra_id_0> opinion <extra_id_5> new <extra_id_1> <extra_id_1>", "entity": [{"type": "aspect", "offset": [6], "text": "features"}, {"type": "aspect", "offset": [9], "text": "functioning"}, {"type": "aspect", "offset": [1], "text": "Office"}, {"type": "opinion", "offset": [12], "text": "new"}, {"type": "opinion", "offset": [2], "text": "compatible"}], "relation": [{"type": "neutral", "args": [{"type": "aspect", "offset": [6], "text": "features"}, {"type": "opinion", "offset": [12], "text": "new"}]}, {"type": "neutral", "args": [{"type": "aspect", "offset": [9], "text": "functioning"}, {"type": "opinion", "offset": [12], "text": "new"}]}, {"type": "positive", "args": [{"type": "aspect", "offset": [1], "text": "Office"}, {"type": "opinion", "offset": [2], "text": "compatible"}]}], "event": [], "spot": ["aspect", "opinion"], "asoc": ["positive", "neutral"], "spot_asoc": [{"span": "Office", "label": "aspect", "asoc": [["positive", "compatible"]]}, {"span": "compatible", "label": "opinion", "asoc": []}, {"span": "features", "label": "aspect", "asoc": [["neutral", "new"]]}, {"span": "functioning", "label": "aspect", "asoc": [["neutral", "new"]]}, {"span": "new", "label": "opinion", "asoc": []}]}
{"text": "When I got the computer back and realizwed it still was not correct HP told me it was out of warranty and now it was my problem .", "tokens": ["When", "I", "got", "the", "computer", "back", "and", "realizwed", "it", "still", "was", "not", "correct", "HP", "told", "me", "it", "was", "out", "of", "warranty", "and", "now", "it", "was", "my", "problem", "."], "record": "<extra_id_0> <extra_id_0> opinion <extra_id_5> out of <extra_id_1> <extra_id_0> aspect <extra_id_5> warranty <extra_id_0> neutral <extra_id_5> out of <extra_id_1> <extra_id_1> <extra_id_1>", "entity": [{"type": "aspect", "offset": [20], "text": "warranty"}, {"type": "opinion", "offset": [18, 19], "text": "out of"}], "relation": [{"type": "neutral", "args": [{"type": "aspect", "offset": [20], "text": "warranty"}, {"type": "opinion", "offset": [18, 19], "text": "out of"}]}], "event": [], "spot": ["aspect", "opinion"], "asoc": ["neutral"], "spot_asoc": [{"span": "out of", "label": "opinion", "asoc": []}, {"span": "warranty", "label": "aspect", "asoc": [["neutral", "out of"]]}]}
{"text": "The ATI graphics card is a huge plus , definitely a good value if you need to be able to run some slightly older games that a Intel built-in card would have trouble with , such as Half-Life 2 or even World of Warcraft .", "tokens": ["The", "ATI", "graphics", "card", "is", "a", "huge", "plus", ",", "definitely", "a", "good", "value", "if", "you", "need", "to", "be", "able", "to", "run", "some", "slightly", "older", "games", "that", "a", "Intel", "built-in", "card", "would", "have", "trouble", "with", ",", "such", "as", "Half-Life", "2", "or", "even", "World", "of", "Warcraft", "."], "record": "<extra_id_0> <extra_id_0> aspect <extra_id_5> ATI graphics card <extra_id_0> positive <extra_id_5> huge plus <extra_id_1> <extra_id_1> <extra_id_0> opinion <extra_id_5> huge plus <extra_id_1> <extra_id_0> opinion <extra_id_5> older <extra_id_1> <extra_id_0> aspect <extra_id_5> games <extra_id_0> neutral <extra_id_5> older <extra_id_1> <extra_id_1> <extra_id_0> aspect <extra_id_5> Intel built-in card <extra_id_0> positive <extra_id_5> trouble <extra_id_1> <extra_id_1> <extra_id_0> opinion <extra_id_5> trouble <extra_id_1> <extra_id_1>", "entity": [{"type": "aspect", "offset": [1, 2, 3], "text": "ATI graphics card"}, {"type": "aspect", "offset": [27, 28, 29], "text": "Intel built-in card"}, {"type": "aspect", "offset": [24], "text": "games"}, {"type": "opinion", "offset": [6, 7], "text": "huge plus"}, {"type": "opinion", "offset": [32], "text": "trouble"}, {"type": "opinion", "offset": [23], "text": "older"}], "relation": [{"type": "positive", "args": [{"type": "aspect", "offset": [1, 2, 3], "text": "ATI graphics card"}, {"type": "opinion", "offset": [6, 7], "text": "huge plus"}]}, {"type": "positive", "args": [{"type": "aspect", "offset": [27, 28, 29], "text": "Intel built-in card"}, {"type": "opinion", "offset": [32], "text": "trouble"}]}, {"type": "neutral", "args": [{"type": "aspect", "offset": [24], "text": "games"}, {"type": "opinion", "offset": [23], "text": "older"}]}], "event": [], "spot": ["aspect", "opinion"], "asoc": ["positive", "neutral"], "spot_asoc": [{"span": "ATI graphics card", "label": "aspect", "asoc": [["positive", "huge plus"]]}, {"span": "huge plus", "label": "opinion", "asoc": []}, {"span": "older", "label": "opinion", "asoc": []}, {"span": "games", "label": "aspect", "asoc": [["neutral", "older"]]}, {"span": "Intel built-in card", "label": "aspect", "asoc": [["positive", "trouble"]]}, {"span": "trouble", "label": "opinion", "asoc": []}]}
{"text": "-I propose that they can just swap the hard drives .", "tokens": ["-I", "propose", "that", "they", "can", "just", "swap", "the", "hard", "drives", "."], "record": "<extra_id_0> <extra_id_0> opinion <extra_id_5> swap <extra_id_1> <extra_id_0> aspect <extra_id_5> hard drives <extra_id_0> neutral <extra_id_5> swap <extra_id_1> <extra_id_1> <extra_id_1>", "entity": [{"type": "aspect", "offset": [8, 9], "text": "hard drives"}, {"type": "opinion", "offset": [6], "text": "swap"}], "relation": [{"type": "neutral", "args": [{"type": "aspect", "offset": [8, 9], "text": "hard drives"}, {"type": "opinion", "offset": [6], "text": "swap"}]}], "event": [], "spot": ["aspect", "opinion"], "asoc": ["neutral"], "spot_asoc": [{"span": "swap", "label": "opinion", "asoc": []}, {"span": "hard drives", "label": "aspect", "asoc": [["neutral", "swap"]]}]}
{"text": "I upgraded the memory and replaced the base Windows 7 Starter to Win 7 Home , and it runs just fine .", "tokens": ["I", "upgraded", "the", "memory", "and", "replaced", "the", "base", "Windows", "7", "Starter", "to", "Win", "7", "Home", ",", "and", "it", "runs", "just", "fine", "."], "record": "<extra_id_0> <extra_id_0> opinion <extra_id_5> upgraded <extra_id_1> <extra_id_0> aspect <extra_id_5> memory <extra_id_0> neutral <extra_id_5> upgraded <extra_id_1> <extra_id_0> neutral <extra_id_5> fine <extra_id_1> <extra_id_1> <extra_id_0> opinion <extra_id_5> replaced <extra_id_1> <extra_id_0> aspect <extra_id_5> Windows 7 Starter <extra_id_0> neutral <extra_id_5> replaced <extra_id_1> <extra_id_1> <extra_id_0> aspect <extra_id_5> Win 7 Home <extra_id_0> neutral <extra_id_5> fine <extra_id_1> <extra_id_1> <extra_id_0> aspect <extra_id_5> runs <extra_id_0> positive <extra_id_5> fine <extra_id_1> <extra_id_1> <extra_id_0> opinion <extra_id_5> fine <extra_id_1> <extra_id_1>", "entity": [{"type": "aspect", "offset": [3], "text": "memory"}, {"type": "aspect", "offset": [8, 9, 10], "text": "Windows 7 Starter"}, {"type": "aspect", "offset": [12, 13, 14], "text": "Win 7 Home"}, {"type": "aspect", "offset": [18], "text": "runs"}, {"type": "opinion", "offset": [1], "text": "upgraded"}, {"type": "opinion", "offset": [20], "text": "fine"}, {"type": "opinion", "offset": [5], "text": "replaced"}], "relation": [{"type": "neutral", "args": [{"type": "aspect", "offset": [3], "text": "memory"}, {"type": "opinion", "offset": [1], "text": "upgraded"}]}, {"type": "neutral", "args": [{"type": "aspect", "offset": [3], "text": "memory"}, {"type": "opinion", "offset": [20], "text": "fine"}]}, {"type": "neutral", "args": [{"type": "aspect", "offset": [8, 9, 10], "text": "Windows 7 Starter"}, {"type": "opinion", "offset": [5], "text": "replaced"}]}, {"type": "neutral", "args": [{"type": "aspect", "offset": [12, 13, 14], "text": "Win 7 Home"}, {"type": "opinion", "offset": [20], "text": "fine"}]}, {"type": "positive", "args": [{"type": "aspect", "offset": [18], "text": "runs"}, {"type": "opinion", "offset": [20], "text": "fine"}]}], "event": [], "spot": ["aspect", "opinion"], "asoc": ["positive", "neutral"], "spot_asoc": [{"span": "upgraded", "label": "opinion", "asoc": []}, {"span": "memory", "label": "aspect", "asoc": [["neutral", "upgraded"], ["neutral", "fine"]]}, {"span": "replaced", "label": "opinion", "asoc": []}, {"span": "Windows 7 Starter", "label": "aspect", "asoc": [["neutral", "replaced"]]}, {"span": "Win 7 Home", "label": "aspect", "asoc": [["neutral", "fine"]]}, {"span": "runs", "label": "aspect", "asoc": [["positive", "fine"]]}, {"span": "fine", "label": "opinion", "asoc": []}]}
{"text": "We use the built in tools often , iTunes is open nearly every day and works great with my iPhone .", "tokens": ["We", "use", "the", "built", "in", "tools", "often", ",", "iTunes", "is", "open", "nearly", "every", "day", "and", "works", "great", "with", "my", "iPhone", "."], "record": "<extra_id_0> <extra_id_0> aspect <extra_id_5> built in tools <extra_id_0> neutral <extra_id_5> great <extra_id_1> <extra_id_1> <extra_id_0> aspect <extra_id_5> iTunes <extra_id_0> positive <extra_id_5> great <extra_id_1> <extra_id_1> <extra_id_0> opinion <extra_id_5> great <extra_id_1> <extra_id_1>", "entity": [{"type": "aspect", "offset": [3, 4, 5], "text": "built in tools"}, {"type": "aspect", "offset": [8], "text": "iTunes"}, {"type": "opinion", "offset": [16], "text": "great"}], "relation": [{"type": "neutral", "args": [{"type": "aspect", "offset": [3, 4, 5], "text": "built in tools"}, {"type": "opinion", "offset": [16], "text": "great"}]}, {"type": "positive", "args": [{"type": "aspect", "offset": [8], "text": "iTunes"}, {"type": "opinion", "offset": [16], "text": "great"}]}], "event": [], "spot": ["aspect", "opinion"], "asoc": ["positive", "neutral"], "spot_asoc": [{"span": "built in tools", "label": "aspect", "asoc": [["neutral", "great"]]}, {"span": "iTunes", "label": "aspect", "asoc": [["positive", "great"]]}, {"span": "great", "label": "opinion", "asoc": []}]}
{"text": "It is a much more streamlined system for adding programs , using the internet , and doing other things everyone does on a computer .", "tokens": ["It", "is", "a", "much", "more", "streamlined", "system", "for", "adding", "programs", ",", "using", "the", "internet", ",", "and", "doing", "other", "things", "everyone", "does", "on", "a", "computer", "."], "record": "<extra_id_0> <extra_id_0> opinion <extra_id_5> streamlined <extra_id_1> <extra_id_0> aspect <extra_id_5> system <extra_id_0> positive <extra_id_5> streamlined <extra_id_1> <extra_id_1> <extra_id_0> opinion <extra_id_5> adding <extra_id_1> <extra_id_0> aspect <extra_id_5> programs <extra_id_0> neutral <extra_id_5> adding <extra_id_1> <extra_id_1> <extra_id_0> aspect <extra_id_5> using the internet <extra_id_0> neutral <extra_id_5> streamlined <extra_id_1> <extra_id_1> <extra_id_1>", "entity": [{"type": "aspect", "offset": [9], "text": "programs"}, {"type": "aspect", "offset": [6], "text": "system"}, {"type": "aspect", "offset": [11, 12, 13], "text": "using the internet"}, {"type": "opinion", "offset": [8], "text": "adding"}, {"type": "opinion", "offset": [5], "text": "streamlined"}], "relation": [{"type": "neutral", "args": [{"type": "aspect", "offset": [9], "text": "programs"}, {"type": "opinion", "offset": [8], "text": "adding"}]}, {"type": "positive", "args": [{"type": "aspect", "offset": [6], "text": "system"}, {"type": "opinion", "offset": [5], "text": "streamlined"}]}, {"type": "neutral", "args": [{"type": "aspect", "offset": [11, 12, 13], "text": "using the internet"}, {"type": "opinion", "offset": [5], "text": "streamlined"}]}], "event": [], "spot": ["aspect", "opinion"], "asoc": ["positive", "neutral"], "spot_asoc": [{"span": "streamlined", "label": "opinion", "asoc": []}, {"span": "system", "label": "aspect", "asoc": [["positive", "streamlined"]]}, {"span": "adding", "label": "opinion", "asoc": []}, {"span": "programs", "label": "aspect", "asoc": [["neutral", "adding"]]}, {"span": "using the internet", "label": "aspect", "asoc": [["neutral", "streamlined"]]}]}
{"text": "I am not sure if it was the drive itself , however ;", "tokens": ["I", "am", "not", "sure", "if", "it", "was", "the", "drive", "itself", ",", "however", ";"], "record": "<extra_id_0> <extra_id_0> opinion <extra_id_5> not sure <extra_id_1> <extra_id_0> aspect <extra_id_5> drive <extra_id_0> neutral <extra_id_5> not sure <extra_id_1> <extra_id_1> <extra_id_1>", "entity": [{"type": "aspect", "offset": [8], "text": "drive"}, {"type": "opinion", "offset": [2, 3], "text": "not sure"}], "relation": [{"type": "neutral", "args": [{"type": "aspect", "offset": [8], "text": "drive"}, {"type": "opinion", "offset": [2, 3], "text": "not sure"}]}], "event": [], "spot": ["aspect", "opinion"], "asoc": ["neutral"], "spot_asoc": [{"span": "not sure", "label": "opinion", "asoc": []}, {"span": "drive", "label": "aspect", "asoc": [["neutral", "not sure"]]}]}
{"text": "I gave it to my daughter because I just hated the screen , hated that it had no cd drive to at least play cd 's when I wanted to listen to music and do schoolwork .", "tokens": ["I", "gave", "it", "to", "my", "daughter", "because", "I", "just", "hated", "the", "screen", ",", "hated", "that", "it", "had", "no", "cd", "drive", "to", "at", "least", "play", "cd", "'s", "when", "I", "wanted", "to", "listen", "to", "music", "and", "do", "schoolwork", "."], "record": "<extra_id_0> <extra_id_0> opinion <extra_id_5> hated <extra_id_1> <extra_id_0> aspect <extra_id_5> screen <extra_id_0> negative <extra_id_5> hated <extra_id_1> <extra_id_0> negative <extra_id_5> hated <extra_id_1> <extra_id_1> <extra_id_0> opinion <extra_id_5> hated <extra_id_1> <extra_id_0> opinion <extra_id_5> no <extra_id_1> <extra_id_0> aspect <extra_id_5> cd drive <extra_id_0> negative <extra_id_5> no <extra_id_1> <extra_id_1> <extra_id_1>", "entity": [{"type": "aspect", "offset": [11], "text": "screen"}, {"type": "aspect", "offset": [18, 19], "text": "cd drive"}, {"type": "opinion", "offset": [9], "text": "hated"}, {"type": "opinion", "offset": [13], "text": "hated"}, {"type": "opinion", "offset": [17], "text": "no"}], "relation": [{"type": "negative", "args": [{"type": "aspect", "offset": [11], "text": "screen"}, {"type": "opinion", "offset": [9], "text": "hated"}]}, {"type": "negative", "args": [{"type": "aspect", "offset": [11], "text": "screen"}, {"type": "opinion", "offset": [13], "text": "hated"}]}, {"type": "negative", "args": [{"type": "aspect", "offset": [18, 19], "text": "cd drive"}, {"type": "opinion", "offset": [17], "text": "no"}]}], "event": [], "spot": ["aspect", "opinion"], "asoc": ["negative"], "spot_asoc": [{"span": "hated", "label": "opinion", "asoc": []}, {"span": "screen", "label": "aspect", "asoc": [["negative", "hated"], ["negative", "hated"]]}, {"span": "hated", "label": "opinion", "asoc": []}, {"span": "no", "label": "opinion", "asoc": []}, {"span": "cd drive", "label": "aspect", "asoc": [["negative", "no"]]}]}
{"text": "The machine is slow to boot up and occasionally crashes completely .", "tokens": ["The", "machine", "is", "slow", "to", "boot", "up", "and", "occasionally", "crashes", "completely", "."], "record": "<extra_id_0> <extra_id_0> opinion <extra_id_5> slow <extra_id_1> <extra_id_0> aspect <extra_id_5> boot up <extra_id_0> negative <extra_id_5> slow <extra_id_1> <extra_id_1> <extra_id_1>", "entity": [{"type": "aspect", "offset": [5, 6], "text": "boot up"}, {"type": "opinion", "offset": [3], "text": "slow"}], "relation": [{"type": "negative", "args": [{"type": "aspect", "offset": [5, 6], "text": "boot up"}, {"type": "opinion", "offset": [3], "text": "slow"}]}], "event": [], "spot": ["aspect", "opinion"], "asoc": ["negative"], "spot_asoc": [{"span": "slow", "label": "opinion", "asoc": []}, {"span": "boot up", "label": "aspect", "asoc": [["negative", "slow"]]}]}
{"text": "Vista is a nightmare .", "tokens": ["Vista", "is", "a", "nightmare", "."], "record": "<extra_id_0> <extra_id_0> aspect <extra_id_5> Vista <extra_id_0> negative <extra_id_5> nightmare <extra_id_1> <extra_id_1> <extra_id_0> opinion <extra_id_5> nightmare <extra_id_1> <extra_id_1>", "entity": [{"type": "aspect", "offset": [0], "text": "Vista"}, {"type": "opinion", "offset": [3], "text": "nightmare"}], "relation": [{"type": "negative", "args": [{"type": "aspect", "offset": [0], "text": "Vista"}, {"type": "opinion", "offset": [3], "text": "nightmare"}]}], "event": [], "spot": ["aspect", "opinion"], "asoc": ["negative"], "spot_asoc": [{"span": "Vista", "label": "aspect", "asoc": [["negative", "nightmare"]]}, {"span": "nightmare", "label": "opinion", "asoc": []}]}
{"text": "Sony parts reliability and quality of service is recenlty the worst .", "tokens": ["Sony", "parts", "reliability", "and", "quality", "of", "service", "is", "recenlty", "the", "worst", "."], "record": "<extra_id_0> <extra_id_0> aspect <extra_id_5> service <extra_id_0> negative <extra_id_5> worst <extra_id_1> <extra_id_1> <extra_id_0> opinion <extra_id_5> worst <extra_id_1> <extra_id_1>", "entity": [{"type": "aspect", "offset": [6], "text": "service"}, {"type": "opinion", "offset": [10], "text": "worst"}], "relation": [{"type": "negative", "args": [{"type": "aspect", "offset": [6], "text": "service"}, {"type": "opinion", "offset": [10], "text": "worst"}]}], "event": [], "spot": ["aspect", "opinion"], "asoc": ["negative"], "spot_asoc": [{"span": "service", "label": "aspect", "asoc": [["negative", "worst"]]}, {"span": "worst", "label": "opinion", "asoc": []}]}
{"text": "4 ) Laptop still did not work , blue screen within a week ...", "tokens": ["4", ")", "Laptop", "still", "did", "not", "work", ",", "blue", "screen", "within", "a", "week", "..."], "record": "<extra_id_0> <extra_id_0> opinion <extra_id_5> not <extra_id_1> <extra_id_0> aspect <extra_id_5> work <extra_id_0> negative <extra_id_5> not <extra_id_1> <extra_id_1> <extra_id_1>", "entity": [{"type": "aspect", "offset": [6], "text": "work"}, {"type": "opinion", "offset": [5], "text": "not"}], "relation": [{"type": "negative", "args": [{"type": "aspect", "offset": [6], "text": "work"}, {"type": "opinion", "offset": [5], "text": "not"}]}], "event": [], "spot": ["aspect", "opinion"], "asoc": ["negative"], "spot_asoc": [{"span": "not", "label": "opinion", "asoc": []}, {"span": "work", "label": "aspect", "asoc": [["negative", "not"]]}]}
{"text": "The computer was two weeks late in delivery because HP forgot to complete the required import paperwork .", "tokens": ["The", "computer", "was", "two", "weeks", "late", "in", "delivery", "because", "HP", "forgot", "to", "complete", "the", "required", "import", "paperwork", "."], "record": "<extra_id_0> <extra_id_0> opinion <extra_id_5> late <extra_id_1> <extra_id_0> aspect <extra_id_5> delivery <extra_id_0> negative <extra_id_5> late <extra_id_1> <extra_id_1> <extra_id_1>", "entity": [{"type": "aspect", "offset": [7], "text": "delivery"}, {"type": "opinion", "offset": [5], "text": "late"}], "relation": [{"type": "negative", "args": [{"type": "aspect", "offset": [7], "text": "delivery"}, {"type": "opinion", "offset": [5], "text": "late"}]}], "event": [], "spot": ["aspect", "opinion"], "asoc": ["negative"], "spot_asoc": [{"span": "late", "label": "opinion", "asoc": []}, {"span": "delivery", "label": "aspect", "asoc": [["negative", "late"]]}]}
{"text": "Fan noise : The fan made a constant hissing noise in the background .", "tokens": ["Fan", "noise", ":", "The", "fan", "made", "a", "constant", "hissing", "noise", "in", "the", "background", "."], "record": "<extra_id_0> <extra_id_0> aspect <extra_id_5> Fan <extra_id_0> negative <extra_id_5> noise <extra_id_1> <extra_id_1> <extra_id_0> opinion <extra_id_5> noise <extra_id_1> <extra_id_0> aspect <extra_id_5> fan <extra_id_0> negative <extra_id_5> noise <extra_id_1> <extra_id_1> <extra_id_1>", "entity": [{"type": "aspect", "offset": [0], "text": "Fan"}, {"type": "aspect", "offset": [4], "text": "fan"}, {"type": "opinion", "offset": [1], "text": "noise"}], "relation": [{"type": "negative", "args": [{"type": "aspect", "offset": [0], "text": "Fan"}, {"type": "opinion", "offset": [1], "text": "noise"}]}, {"type": "negative", "args": [{"type": "aspect", "offset": [4], "text": "fan"}, {"type": "opinion", "offset": [1], "text": "noise"}]}], "event": [], "spot": ["aspect", "opinion"], "asoc": ["negative"], "spot_asoc": [{"span": "Fan", "label": "aspect", "asoc": [["negative", "noise"]]}, {"span": "noise", "label": "opinion", "asoc": []}, {"span": "fan", "label": "aspect", "asoc": [["negative", "noise"]]}]}
{"text": "-Called headquarters again , they report that TFT panel is broken , should be fixed by the end of the week ( week 3 ) .", "tokens": ["-Called", "headquarters", "again", ",", "they", "report", "that", "TFT", "panel", "is", "broken", ",", "should", "be", "fixed", "by", "the", "end", "of", "the", "week", "(", "week", "3", ")", "."], "record": "<extra_id_0> <extra_id_0> aspect <extra_id_5> TFT panel <extra_id_0> negative <extra_id_5> broken <extra_id_1> <extra_id_1> <extra_id_0> opinion <extra_id_5> broken <extra_id_1> <extra_id_1>", "entity": [{"type": "aspect", "offset": [7, 8], "text": "TFT panel"}, {"type": "opinion", "offset": [10], "text": "broken"}], "relation": [{"type": "negative", "args": [{"type": "aspect", "offset": [7, 8], "text": "TFT panel"}, {"type": "opinion", "offset": [10], "text": "broken"}]}], "event": [], "spot": ["aspect", "opinion"], "asoc": ["negative"], "spot_asoc": [{"span": "TFT panel", "label": "aspect", "asoc": [["negative", "broken"]]}, {"span": "broken", "label": "opinion", "asoc": []}]}
{"text": "I wish it had a webcam though , then it would be perfect !", "tokens": ["I", "wish", "it", "had", "a", "webcam", "though", ",", "then", "it", "would", "be", "perfect", "!"], "record": "<extra_id_0> <extra_id_0> opinion <extra_id_5> wish <extra_id_1> <extra_id_0> aspect <extra_id_5> webcam <extra_id_0> negative <extra_id_5> wish <extra_id_1> <extra_id_1> <extra_id_1>", "entity": [{"type": "aspect", "offset": [5], "text": "webcam"}, {"type": "opinion", "offset": [1], "text": "wish"}], "relation": [{"type": "negative", "args": [{"type": "aspect", "offset": [5], "text": "webcam"}, {"type": "opinion", "offset": [1], "text": "wish"}]}], "event": [], "spot": ["aspect", "opinion"], "asoc": ["negative"], "spot_asoc": [{"span": "wish", "label": "opinion", "asoc": []}, {"span": "webcam", "label": "aspect", "asoc": [["negative", "wish"]]}]}
{"text": "YOU WILL NOT BE ABLE TO TALK TO AN AMERICAN WARRANTY SERVICE IS OUT OF COUNTRY .", "tokens": ["YOU", "WILL", "NOT", "BE", "ABLE", "TO", "TALK", "TO", "AN", "AMERICAN", "WARRANTY", "SERVICE", "IS", "OUT", "OF", "COUNTRY", "."], "record": "<extra_id_0> <extra_id_0> opinion <extra_id_5> NOT BE ABLE <extra_id_1> <extra_id_0> aspect <extra_id_5> WARRANTY SERVICE <extra_id_0> negative <extra_id_5> NOT BE ABLE <extra_id_1> <extra_id_1> <extra_id_1>", "entity": [{"type": "aspect", "offset": [10, 11], "text": "WARRANTY SERVICE"}, {"type": "opinion", "offset": [2, 3, 4], "text": "NOT BE ABLE"}], "relation": [{"type": "negative", "args": [{"type": "aspect", "offset": [10, 11], "text": "WARRANTY SERVICE"}, {"type": "opinion", "offset": [2, 3, 4], "text": "NOT BE ABLE"}]}], "event": [], "spot": ["aspect", "opinion"], "asoc": ["negative"], "spot_asoc": [{"span": "NOT BE ABLE", "label": "opinion", "asoc": []}, {"span": "WARRANTY SERVICE", "label": "aspect", "asoc": [["negative", "NOT BE ABLE"]]}]}
