{"text": "The large screen gives you the option to comfortably watch movies or TV shows on your computer instead of buying an additional TV for your dorm room .", "tokens": ["The", "large", "screen", "gives", "you", "the", "option", "to", "comfortably", "watch", "movies", "or", "TV", "shows", "on", "your", "computer", "instead", "of", "buying", "an", "additional", "TV", "for", "your", "dorm", "room", "."], "record": "<extra_id_0> <extra_id_0> opinion <extra_id_5> large <extra_id_1> <extra_id_0> aspect <extra_id_5> screen <extra_id_0> positive <extra_id_5> large <extra_id_1> <extra_id_1> <extra_id_1>", "entity": [{"type": "aspect", "offset": [2], "text": "screen"}, {"type": "opinion", "offset": [1], "text": "large"}], "relation": [{"type": "positive", "args": [{"type": "aspect", "offset": [2], "text": "screen"}, {"type": "opinion", "offset": [1], "text": "large"}]}], "event": [], "spot": ["aspect", "opinion"], "asoc": ["positive"], "spot_asoc": [{"span": "large", "label": "opinion", "asoc": []}, {"span": "screen", "label": "aspect", "asoc": [["positive", "large"]]}]}
{"text": "But , for the cost this is a winner .", "tokens": ["But", ",", "for", "the", "cost", "this", "is", "a", "winner", "."], "record": "<extra_id_0> <extra_id_0> aspect <extra_id_5> cost <extra_id_0> positive <extra_id_5> winner <extra_id_1> <extra_id_1> <extra_id_0> opinion <extra_id_5> winner <extra_id_1> <extra_id_1>", "entity": [{"type": "aspect", "offset": [4], "text": "cost"}, {"type": "opinion", "offset": [8], "text": "winner"}], "relation": [{"type": "positive", "args": [{"type": "aspect", "offset": [4], "text": "cost"}, {"type": "opinion", "offset": [8], "text": "winner"}]}], "event": [], "spot": ["aspect", "opinion"], "asoc": ["positive"], "spot_asoc": [{"span": "cost", "label": "aspect", "asoc": [["positive", "winner"]]}, {"span": "winner", "label": "opinion", "asoc": []}]}
{"text": "It has many great programs , such as ILife , iPhotos and others .", "tokens": ["It", "has", "many", "great", "programs", ",", "such", "as", "ILife", ",", "iPhotos", "and", "others", "."], "record": "<extra_id_0> <extra_id_0> opinion <extra_id_5> great <extra_id_1> <extra_id_0> aspect <extra_id_5> programs <extra_id_0> positive <extra_id_5> great <extra_id_1> <extra_id_1> <extra_id_0> aspect <extra_id_5> ILife <extra_id_0> positive <extra_id_5> great <extra_id_1> <extra_id_1> <extra_id_0> aspect <extra_id_5> iPhotos <extra_id_0> positive <extra_id_5> great <extra_id_1> <extra_id_1> <extra_id_1>", "entity": [{"type": "aspect", "offset": [4], "text": "programs"}, {"type": "aspect", "offset": [8], "text": "ILife"}, {"type": "aspect", "offset": [10], "text": "iPhotos"}, {"type": "opinion", "offset": [3], "text": "great"}], "relation": [{"type": "positive", "args": [{"type": "aspect", "offset": [4], "text": "programs"}, {"type": "opinion", "offset": [3], "text": "great"}]}, {"type": "positive", "args": [{"type": "aspect", "offset": [8], "text": "ILife"}, {"type": "opinion", "offset": [3], "text": "great"}]}, {"type": "positive", "args": [{"type": "aspect", "offset": [10], "text": "iPhotos"}, {"type": "opinion", "offset": [3], "text": "great"}]}], "event": [], "spot": ["aspect", "opinion"], "asoc": ["positive"], "spot_asoc": [{"span": "great", "label": "opinion", "asoc": []}, {"span": "programs", "label": "aspect", "asoc": [["positive", "great"]]}, {"span": "ILife", "label": "aspect", "asoc": [["positive", "great"]]}, {"span": "iPhotos", "label": "aspect", "asoc": [["positive", "great"]]}]}
{"text": "This purchase opened me to the world of Macbooks , and I am impressed with the intuition of the design , the beauty of the product , and the excellent technological advances associated with it .", "tokens": ["This", "purchase", "opened", "me", "to", "the", "world", "of", "Macbooks", ",", "and", "I", "am", "impressed", "with", "the", "intuition", "of", "the", "design", ",", "the", "beauty", "of", "the", "product", ",", "and", "the", "excellent", "technological", "advances", "associated", "with", "it", "."], "record": "<extra_id_0> <extra_id_0> opinion <extra_id_5> impressed <extra_id_1> <extra_id_0> aspect <extra_id_5> design <extra_id_0> positive <extra_id_5> impressed <extra_id_1> <extra_id_1> <extra_id_0> aspect <extra_id_5> beauty <extra_id_0> positive <extra_id_5> impressed <extra_id_1> <extra_id_1> <extra_id_1>", "entity": [{"type": "aspect", "offset": [19], "text": "design"}, {"type": "aspect", "offset": [22], "text": "beauty"}, {"type": "opinion", "offset": [13], "text": "impressed"}], "relation": [{"type": "positive", "args": [{"type": "aspect", "offset": [19], "text": "design"}, {"type": "opinion", "offset": [13], "text": "impressed"}]}, {"type": "positive", "args": [{"type": "aspect", "offset": [22], "text": "beauty"}, {"type": "opinion", "offset": [13], "text": "impressed"}]}], "event": [], "spot": ["aspect", "opinion"], "asoc": ["positive"], "spot_asoc": [{"span": "impressed", "label": "opinion", "asoc": []}, {"span": "design", "label": "aspect", "asoc": [["positive", "impressed"]]}, {"span": "beauty", "label": "aspect", "asoc": [["positive", "impressed"]]}]}
{"text": "and plenty of storage with 250 gb ( though I will upgrade this and the ram.. )", "tokens": ["and", "plenty", "of", "storage", "with", "250", "gb", "(", "though", "I", "will", "upgrade", "this", "and", "the", "ram..", ")"], "record": "<extra_id_0> <extra_id_0> opinion <extra_id_5> plenty <extra_id_1> <extra_id_0> aspect <extra_id_5> storage <extra_id_0> positive <extra_id_5> plenty <extra_id_1> <extra_id_1> <extra_id_1>", "entity": [{"type": "aspect", "offset": [3], "text": "storage"}, {"type": "opinion", "offset": [1], "text": "plenty"}], "relation": [{"type": "positive", "args": [{"type": "aspect", "offset": [3], "text": "storage"}, {"type": "opinion", "offset": [1], "text": "plenty"}]}], "event": [], "spot": ["aspect", "opinion"], "asoc": ["positive"], "spot_asoc": [{"span": "plenty", "label": "opinion", "asoc": []}, {"span": "storage", "label": "aspect", "asoc": [["positive", "plenty"]]}]}
{"text": "Im glad that it has such great features in it .", "tokens": ["Im", "glad", "that", "it", "has", "such", "great", "features", "in", "it", "."], "record": "<extra_id_0> <extra_id_0> opinion <extra_id_5> great <extra_id_1> <extra_id_0> aspect <extra_id_5> features <extra_id_0> positive <extra_id_5> great <extra_id_1> <extra_id_1> <extra_id_1>", "entity": [{"type": "aspect", "offset": [7], "text": "features"}, {"type": "opinion", "offset": [6], "text": "great"}], "relation": [{"type": "positive", "args": [{"type": "aspect", "offset": [7], "text": "features"}, {"type": "opinion", "offset": [6], "text": "great"}]}], "event": [], "spot": ["aspect", "opinion"], "asoc": ["positive"], "spot_asoc": [{"span": "great", "label": "opinion", "asoc": []}, {"span": "features", "label": "aspect", "asoc": [["positive", "great"]]}]}
{"text": "Which is great I am running Vista Business and scored a 5.X on the index I have never seen a windows machine have a total score in the 5 's .", "tokens": ["Which", "is", "great", "I", "am", "running", "Vista", "Business", "and", "scored", "a", "5.X", "on", "the", "index", "I", "have", "never", "seen", "a", "windows", "machine", "have", "a", "total", "score", "in", "the", "5", "'s", "."], "record": "<extra_id_0> <extra_id_0> opinion <extra_id_5> great <extra_id_1> <extra_id_0> aspect <extra_id_5> Vista Business <extra_id_0> positive <extra_id_5> great <extra_id_1> <extra_id_1> <extra_id_1>", "entity": [{"type": "aspect", "offset": [6, 7], "text": "Vista Business"}, {"type": "opinion", "offset": [2], "text": "great"}], "relation": [{"type": "positive", "args": [{"type": "aspect", "offset": [6, 7], "text": "Vista Business"}, {"type": "opinion", "offset": [2], "text": "great"}]}], "event": [], "spot": ["aspect", "opinion"], "asoc": ["positive"], "spot_asoc": [{"span": "great", "label": "opinion", "asoc": []}, {"span": "Vista Business", "label": "aspect", "asoc": [["positive", "great"]]}]}
{"text": "apple has a reputation and is well known for its easy usage .", "tokens": ["apple", "has", "a", "reputation", "and", "is", "well", "known", "for", "its", "easy", "usage", "."], "record": "<extra_id_0> <extra_id_0> opinion <extra_id_5> easy <extra_id_1> <extra_id_0> aspect <extra_id_5> usage <extra_id_0> positive <extra_id_5> easy <extra_id_1> <extra_id_1> <extra_id_1>", "entity": [{"type": "aspect", "offset": [11], "text": "usage"}, {"type": "opinion", "offset": [10], "text": "easy"}], "relation": [{"type": "positive", "args": [{"type": "aspect", "offset": [11], "text": "usage"}, {"type": "opinion", "offset": [10], "text": "easy"}]}], "event": [], "spot": ["aspect", "opinion"], "asoc": ["positive"], "spot_asoc": [{"span": "easy", "label": "opinion", "asoc": []}, {"span": "usage", "label": "aspect", "asoc": [["positive", "easy"]]}]}
{"text": "The operating system and user interface is very intuitive , and the large multi-touch track pad is amazing .", "tokens": ["The", "operating", "system", "and", "user", "interface", "is", "very", "intuitive", ",", "and", "the", "large", "multi-touch", "track", "pad", "is", "amazing", "."], "record": "<extra_id_0> <extra_id_0> aspect <extra_id_5> operating system <extra_id_0> positive <extra_id_5> intuitive <extra_id_1> <extra_id_1> <extra_id_0> aspect <extra_id_5> user interface <extra_id_0> positive <extra_id_5> intuitive <extra_id_1> <extra_id_1> <extra_id_0> opinion <extra_id_5> intuitive <extra_id_1> <extra_id_0> opinion <extra_id_5> large <extra_id_1> <extra_id_0> aspect <extra_id_5> multi-touch track pad <extra_id_0> positive <extra_id_5> large <extra_id_1> <extra_id_0> positive <extra_id_5> amazing <extra_id_1> <extra_id_1> <extra_id_0> opinion <extra_id_5> amazing <extra_id_1> <extra_id_1>", "entity": [{"type": "aspect", "offset": [1, 2], "text": "operating system"}, {"type": "aspect", "offset": [4, 5], "text": "user interface"}, {"type": "aspect", "offset": [13, 14, 15], "text": "multi-touch track pad"}, {"type": "opinion", "offset": [8], "text": "intuitive"}, {"type": "opinion", "offset": [12], "text": "large"}, {"type": "opinion", "offset": [17], "text": "amazing"}], "relation": [{"type": "positive", "args": [{"type": "aspect", "offset": [1, 2], "text": "operating system"}, {"type": "opinion", "offset": [8], "text": "intuitive"}]}, {"type": "positive", "args": [{"type": "aspect", "offset": [4, 5], "text": "user interface"}, {"type": "opinion", "offset": [8], "text": "intuitive"}]}, {"type": "positive", "args": [{"type": "aspect", "offset": [13, 14, 15], "text": "multi-touch track pad"}, {"type": "opinion", "offset": [12], "text": "large"}]}, {"type": "positive", "args": [{"type": "aspect", "offset": [13, 14, 15], "text": "multi-touch track pad"}, {"type": "opinion", "offset": [17], "text": "amazing"}]}], "event": [], "spot": ["aspect", "opinion"], "asoc": ["positive"], "spot_asoc": [{"span": "operating system", "label": "aspect", "asoc": [["positive", "intuitive"]]}, {"span": "user interface", "label": "aspect", "asoc": [["positive", "intuitive"]]}, {"span": "intuitive", "label": "opinion", "asoc": []}, {"span": "large", "label": "opinion", "asoc": []}, {"span": "multi-touch track pad", "label": "aspect", "asoc": [["positive", "large"], ["positive", "amazing"]]}, {"span": "amazing", "label": "opinion", "asoc": []}]}
{"text": "Am very glad I bought it , great netbook , low price .", "tokens": ["Am", "very", "glad", "I", "bought", "it", ",", "great", "netbook", ",", "low", "price", "."], "record": "<extra_id_0> <extra_id_0> opinion <extra_id_5> low <extra_id_1> <extra_id_0> aspect <extra_id_5> price <extra_id_0> positive <extra_id_5> low <extra_id_1> <extra_id_1> <extra_id_1>", "entity": [{"type": "aspect", "offset": [11], "text": "price"}, {"type": "opinion", "offset": [10], "text": "low"}], "relation": [{"type": "positive", "args": [{"type": "aspect", "offset": [11], "text": "price"}, {"type": "opinion", "offset": [10], "text": "low"}]}], "event": [], "spot": ["aspect", "opinion"], "asoc": ["positive"], "spot_asoc": [{"span": "low", "label": "opinion", "asoc": []}, {"span": "price", "label": "aspect", "asoc": [["positive", "low"]]}]}
{"text": "The only bad thing about it is they give you the worst batteries possible .", "tokens": ["The", "only", "bad", "thing", "about", "it", "is", "they", "give", "you", "the", "worst", "batteries", "possible", "."], "record": "<extra_id_0> <extra_id_0> opinion <extra_id_5> worst <extra_id_1> <extra_id_0> aspect <extra_id_5> batteries <extra_id_0> negative <extra_id_5> worst <extra_id_1> <extra_id_1> <extra_id_1>", "entity": [{"type": "aspect", "offset": [12], "text": "batteries"}, {"type": "opinion", "offset": [11], "text": "worst"}], "relation": [{"type": "negative", "args": [{"type": "aspect", "offset": [12], "text": "batteries"}, {"type": "opinion", "offset": [11], "text": "worst"}]}], "event": [], "spot": ["aspect", "opinion"], "asoc": ["negative"], "spot_asoc": [{"span": "worst", "label": "opinion", "asoc": []}, {"span": "batteries", "label": "aspect", "asoc": [["negative", "worst"]]}]}
{"text": "Needs longer lasting battery , More than 1 to 2 Hrs .", "tokens": ["Needs", "longer", "lasting", "battery", ",", "More", "than", "1", "to", "2", "Hrs", "."], "record": "<extra_id_0> <extra_id_0> opinion <extra_id_5> longer <extra_id_1> <extra_id_0> aspect <extra_id_5> battery <extra_id_0> negative <extra_id_5> longer <extra_id_1> <extra_id_1> <extra_id_1>", "entity": [{"type": "aspect", "offset": [3], "text": "battery"}, {"type": "opinion", "offset": [1], "text": "longer"}], "relation": [{"type": "negative", "args": [{"type": "aspect", "offset": [3], "text": "battery"}, {"type": "opinion", "offset": [1], "text": "longer"}]}], "event": [], "spot": ["aspect", "opinion"], "asoc": ["negative"], "spot_asoc": [{"span": "longer", "label": "opinion", "asoc": []}, {"span": "battery", "label": "aspect", "asoc": [["negative", "longer"]]}]}
{"text": "Still under warrenty so called Toshiba , no help at all .", "tokens": ["Still", "under", "warrenty", "so", "called", "Toshiba", ",", "no", "help", "at", "all", "."], "record": "<extra_id_0> <extra_id_0> aspect <extra_id_5> warrenty <extra_id_0> negative <extra_id_5> no help <extra_id_1> <extra_id_1> <extra_id_0> opinion <extra_id_5> no help <extra_id_1> <extra_id_1>", "entity": [{"type": "aspect", "offset": [2], "text": "warrenty"}, {"type": "opinion", "offset": [7, 8], "text": "no help"}], "relation": [{"type": "negative", "args": [{"type": "aspect", "offset": [2], "text": "warrenty"}, {"type": "opinion", "offset": [7, 8], "text": "no help"}]}], "event": [], "spot": ["aspect", "opinion"], "asoc": ["negative"], "spot_asoc": [{"span": "warrenty", "label": "aspect", "asoc": [["negative", "no help"]]}, {"span": "no help", "label": "opinion", "asoc": []}]}
{"text": "The system it comes with does not work properly , so when trying to fix the problems with it it started not working at all .", "tokens": ["The", "system", "it", "comes", "with", "does", "not", "work", "properly", ",", "so", "when", "trying", "to", "fix", "the", "problems", "with", "it", "it", "started", "not", "working", "at", "all", "."], "record": "<extra_id_0> <extra_id_0> aspect <extra_id_5> system <extra_id_0> negative <extra_id_5> not work properly <extra_id_1> <extra_id_1> <extra_id_0> opinion <extra_id_5> not work properly <extra_id_1> <extra_id_1>", "entity": [{"type": "aspect", "offset": [1], "text": "system"}, {"type": "opinion", "offset": [6, 7, 8], "text": "not work properly"}], "relation": [{"type": "negative", "args": [{"type": "aspect", "offset": [1], "text": "system"}, {"type": "opinion", "offset": [6, 7, 8], "text": "not work properly"}]}], "event": [], "spot": ["aspect", "opinion"], "asoc": ["negative"], "spot_asoc": [{"span": "system", "label": "aspect", "asoc": [["negative", "not work properly"]]}, {"span": "not work properly", "label": "opinion", "asoc": []}]}
{"text": "After paying several hundred dollars for this service , it is frustrating that you can not get help after hours .", "tokens": ["After", "paying", "several", "hundred", "dollars", "for", "this", "service", ",", "it", "is", "frustrating", "that", "you", "can", "not", "get", "help", "after", "hours", "."], "record": "<extra_id_0> <extra_id_0> aspect <extra_id_5> service <extra_id_0> negative <extra_id_5> frustrating <extra_id_1> <extra_id_1> <extra_id_0> opinion <extra_id_5> frustrating <extra_id_1> <extra_id_1>", "entity": [{"type": "aspect", "offset": [7], "text": "service"}, {"type": "opinion", "offset": [11], "text": "frustrating"}], "relation": [{"type": "negative", "args": [{"type": "aspect", "offset": [7], "text": "service"}, {"type": "opinion", "offset": [11], "text": "frustrating"}]}], "event": [], "spot": ["aspect", "opinion"], "asoc": ["negative"], "spot_asoc": [{"span": "service", "label": "aspect", "asoc": [["negative", "frustrating"]]}, {"span": "frustrating", "label": "opinion", "asoc": []}]}
{"text": "The battery life was shorter than expected .", "tokens": ["The", "battery", "life", "was", "shorter", "than", "expected", "."], "record": "<extra_id_0> <extra_id_0> aspect <extra_id_5> battery life <extra_id_0> negative <extra_id_5> shorter <extra_id_1> <extra_id_1> <extra_id_0> opinion <extra_id_5> shorter <extra_id_1> <extra_id_1>", "entity": [{"type": "aspect", "offset": [1, 2], "text": "battery life"}, {"type": "opinion", "offset": [4], "text": "shorter"}], "relation": [{"type": "negative", "args": [{"type": "aspect", "offset": [1, 2], "text": "battery life"}, {"type": "opinion", "offset": [4], "text": "shorter"}]}], "event": [], "spot": ["aspect", "opinion"], "asoc": ["negative"], "spot_asoc": [{"span": "battery life", "label": "aspect", "asoc": [["negative", "shorter"]]}, {"span": "shorter", "label": "opinion", "asoc": []}]}
{"text": "Enabling the battery timer is useless .", "tokens": ["Enabling", "the", "battery", "timer", "is", "useless", "."], "record": "<extra_id_0> <extra_id_0> aspect <extra_id_5> battery timer <extra_id_0> negative <extra_id_5> useless <extra_id_1> <extra_id_1> <extra_id_0> opinion <extra_id_5> useless <extra_id_1> <extra_id_1>", "entity": [{"type": "aspect", "offset": [2, 3], "text": "battery timer"}, {"type": "opinion", "offset": [5], "text": "useless"}], "relation": [{"type": "negative", "args": [{"type": "aspect", "offset": [2, 3], "text": "battery timer"}, {"type": "opinion", "offset": [5], "text": "useless"}]}], "event": [], "spot": ["aspect", "opinion"], "asoc": ["negative"], "spot_asoc": [{"span": "battery timer", "label": "aspect", "asoc": [["negative", "useless"]]}, {"span": "useless", "label": "opinion", "asoc": []}]}
{"text": "I bought it from HSN because it was \" bundled \" with extra software , but as it turns out , that software just crashes it more often ... ..", "tokens": ["I", "bought", "it", "from", "HSN", "because", "it", "was", "\"", "bundled", "\"", "with", "extra", "software", ",", "but", "as", "it", "turns", "out", ",", "that", "software", "just", "crashes", "it", "more", "often", "...", ".."], "record": "<extra_id_0> <extra_id_0> aspect <extra_id_5> software <extra_id_0> negative <extra_id_5> crashes <extra_id_1> <extra_id_1> <extra_id_0> opinion <extra_id_5> crashes <extra_id_1> <extra_id_1>", "entity": [{"type": "aspect", "offset": [22], "text": "software"}, {"type": "opinion", "offset": [24], "text": "crashes"}], "relation": [{"type": "negative", "args": [{"type": "aspect", "offset": [22], "text": "software"}, {"type": "opinion", "offset": [24], "text": "crashes"}]}], "event": [], "spot": ["aspect", "opinion"], "asoc": ["negative"], "spot_asoc": [{"span": "software", "label": "aspect", "asoc": [["negative", "crashes"]]}, {"span": "crashes", "label": "opinion", "asoc": []}]}
{"text": "Maybe this is virus related , maybe not , but the computer has locked up many times , and on two occasions , the screen has simply gone black .", "tokens": ["Maybe", "this", "is", "virus", "related", ",", "maybe", "not", ",", "but", "the", "computer", "has", "locked", "up", "many", "times", ",", "and", "on", "two", "occasions", ",", "the", "screen", "has", "simply", "gone", "black", "."], "record": "<extra_id_0> <extra_id_0> aspect <extra_id_5> screen <extra_id_0> negative <extra_id_5> black <extra_id_1> <extra_id_1> <extra_id_0> opinion <extra_id_5> black <extra_id_1> <extra_id_1>", "entity": [{"type": "aspect", "offset": [24], "text": "screen"}, {"type": "opinion", "offset": [28], "text": "black"}], "relation": [{"type": "negative", "args": [{"type": "aspect", "offset": [24], "text": "screen"}, {"type": "opinion", "offset": [28], "text": "black"}]}], "event": [], "spot": ["aspect", "opinion"], "asoc": ["negative"], "spot_asoc": [{"span": "screen", "label": "aspect", "asoc": [["negative", "black"]]}, {"span": "black", "label": "opinion", "asoc": []}]}
{"text": "The price premium is a little much , but when you start looking at the features it is worth the added cash .", "tokens": ["The", "price", "premium", "is", "a", "little", "much", ",", "but", "when", "you", "start", "looking", "at", "the", "features", "it", "is", "worth", "the", "added", "cash", "."], "record": "<extra_id_0> <extra_id_0> aspect <extra_id_5> price premium <extra_id_0> negative <extra_id_5> much <extra_id_1> <extra_id_1> <extra_id_0> opinion <extra_id_5> much <extra_id_1> <extra_id_0> aspect <extra_id_5> features <extra_id_0> positive <extra_id_5> worth <extra_id_1> <extra_id_1> <extra_id_0> opinion <extra_id_5> worth <extra_id_1> <extra_id_1>", "entity": [{"type": "aspect", "offset": [1, 2], "text": "price premium"}, {"type": "aspect", "offset": [15], "text": "features"}, {"type": "opinion", "offset": [6], "text": "much"}, {"type": "opinion", "offset": [18], "text": "worth"}], "relation": [{"type": "negative", "args": [{"type": "aspect", "offset": [1, 2], "text": "price premium"}, {"type": "opinion", "offset": [6], "text": "much"}]}, {"type": "positive", "args": [{"type": "aspect", "offset": [15], "text": "features"}, {"type": "opinion", "offset": [18], "text": "worth"}]}], "event": [], "spot": ["aspect", "opinion"], "asoc": ["positive", "negative"], "spot_asoc": [{"span": "price premium", "label": "aspect", "asoc": [["negative", "much"]]}, {"span": "much", "label": "opinion", "asoc": []}, {"span": "features", "label": "aspect", "asoc": [["positive", "worth"]]}, {"span": "worth", "label": "opinion", "asoc": []}]}
{"text": "Apparently under the screen there are 2 little screws and when the screen gets moved back and forth , they come loose .", "tokens": ["Apparently", "under", "the", "screen", "there", "are", "2", "little", "screws", "and", "when", "the", "screen", "gets", "moved", "back", "and", "forth", ",", "they", "come", "loose", "."], "record": "<extra_id_0> <extra_id_0> aspect <extra_id_5> screen <extra_id_0> neutral <extra_id_5> loose <extra_id_1> <extra_id_1> <extra_id_0> opinion <extra_id_5> loose <extra_id_1> <extra_id_1>", "entity": [{"type": "aspect", "offset": [3], "text": "screen"}, {"type": "opinion", "offset": [21], "text": "loose"}], "relation": [{"type": "neutral", "args": [{"type": "aspect", "offset": [3], "text": "screen"}, {"type": "opinion", "offset": [21], "text": "loose"}]}], "event": [], "spot": ["aspect", "opinion"], "asoc": ["neutral"], "spot_asoc": [{"span": "screen", "label": "aspect", "asoc": [["neutral", "loose"]]}, {"span": "loose", "label": "opinion", "asoc": []}]}
{"text": "I wanted to purchase the extended warranty and they refused , because they knew it was trouble .", "tokens": ["I", "wanted", "to", "purchase", "the", "extended", "warranty", "and", "they", "refused", ",", "because", "they", "knew", "it", "was", "trouble", "."], "record": "<extra_id_0> <extra_id_0> aspect <extra_id_5> extended warranty <extra_id_0> neutral <extra_id_5> refused <extra_id_1> <extra_id_1> <extra_id_0> opinion <extra_id_5> refused <extra_id_1> <extra_id_1>", "entity": [{"type": "aspect", "offset": [5, 6], "text": "extended warranty"}, {"type": "opinion", "offset": [9], "text": "refused"}], "relation": [{"type": "neutral", "args": [{"type": "aspect", "offset": [5, 6], "text": "extended warranty"}, {"type": "opinion", "offset": [9], "text": "refused"}]}], "event": [], "spot": ["aspect", "opinion"], "asoc": ["neutral"], "spot_asoc": [{"span": "extended warranty", "label": "aspect", "asoc": [["neutral", "refused"]]}, {"span": "refused", "label": "opinion", "asoc": []}]}
{"text": "If you check you will find the same notebook with the above missing ports and a dual core AMD or Intel processor .", "tokens": ["If", "you", "check", "you", "will", "find", "the", "same", "notebook", "with", "the", "above", "missing", "ports", "and", "a", "dual", "core", "AMD", "or", "Intel", "processor", "."], "record": "<extra_id_0> <extra_id_0> opinion <extra_id_5> missing <extra_id_1> <extra_id_0> aspect <extra_id_5> ports <extra_id_0> neutral <extra_id_5> missing <extra_id_1> <extra_id_1> <extra_id_1>", "entity": [{"type": "aspect", "offset": [13], "text": "ports"}, {"type": "opinion", "offset": [12], "text": "missing"}], "relation": [{"type": "neutral", "args": [{"type": "aspect", "offset": [13], "text": "ports"}, {"type": "opinion", "offset": [12], "text": "missing"}]}], "event": [], "spot": ["aspect", "opinion"], "asoc": ["neutral"], "spot_asoc": [{"span": "missing", "label": "opinion", "asoc": []}, {"span": "ports", "label": "aspect", "asoc": [["neutral", "missing"]]}]}
{"text": "Called Acer many times , they want me to pay the shipping to ship it to their repair center - I was very disappointed since it is a brand new computer !", "tokens": ["Called", "Acer", "many", "times", ",", "they", "want", "me", "to", "pay", "the", "shipping", "to", "ship", "it", "to", "their", "repair", "center", "-", "I", "was", "very", "disappointed", "since", "it", "is", "a", "brand", "new", "computer", "!"], "record": "<extra_id_0> <extra_id_0> aspect <extra_id_5> shipping <extra_id_0> negative <extra_id_5> disappointed <extra_id_1> <extra_id_1> <extra_id_0> aspect <extra_id_5> repair center <extra_id_0> neutral <extra_id_5> disappointed <extra_id_1> <extra_id_1> <extra_id_0> opinion <extra_id_5> disappointed <extra_id_1> <extra_id_1>", "entity": [{"type": "aspect", "offset": [11], "text": "shipping"}, {"type": "aspect", "offset": [17, 18], "text": "repair center"}, {"type": "opinion", "offset": [23], "text": "disappointed"}], "relation": [{"type": "negative", "args": [{"type": "aspect", "offset": [11], "text": "shipping"}, {"type": "opinion", "offset": [23], "text": "disappointed"}]}, {"type": "neutral", "args": [{"type": "aspect", "offset": [17, 18], "text": "repair center"}, {"type": "opinion", "offset": [23], "text": "disappointed"}]}], "event": [], "spot": ["aspect", "opinion"], "asoc": ["neutral", "negative"], "spot_asoc": [{"span": "shipping", "label": "aspect", "asoc": [["negative", "disappointed"]]}, {"span": "repair center", "label": "aspect", "asoc": [["neutral", "disappointed"]]}, {"span": "disappointed", "label": "opinion", "asoc": []}]}
{"text": "It is much faster than my desktop which is a Core2 Quad running at 2.83 GHz .", "tokens": ["It", "is", "much", "faster", "than", "my", "desktop", "which", "is", "a", "Core2", "Quad", "running", "at", "2.83", "GHz", "."], "record": "<extra_id_0> <extra_id_0> opinion <extra_id_5> faster <extra_id_1> <extra_id_0> aspect <extra_id_5> Core2 Quad <extra_id_0> neutral <extra_id_5> faster <extra_id_1> <extra_id_1> <extra_id_1>", "entity": [{"type": "aspect", "offset": [10, 11], "text": "Core2 Quad"}, {"type": "opinion", "offset": [3], "text": "faster"}], "relation": [{"type": "neutral", "args": [{"type": "aspect", "offset": [10, 11], "text": "Core2 Quad"}, {"type": "opinion", "offset": [3], "text": "faster"}]}], "event": [], "spot": ["aspect", "opinion"], "asoc": ["neutral"], "spot_asoc": [{"span": "faster", "label": "opinion", "asoc": []}, {"span": "Core2 Quad", "label": "aspect", "asoc": [["neutral", "faster"]]}]}
{"text": "What I 'd like is for the laptop to run well without having to purchase additional memory .", "tokens": ["What", "I", "'d", "like", "is", "for", "the", "laptop", "to", "run", "well", "without", "having", "to", "purchase", "additional", "memory", "."], "record": "<extra_id_0> <extra_id_0> aspect <extra_id_5> run <extra_id_0> neutral <extra_id_5> well <extra_id_1> <extra_id_1> <extra_id_0> opinion <extra_id_5> well <extra_id_1> <extra_id_1>", "entity": [{"type": "aspect", "offset": [9], "text": "run"}, {"type": "opinion", "offset": [10], "text": "well"}], "relation": [{"type": "neutral", "args": [{"type": "aspect", "offset": [9], "text": "run"}, {"type": "opinion", "offset": [10], "text": "well"}]}], "event": [], "spot": ["aspect", "opinion"], "asoc": ["neutral"], "spot_asoc": [{"span": "run", "label": "aspect", "asoc": [["neutral", "well"]]}, {"span": "well", "label": "opinion", "asoc": []}]}
{"text": "While it was highly rated , would I like it ? I tried the keyboard at the store , and it seemed ok .", "tokens": ["While", "it", "was", "highly", "rated", ",", "would", "I", "like", "it", "?", "I", "tried", "the", "keyboard", "at", "the", "store", ",", "and", "it", "seemed", "ok", "."], "record": "<extra_id_0> <extra_id_0> aspect <extra_id_5> keyboard <extra_id_0> neutral <extra_id_5> ok <extra_id_1> <extra_id_1> <extra_id_0> opinion <extra_id_5> ok <extra_id_1> <extra_id_1>", "entity": [{"type": "aspect", "offset": [14], "text": "keyboard"}, {"type": "opinion", "offset": [22], "text": "ok"}], "relation": [{"type": "neutral", "args": [{"type": "aspect", "offset": [14], "text": "keyboard"}, {"type": "opinion", "offset": [22], "text": "ok"}]}], "event": [], "spot": ["aspect", "opinion"], "asoc": ["neutral"], "spot_asoc": [{"span": "keyboard", "label": "aspect", "asoc": [["neutral", "ok"]]}, {"span": "ok", "label": "opinion", "asoc": []}]}
{"text": "Supplied software : The software that comes with this machine is greatly welcomed compared to what Windows comes with .", "tokens": ["Supplied", "software", ":", "The", "software", "that", "comes", "with", "this", "machine", "is", "greatly", "welcomed", "compared", "to", "what", "Windows", "comes", "with", "."], "record": "<extra_id_0> <extra_id_0> aspect <extra_id_5> Supplied software <extra_id_0> neutral <extra_id_5> greatly welcomed <extra_id_1> <extra_id_1> <extra_id_0> aspect <extra_id_5> software <extra_id_0> positive <extra_id_5> greatly welcomed <extra_id_1> <extra_id_1> <extra_id_0> opinion <extra_id_5> greatly welcomed <extra_id_1> <extra_id_1>", "entity": [{"type": "aspect", "offset": [0, 1], "text": "Supplied software"}, {"type": "aspect", "offset": [4], "text": "software"}, {"type": "opinion", "offset": [11, 12], "text": "greatly welcomed"}], "relation": [{"type": "neutral", "args": [{"type": "aspect", "offset": [0, 1], "text": "Supplied software"}, {"type": "opinion", "offset": [11, 12], "text": "greatly welcomed"}]}, {"type": "positive", "args": [{"type": "aspect", "offset": [4], "text": "software"}, {"type": "opinion", "offset": [11, 12], "text": "greatly welcomed"}]}], "event": [], "spot": ["aspect", "opinion"], "asoc": ["positive", "neutral"], "spot_asoc": [{"span": "Supplied software", "label": "aspect", "asoc": [["neutral", "greatly welcomed"]]}, {"span": "software", "label": "aspect", "asoc": [["positive", "greatly welcomed"]]}, {"span": "greatly welcomed", "label": "opinion", "asoc": []}]}
{"text": "the screen brightness automatically adjusts .", "tokens": ["the", "screen", "brightness", "automatically", "adjusts", "."], "record": "<extra_id_0> <extra_id_0> aspect <extra_id_5> screen brightness <extra_id_0> neutral <extra_id_5> automatically adjusts <extra_id_1> <extra_id_1> <extra_id_0> opinion <extra_id_5> automatically adjusts <extra_id_1> <extra_id_1>", "entity": [{"type": "aspect", "offset": [1, 2], "text": "screen brightness"}, {"type": "opinion", "offset": [3, 4], "text": "automatically adjusts"}], "relation": [{"type": "neutral", "args": [{"type": "aspect", "offset": [1, 2], "text": "screen brightness"}, {"type": "opinion", "offset": [3, 4], "text": "automatically adjusts"}]}], "event": [], "spot": ["aspect", "opinion"], "asoc": ["neutral"], "spot_asoc": [{"span": "screen brightness", "label": "aspect", "asoc": [["neutral", "automatically adjusts"]]}, {"span": "automatically adjusts", "label": "opinion", "asoc": []}]}
{"text": "I also got the added bonus of a 30 \" HD Monitor , which really helps to extend my screen and keep my eyes fresh !", "tokens": ["I", "also", "got", "the", "added", "bonus", "of", "a", "30", "\"", "HD", "Monitor", ",", "which", "really", "helps", "to", "extend", "my", "screen", "and", "keep", "my", "eyes", "fresh", "!"], "record": "<extra_id_0> <extra_id_0> opinion <extra_id_5> extend <extra_id_1> <extra_id_0> aspect <extra_id_5> screen <extra_id_0> neutral <extra_id_5> extend <extra_id_1> <extra_id_1> <extra_id_1>", "entity": [{"type": "aspect", "offset": [19], "text": "screen"}, {"type": "opinion", "offset": [17], "text": "extend"}], "relation": [{"type": "neutral", "args": [{"type": "aspect", "offset": [19], "text": "screen"}, {"type": "opinion", "offset": [17], "text": "extend"}]}], "event": [], "spot": ["aspect", "opinion"], "asoc": ["neutral"], "spot_asoc": [{"span": "extend", "label": "opinion", "asoc": []}, {"span": "screen", "label": "aspect", "asoc": [["neutral", "extend"]]}]}
