{"text": "This is my first Dell I heard their customer service was lacking and that they were working on improving it !", "tokens": ["This", "is", "my", "first", "Dell", "I", "heard", "their", "customer", "service", "was", "lacking", "and", "that", "they", "were", "working", "on", "improving", "it", "!"], "record": "<extra_id_0> <extra_id_0> aspect <extra_id_5> customer service <extra_id_0> negative <extra_id_5> lacking <extra_id_1> <extra_id_1> <extra_id_0> opinion <extra_id_5> lacking <extra_id_1> <extra_id_1>", "entity": [{"type": "aspect", "offset": [8, 9], "text": "customer service"}, {"type": "opinion", "offset": [11], "text": "lacking"}], "relation": [{"type": "negative", "args": [{"type": "aspect", "offset": [8, 9], "text": "customer service"}, {"type": "opinion", "offset": [11], "text": "lacking"}]}], "event": [], "spot": ["aspect", "opinion"], "asoc": ["negative"], "spot_asoc": [{"span": "customer service", "label": "aspect", "asoc": [["negative", "lacking"]]}, {"span": "lacking", "label": "opinion", "asoc": []}]}
{"text": "It was not clear that the Microsoft Student Edition that was loaded on the computer , was a six month trial .", "tokens": ["It", "was", "not", "clear", "that", "the", "Microsoft", "Student", "Edition", "that", "was", "loaded", "on", "the", "computer", ",", "was", "a", "six", "month", "trial", "."], "record": "<extra_id_0> <extra_id_0> opinion <extra_id_5> not clear <extra_id_1> <extra_id_0> aspect <extra_id_5> Microsoft Student Edition <extra_id_0> negative <extra_id_5> not clear <extra_id_1> <extra_id_1> <extra_id_1>", "entity": [{"type": "aspect", "offset": [6, 7, 8], "text": "Microsoft Student Edition"}, {"type": "opinion", "offset": [2, 3], "text": "not clear"}], "relation": [{"type": "negative", "args": [{"type": "aspect", "offset": [6, 7, 8], "text": "Microsoft Student Edition"}, {"type": "opinion", "offset": [2, 3], "text": "not clear"}]}], "event": [], "spot": ["aspect", "opinion"], "asoc": ["negative"], "spot_asoc": [{"span": "not clear", "label": "opinion", "asoc": []}, {"span": "Microsoft Student Edition", "label": "aspect", "asoc": [["negative", "not clear"]]}]}
{"text": "But the biggest pain is that tech support is not available 24/7 .", "tokens": ["But", "the", "biggest", "pain", "is", "that", "tech", "support", "is", "not", "available", "24/7", "."], "record": "<extra_id_0> <extra_id_0> opinion <extra_id_5> pain <extra_id_1> <extra_id_0> aspect <extra_id_5> tech support <extra_id_0> negative <extra_id_5> pain <extra_id_1> <extra_id_0> negative <extra_id_5> not available <extra_id_1> <extra_id_1> <extra_id_0> opinion <extra_id_5> not available <extra_id_1> <extra_id_1>", "entity": [{"type": "aspect", "offset": [6, 7], "text": "tech support"}, {"type": "opinion", "offset": [3], "text": "pain"}, {"type": "opinion", "offset": [9, 10], "text": "not available"}], "relation": [{"type": "negative", "args": [{"type": "aspect", "offset": [6, 7], "text": "tech support"}, {"type": "opinion", "offset": [3], "text": "pain"}]}, {"type": "negative", "args": [{"type": "aspect", "offset": [6, 7], "text": "tech support"}, {"type": "opinion", "offset": [9, 10], "text": "not available"}]}], "event": [], "spot": ["aspect", "opinion"], "asoc": ["negative"], "spot_asoc": [{"span": "pain", "label": "opinion", "asoc": []}, {"span": "tech support", "label": "aspect", "asoc": [["negative", "pain"], ["negative", "not available"]]}, {"span": "not available", "label": "opinion", "asoc": []}]}
{"text": "They sent out the box right away for me to send in my computer , they paid postage and whatnot , but when I got my computer back it still was n't running right , and now my CD drive was n't reading anything !", "tokens": ["They", "sent", "out", "the", "box", "right", "away", "for", "me", "to", "send", "in", "my", "computer", ",", "they", "paid", "postage", "and", "whatnot", ",", "but", "when", "I", "got", "my", "computer", "back", "it", "still", "was", "n't", "running", "right", ",", "and", "now", "my", "CD", "drive", "was", "n't", "reading", "anything", "!"], "record": "<extra_id_0> <extra_id_0> opinion <extra_id_5> was n't running right <extra_id_1> <extra_id_0> aspect <extra_id_5> running <extra_id_0> negative <extra_id_5> was n't running right <extra_id_1> <extra_id_1> <extra_id_0> aspect <extra_id_5> CD drive <extra_id_0> negative <extra_id_5> was n't reading anything <extra_id_1> <extra_id_1> <extra_id_0> opinion <extra_id_5> was n't reading anything <extra_id_1> <extra_id_1>", "entity": [{"type": "aspect", "offset": [38, 39], "text": "CD drive"}, {"type": "aspect", "offset": [32], "text": "running"}, {"type": "opinion", "offset": [40, 41, 42, 43], "text": "was n't reading anything"}, {"type": "opinion", "offset": [30, 31, 32, 33], "text": "was n't running right"}], "relation": [{"type": "negative", "args": [{"type": "aspect", "offset": [38, 39], "text": "CD drive"}, {"type": "opinion", "offset": [40, 41, 42, 43], "text": "was n't reading anything"}]}, {"type": "negative", "args": [{"type": "aspect", "offset": [32], "text": "running"}, {"type": "opinion", "offset": [30, 31, 32, 33], "text": "was n't running right"}]}], "event": [], "spot": ["aspect", "opinion"], "asoc": ["negative"], "spot_asoc": [{"span": "was n't running right", "label": "opinion", "asoc": []}, {"span": "running", "label": "aspect", "asoc": [["negative", "was n't running right"]]}, {"span": "CD drive", "label": "aspect", "asoc": [["negative", "was n't reading anything"]]}, {"span": "was n't reading anything", "label": "opinion", "asoc": []}]}
{"text": "It discharges too quickly .", "tokens": ["It", "discharges", "too", "quickly", "."], "record": "<extra_id_0> <extra_id_0> aspect <extra_id_5> discharges <extra_id_0> negative <extra_id_5> quickly <extra_id_1> <extra_id_1> <extra_id_0> opinion <extra_id_5> quickly <extra_id_1> <extra_id_1>", "entity": [{"type": "aspect", "offset": [1], "text": "discharges"}, {"type": "opinion", "offset": [3], "text": "quickly"}], "relation": [{"type": "negative", "args": [{"type": "aspect", "offset": [1], "text": "discharges"}, {"type": "opinion", "offset": [3], "text": "quickly"}]}], "event": [], "spot": ["aspect", "opinion"], "asoc": ["negative"], "spot_asoc": [{"span": "discharges", "label": "aspect", "asoc": [["negative", "quickly"]]}, {"span": "quickly", "label": "opinion", "asoc": []}]}
{"text": "And if you have a iphone or ipod touch you can connect and download songs to it at high speed .", "tokens": ["And", "if", "you", "have", "a", "iphone", "or", "ipod", "touch", "you", "can", "connect", "and", "download", "songs", "to", "it", "at", "high", "speed", "."], "record": "<extra_id_0> <extra_id_0> opinion <extra_id_5> high <extra_id_1> <extra_id_0> aspect <extra_id_5> speed <extra_id_0> positive <extra_id_5> high <extra_id_1> <extra_id_1> <extra_id_1>", "entity": [{"type": "aspect", "offset": [19], "text": "speed"}, {"type": "opinion", "offset": [18], "text": "high"}], "relation": [{"type": "positive", "args": [{"type": "aspect", "offset": [19], "text": "speed"}, {"type": "opinion", "offset": [18], "text": "high"}]}], "event": [], "spot": ["aspect", "opinion"], "asoc": ["positive"], "spot_asoc": [{"span": "high", "label": "opinion", "asoc": []}, {"span": "speed", "label": "aspect", "asoc": [["positive", "high"]]}]}
{"text": "It is a much more streamlined system for adding programs , using the internet , and doing other things everyone does on a computer .", "tokens": ["It", "is", "a", "much", "more", "streamlined", "system", "for", "adding", "programs", ",", "using", "the", "internet", ",", "and", "doing", "other", "things", "everyone", "does", "on", "a", "computer", "."], "record": "<extra_id_0> <extra_id_0> opinion <extra_id_5> streamlined <extra_id_1> <extra_id_0> aspect <extra_id_5> system <extra_id_0> positive <extra_id_5> streamlined <extra_id_1> <extra_id_1> <extra_id_0> opinion <extra_id_5> adding <extra_id_1> <extra_id_0> aspect <extra_id_5> programs <extra_id_0> neutral <extra_id_5> adding <extra_id_1> <extra_id_1> <extra_id_0> aspect <extra_id_5> using the internet <extra_id_0> neutral <extra_id_5> streamlined <extra_id_1> <extra_id_1> <extra_id_1>", "entity": [{"type": "aspect", "offset": [9], "text": "programs"}, {"type": "aspect", "offset": [6], "text": "system"}, {"type": "aspect", "offset": [11, 12, 13], "text": "using the internet"}, {"type": "opinion", "offset": [8], "text": "adding"}, {"type": "opinion", "offset": [5], "text": "streamlined"}], "relation": [{"type": "neutral", "args": [{"type": "aspect", "offset": [9], "text": "programs"}, {"type": "opinion", "offset": [8], "text": "adding"}]}, {"type": "positive", "args": [{"type": "aspect", "offset": [6], "text": "system"}, {"type": "opinion", "offset": [5], "text": "streamlined"}]}, {"type": "neutral", "args": [{"type": "aspect", "offset": [11, 12, 13], "text": "using the internet"}, {"type": "opinion", "offset": [5], "text": "streamlined"}]}], "event": [], "spot": ["aspect", "opinion"], "asoc": ["positive", "neutral"], "spot_asoc": [{"span": "streamlined", "label": "opinion", "asoc": []}, {"span": "system", "label": "aspect", "asoc": [["positive", "streamlined"]]}, {"span": "adding", "label": "opinion", "asoc": []}, {"span": "programs", "label": "aspect", "asoc": [["neutral", "adding"]]}, {"span": "using the internet", "label": "aspect", "asoc": [["neutral", "streamlined"]]}]}
{"text": "The processor screams , and because of the unique way that Apple OSX 16 functions , most of the graphics are routed through the hardware rather than the software .", "tokens": ["The", "processor", "screams", ",", "and", "because", "of", "the", "unique", "way", "that", "Apple", "OSX", "16", "functions", ",", "most", "of", "the", "graphics", "are", "routed", "through", "the", "hardware", "rather", "than", "the", "software", "."], "record": "<extra_id_0> <extra_id_0> aspect <extra_id_5> processor <extra_id_0> positive <extra_id_5> screams <extra_id_1> <extra_id_1> <extra_id_0> opinion <extra_id_5> screams <extra_id_1> <extra_id_0> opinion <extra_id_5> unique <extra_id_1> <extra_id_0> aspect <extra_id_5> OSX 16 <extra_id_0> positive <extra_id_5> unique <extra_id_1> <extra_id_1> <extra_id_1>", "entity": [{"type": "aspect", "offset": [1], "text": "processor"}, {"type": "aspect", "offset": [12, 13], "text": "OSX 16"}, {"type": "opinion", "offset": [2], "text": "screams"}, {"type": "opinion", "offset": [8], "text": "unique"}], "relation": [{"type": "positive", "args": [{"type": "aspect", "offset": [1], "text": "processor"}, {"type": "opinion", "offset": [2], "text": "screams"}]}, {"type": "positive", "args": [{"type": "aspect", "offset": [12, 13], "text": "OSX 16"}, {"type": "opinion", "offset": [8], "text": "unique"}]}], "event": [], "spot": ["aspect", "opinion"], "asoc": ["positive"], "spot_asoc": [{"span": "processor", "label": "aspect", "asoc": [["positive", "screams"]]}, {"span": "screams", "label": "opinion", "asoc": []}, {"span": "unique", "label": "opinion", "asoc": []}, {"span": "OSX 16", "label": "aspect", "asoc": [["positive", "unique"]]}]}
{"text": "I liked the aluminum body .", "tokens": ["I", "liked", "the", "aluminum", "body", "."], "record": "<extra_id_0> <extra_id_0> opinion <extra_id_5> liked <extra_id_1> <extra_id_0> aspect <extra_id_5> aluminum body <extra_id_0> positive <extra_id_5> liked <extra_id_1> <extra_id_1> <extra_id_1>", "entity": [{"type": "aspect", "offset": [3, 4], "text": "aluminum body"}, {"type": "opinion", "offset": [1], "text": "liked"}], "relation": [{"type": "positive", "args": [{"type": "aspect", "offset": [3, 4], "text": "aluminum body"}, {"type": "opinion", "offset": [1], "text": "liked"}]}], "event": [], "spot": ["aspect", "opinion"], "asoc": ["positive"], "spot_asoc": [{"span": "liked", "label": "opinion", "asoc": []}, {"span": "aluminum body", "label": "aspect", "asoc": [["positive", "liked"]]}]}
{"text": "My friend reports the notebook is astonishing in performance , picture quality , and ease of use .", "tokens": ["My", "friend", "reports", "the", "notebook", "is", "astonishing", "in", "performance", ",", "picture", "quality", ",", "and", "ease", "of", "use", "."], "record": "<extra_id_0> <extra_id_0> opinion <extra_id_5> astonishing <extra_id_1> <extra_id_0> aspect <extra_id_5> performance <extra_id_0> positive <extra_id_5> astonishing <extra_id_1> <extra_id_1> <extra_id_0> aspect <extra_id_5> picture quality <extra_id_0> positive <extra_id_5> astonishing <extra_id_1> <extra_id_1> <extra_id_0> opinion <extra_id_5> ease <extra_id_1> <extra_id_0> aspect <extra_id_5> use <extra_id_0> positive <extra_id_5> ease <extra_id_1> <extra_id_1> <extra_id_1>", "entity": [{"type": "aspect", "offset": [8], "text": "performance"}, {"type": "aspect", "offset": [10, 11], "text": "picture quality"}, {"type": "aspect", "offset": [16], "text": "use"}, {"type": "opinion", "offset": [6], "text": "astonishing"}, {"type": "opinion", "offset": [14], "text": "ease"}], "relation": [{"type": "positive", "args": [{"type": "aspect", "offset": [8], "text": "performance"}, {"type": "opinion", "offset": [6], "text": "astonishing"}]}, {"type": "positive", "args": [{"type": "aspect", "offset": [10, 11], "text": "picture quality"}, {"type": "opinion", "offset": [6], "text": "astonishing"}]}, {"type": "positive", "args": [{"type": "aspect", "offset": [16], "text": "use"}, {"type": "opinion", "offset": [14], "text": "ease"}]}], "event": [], "spot": ["aspect", "opinion"], "asoc": ["positive"], "spot_asoc": [{"span": "astonishing", "label": "opinion", "asoc": []}, {"span": "performance", "label": "aspect", "asoc": [["positive", "astonishing"]]}, {"span": "picture quality", "label": "aspect", "asoc": [["positive", "astonishing"]]}, {"span": "ease", "label": "opinion", "asoc": []}, {"span": "use", "label": "aspect", "asoc": [["positive", "ease"]]}]}
{"text": "Size : I know 13 is small ( especially for a desktop replacement ) but with an external monitor , who cares .", "tokens": ["Size", ":", "I", "know", "13", "is", "small", "(", "especially", "for", "a", "desktop", "replacement", ")", "but", "with", "an", "external", "monitor", ",", "who", "cares", "."], "record": "<extra_id_0> <extra_id_0> aspect <extra_id_5> Size <extra_id_0> negative <extra_id_5> small <extra_id_1> <extra_id_1> <extra_id_0> opinion <extra_id_5> small <extra_id_1> <extra_id_0> aspect <extra_id_5> external monitor <extra_id_0> neutral <extra_id_5> small <extra_id_1> <extra_id_1> <extra_id_1>", "entity": [{"type": "aspect", "offset": [0], "text": "Size"}, {"type": "aspect", "offset": [17, 18], "text": "external monitor"}, {"type": "opinion", "offset": [6], "text": "small"}], "relation": [{"type": "negative", "args": [{"type": "aspect", "offset": [0], "text": "Size"}, {"type": "opinion", "offset": [6], "text": "small"}]}, {"type": "neutral", "args": [{"type": "aspect", "offset": [17, 18], "text": "external monitor"}, {"type": "opinion", "offset": [6], "text": "small"}]}], "event": [], "spot": ["aspect", "opinion"], "asoc": ["neutral", "negative"], "spot_asoc": [{"span": "Size", "label": "aspect", "asoc": [["negative", "small"]]}, {"span": "small", "label": "opinion", "asoc": []}, {"span": "external monitor", "label": "aspect", "asoc": [["neutral", "small"]]}]}
{"text": "Now the machine wo n't connect and Toshiba says that they did replace the connection card in May but they only warranty the repair for 30 days and now I 'm out of warranty even though this has been a constant 5 month occurance since I bought the netbook .", "tokens": ["Now", "the", "machine", "wo", "n't", "connect", "and", "Toshiba", "says", "that", "they", "did", "replace", "the", "connection", "card", "in", "May", "but", "they", "only", "warranty", "the", "repair", "for", "30", "days", "and", "now", "I", "'m", "out", "of", "warranty", "even", "though", "this", "has", "been", "a", "constant", "5", "month", "occurance", "since", "I", "bought", "the", "netbook", "."], "record": "<extra_id_0> <extra_id_0> opinion <extra_id_5> replace <extra_id_1> <extra_id_0> aspect <extra_id_5> connection card <extra_id_0> neutral <extra_id_5> replace <extra_id_1> <extra_id_1> <extra_id_1>", "entity": [{"type": "aspect", "offset": [14, 15], "text": "connection card"}, {"type": "opinion", "offset": [12], "text": "replace"}], "relation": [{"type": "neutral", "args": [{"type": "aspect", "offset": [14, 15], "text": "connection card"}, {"type": "opinion", "offset": [12], "text": "replace"}]}], "event": [], "spot": ["aspect", "opinion"], "asoc": ["neutral"], "spot_asoc": [{"span": "replace", "label": "opinion", "asoc": []}, {"span": "connection card", "label": "aspect", "asoc": [["neutral", "replace"]]}]}
{"text": "If you check you will find the same notebook with the above missing ports and a dual core AMD or Intel processor .", "tokens": ["If", "you", "check", "you", "will", "find", "the", "same", "notebook", "with", "the", "above", "missing", "ports", "and", "a", "dual", "core", "AMD", "or", "Intel", "processor", "."], "record": "<extra_id_0> <extra_id_0> opinion <extra_id_5> missing <extra_id_1> <extra_id_0> aspect <extra_id_5> ports <extra_id_0> neutral <extra_id_5> missing <extra_id_1> <extra_id_1> <extra_id_1>", "entity": [{"type": "aspect", "offset": [13], "text": "ports"}, {"type": "opinion", "offset": [12], "text": "missing"}], "relation": [{"type": "neutral", "args": [{"type": "aspect", "offset": [13], "text": "ports"}, {"type": "opinion", "offset": [12], "text": "missing"}]}], "event": [], "spot": ["aspect", "opinion"], "asoc": ["neutral"], "spot_asoc": [{"span": "missing", "label": "opinion", "asoc": []}, {"span": "ports", "label": "aspect", "asoc": [["neutral", "missing"]]}]}
{"text": "I was loving this Netbook because it had an amazing screen and display and was small and light , but after 1 week it stopped openning web pages for me ( even after installing new browsers ) then eventually it just started giving me a blue screen and crashing everytime I booted it .", "tokens": ["I", "was", "loving", "this", "Netbook", "because", "it", "had", "an", "amazing", "screen", "and", "display", "and", "was", "small", "and", "light", ",", "but", "after", "1", "week", "it", "stopped", "openning", "web", "pages", "for", "me", "(", "even", "after", "installing", "new", "browsers", ")", "then", "eventually", "it", "just", "started", "giving", "me", "a", "blue", "screen", "and", "crashing", "everytime", "I", "booted", "it", "."], "record": "<extra_id_0> <extra_id_0> opinion <extra_id_5> amazing <extra_id_1> <extra_id_0> aspect <extra_id_5> screen <extra_id_0> positive <extra_id_5> amazing <extra_id_1> <extra_id_1> <extra_id_0> aspect <extra_id_5> display <extra_id_0> positive <extra_id_5> small <extra_id_1> <extra_id_0> positive <extra_id_5> light <extra_id_1> <extra_id_1> <extra_id_0> opinion <extra_id_5> small <extra_id_1> <extra_id_0> opinion <extra_id_5> light <extra_id_1> <extra_id_0> opinion <extra_id_5> new <extra_id_1> <extra_id_0> aspect <extra_id_5> browsers <extra_id_0> neutral <extra_id_5> new <extra_id_1> <extra_id_1> <extra_id_1>", "entity": [{"type": "aspect", "offset": [10], "text": "screen"}, {"type": "aspect", "offset": [12], "text": "display"}, {"type": "aspect", "offset": [35], "text": "browsers"}, {"type": "opinion", "offset": [9], "text": "amazing"}, {"type": "opinion", "offset": [15], "text": "small"}, {"type": "opinion", "offset": [17], "text": "light"}, {"type": "opinion", "offset": [34], "text": "new"}], "relation": [{"type": "positive", "args": [{"type": "aspect", "offset": [10], "text": "screen"}, {"type": "opinion", "offset": [9], "text": "amazing"}]}, {"type": "positive", "args": [{"type": "aspect", "offset": [12], "text": "display"}, {"type": "opinion", "offset": [15], "text": "small"}]}, {"type": "positive", "args": [{"type": "aspect", "offset": [12], "text": "display"}, {"type": "opinion", "offset": [17], "text": "light"}]}, {"type": "neutral", "args": [{"type": "aspect", "offset": [35], "text": "browsers"}, {"type": "opinion", "offset": [34], "text": "new"}]}], "event": [], "spot": ["aspect", "opinion"], "asoc": ["positive", "neutral"], "spot_asoc": [{"span": "amazing", "label": "opinion", "asoc": []}, {"span": "screen", "label": "aspect", "asoc": [["positive", "amazing"]]}, {"span": "display", "label": "aspect", "asoc": [["positive", "small"], ["positive", "light"]]}, {"span": "small", "label": "opinion", "asoc": []}, {"span": "light", "label": "opinion", "asoc": []}, {"span": "new", "label": "opinion", "asoc": []}, {"span": "browsers", "label": "aspect", "asoc": [["neutral", "new"]]}]}
{"text": "Battery is lasting about 6 hours as I am surfing the web on Sundays while checking football scores and watching funny Youtube videos .", "tokens": ["Battery", "is", "lasting", "about", "6", "hours", "as", "I", "am", "surfing", "the", "web", "on", "Sundays", "while", "checking", "football", "scores", "and", "watching", "funny", "Youtube", "videos", "."], "record": "<extra_id_0> <extra_id_0> aspect <extra_id_5> Battery <extra_id_0> neutral <extra_id_5> lasting <extra_id_1> <extra_id_1> <extra_id_0> opinion <extra_id_5> lasting <extra_id_1> <extra_id_1>", "entity": [{"type": "aspect", "offset": [0], "text": "Battery"}, {"type": "opinion", "offset": [2], "text": "lasting"}], "relation": [{"type": "neutral", "args": [{"type": "aspect", "offset": [0], "text": "Battery"}, {"type": "opinion", "offset": [2], "text": "lasting"}]}], "event": [], "spot": ["aspect", "opinion"], "asoc": ["neutral"], "spot_asoc": [{"span": "Battery", "label": "aspect", "asoc": [["neutral", "lasting"]]}, {"span": "lasting", "label": "opinion", "asoc": []}]}
