{"text": "The palak paneer was standard , and I was not a fan of the malai kofta .", "tokens": ["The", "palak", "paneer", "was", "standard", ",", "and", "I", "was", "not", "a", "fan", "of", "the", "malai", "kofta", "."], "record": "<extra_id_0> <extra_id_0> aspect <extra_id_5> palak paneer <extra_id_0> neutral <extra_id_5> standard <extra_id_1> <extra_id_1> <extra_id_0> opinion <extra_id_5> standard <extra_id_1> <extra_id_1>", "entity": [{"type": "aspect", "offset": [1, 2], "text": "palak paneer"}, {"type": "opinion", "offset": [4], "text": "standard"}], "relation": [{"type": "neutral", "args": [{"type": "aspect", "offset": [1, 2], "text": "palak paneer"}, {"type": "opinion", "offset": [4], "text": "standard"}]}], "event": [], "spot": ["aspect", "opinion"], "asoc": ["neutral"], "spot_asoc": [{"span": "palak paneer", "label": "aspect", "asoc": [["neutral", "standard"]]}, {"span": "standard", "label": "opinion", "asoc": []}]}
{"text": "The food was great and the service was even better .", "tokens": ["The", "food", "was", "great", "and", "the", "service", "was", "even", "better", "."], "record": "<extra_id_0> <extra_id_0> aspect <extra_id_5> food <extra_id_0> positive <extra_id_5> great <extra_id_1> <extra_id_1> <extra_id_0> opinion <extra_id_5> great <extra_id_1> <extra_id_0> aspect <extra_id_5> service <extra_id_0> positive <extra_id_5> better <extra_id_1> <extra_id_1> <extra_id_0> opinion <extra_id_5> better <extra_id_1> <extra_id_1>", "entity": [{"type": "aspect", "offset": [1], "text": "food"}, {"type": "aspect", "offset": [6], "text": "service"}, {"type": "opinion", "offset": [3], "text": "great"}, {"type": "opinion", "offset": [9], "text": "better"}], "relation": [{"type": "positive", "args": [{"type": "aspect", "offset": [1], "text": "food"}, {"type": "opinion", "offset": [3], "text": "great"}]}, {"type": "positive", "args": [{"type": "aspect", "offset": [6], "text": "service"}, {"type": "opinion", "offset": [9], "text": "better"}]}], "event": [], "spot": ["aspect", "opinion"], "asoc": ["positive"], "spot_asoc": [{"span": "food", "label": "aspect", "asoc": [["positive", "great"]]}, {"span": "great", "label": "opinion", "asoc": []}, {"span": "service", "label": "aspect", "asoc": [["positive", "better"]]}, {"span": "better", "label": "opinion", "asoc": []}]}
{"text": "Service was slow , but the people were friendly .", "tokens": ["Service", "was", "slow", ",", "but", "the", "people", "were", "friendly", "."], "record": "<extra_id_0> <extra_id_0> aspect <extra_id_5> Service <extra_id_0> negative <extra_id_5> slow <extra_id_1> <extra_id_1> <extra_id_0> opinion <extra_id_5> slow <extra_id_1> <extra_id_0> aspect <extra_id_5> people <extra_id_0> positive <extra_id_5> friendly <extra_id_1> <extra_id_1> <extra_id_0> opinion <extra_id_5> friendly <extra_id_1> <extra_id_1>", "entity": [{"type": "aspect", "offset": [0], "text": "Service"}, {"type": "aspect", "offset": [6], "text": "people"}, {"type": "opinion", "offset": [2], "text": "slow"}, {"type": "opinion", "offset": [8], "text": "friendly"}], "relation": [{"type": "negative", "args": [{"type": "aspect", "offset": [0], "text": "Service"}, {"type": "opinion", "offset": [2], "text": "slow"}]}, {"type": "positive", "args": [{"type": "aspect", "offset": [6], "text": "people"}, {"type": "opinion", "offset": [8], "text": "friendly"}]}], "event": [], "spot": ["aspect", "opinion"], "asoc": ["positive", "negative"], "spot_asoc": [{"span": "Service", "label": "aspect", "asoc": [["negative", "slow"]]}, {"span": "slow", "label": "opinion", "asoc": []}, {"span": "people", "label": "aspect", "asoc": [["positive", "friendly"]]}, {"span": "friendly", "label": "opinion", "asoc": []}]}
