{"text": "Aside from the Sea Urchin , the chef recommended an assortment of fish including Fatty Yellow Tail , Boton Shrimp , Blue Fin Torro ( Fatty Tuna ) , Sea Eel , etc .", "tokens": ["Aside", "from", "the", "Sea", "Urchin", ",", "the", "chef", "recommended", "an", "assortment", "of", "fish", "including", "Fatty", "Yellow", "Tail", ",", "Boton", "Shrimp", ",", "Blue", "Fin", "Torro", "(", "Fatty", "Tuna", ")", ",", "Sea", "Eel", ",", "etc", "."], "record": "<extra_id_0> <extra_id_0> aspect <extra_id_5> Sea Urchin <extra_id_0> neutral <extra_id_5> recommended <extra_id_1> <extra_id_1> <extra_id_0> opinion <extra_id_5> recommended <extra_id_1> <extra_id_0> aspect <extra_id_5> assortment of fish <extra_id_0> neutral <extra_id_5> recommended <extra_id_1> <extra_id_1> <extra_id_0> aspect <extra_id_5> Fatty Yellow Tail <extra_id_0> neutral <extra_id_5> recommended <extra_id_1> <extra_id_1> <extra_id_0> aspect <extra_id_5> Boton Shrimp <extra_id_0> neutral <extra_id_5> recommended <extra_id_1> <extra_id_1> <extra_id_0> aspect <extra_id_5> Blue Fin Torro ( Fatty Tuna ) <extra_id_0> neutral <extra_id_5> recommended <extra_id_1> <extra_id_1> <extra_id_0> aspect <extra_id_5> Sea Eel <extra_id_0> neutral <extra_id_5> recommended <extra_id_1> <extra_id_1> <extra_id_1>", "entity": [{"type": "aspect", "offset": [10, 11, 12], "text": "assortment of fish"}, {"type": "aspect", "offset": [14, 15, 16], "text": "Fatty Yellow Tail"}, {"type": "aspect", "offset": [18, 19], "text": "Boton Shrimp"}, {"type": "aspect", "offset": [29, 30], "text": "Sea Eel"}, {"type": "aspect", "offset": [3, 4], "text": "Sea Urchin"}, {"type": "aspect", "offset": [21, 22, 23, 24, 25, 26, 27], "text": "Blue Fin Torro ( Fatty Tuna )"}, {"type": "opinion", "offset": [8], "text": "recommended"}], "relation": [{"type": "neutral", "args": [{"type": "aspect", "offset": [10, 11, 12], "text": "assortment of fish"}, {"type": "opinion", "offset": [8], "text": "recommended"}]}, {"type": "neutral", "args": [{"type": "aspect", "offset": [14, 15, 16], "text": "Fatty Yellow Tail"}, {"type": "opinion", "offset": [8], "text": "recommended"}]}, {"type": "neutral", "args": [{"type": "aspect", "offset": [18, 19], "text": "Boton Shrimp"}, {"type": "opinion", "offset": [8], "text": "recommended"}]}, {"type": "neutral", "args": [{"type": "aspect", "offset": [29, 30], "text": "Sea Eel"}, {"type": "opinion", "offset": [8], "text": "recommended"}]}, {"type": "neutral", "args": [{"type": "aspect", "offset": [3, 4], "text": "Sea Urchin"}, {"type": "opinion", "offset": [8], "text": "recommended"}]}, {"type": "neutral", "args": [{"type": "aspect", "offset": [21, 22, 23, 24, 25, 26, 27], "text": "Blue Fin Torro ( Fatty Tuna )"}, {"type": "opinion", "offset": [8], "text": "recommended"}]}], "event": [], "spot": ["aspect", "opinion"], "asoc": ["neutral"], "spot_asoc": [{"span": "Sea Urchin", "label": "aspect", "asoc": [["neutral", "recommended"]]}, {"span": "recommended", "label": "opinion", "asoc": []}, {"span": "assortment of fish", "label": "aspect", "asoc": [["neutral", "recommended"]]}, {"span": "Fatty Yellow Tail", "label": "aspect", "asoc": [["neutral", "recommended"]]}, {"span": "Boton Shrimp", "label": "aspect", "asoc": [["neutral", "recommended"]]}, {"span": "Blue Fin Torro ( Fatty Tuna )", "label": "aspect", "asoc": [["neutral", "recommended"]]}, {"span": "Sea Eel", "label": "aspect", "asoc": [["neutral", "recommended"]]}]}
{"text": "The dim sum here is only so-so .", "tokens": ["The", "dim", "sum", "here", "is", "only", "so-so", "."], "record": "<extra_id_0> <extra_id_0> aspect <extra_id_5> dim sum <extra_id_0> neutral <extra_id_5> so-so <extra_id_1> <extra_id_1> <extra_id_0> opinion <extra_id_5> so-so <extra_id_1> <extra_id_1>", "entity": [{"type": "aspect", "offset": [1, 2], "text": "dim sum"}, {"type": "opinion", "offset": [6], "text": "so-so"}], "relation": [{"type": "neutral", "args": [{"type": "aspect", "offset": [1, 2], "text": "dim sum"}, {"type": "opinion", "offset": [6], "text": "so-so"}]}], "event": [], "spot": ["aspect", "opinion"], "asoc": ["neutral"], "spot_asoc": [{"span": "dim sum", "label": "aspect", "asoc": [["neutral", "so-so"]]}, {"span": "so-so", "label": "opinion", "asoc": []}]}
{"text": "i would recommend reservations on weekends though .", "tokens": ["i", "would", "recommend", "reservations", "on", "weekends", "though", "."], "record": "<extra_id_0> <extra_id_0> opinion <extra_id_5> recommend <extra_id_1> <extra_id_0> aspect <extra_id_5> reservations <extra_id_0> neutral <extra_id_5> recommend <extra_id_1> <extra_id_1> <extra_id_1>", "entity": [{"type": "aspect", "offset": [3], "text": "reservations"}, {"type": "opinion", "offset": [2], "text": "recommend"}], "relation": [{"type": "neutral", "args": [{"type": "aspect", "offset": [3], "text": "reservations"}, {"type": "opinion", "offset": [2], "text": "recommend"}]}], "event": [], "spot": ["aspect", "opinion"], "asoc": ["neutral"], "spot_asoc": [{"span": "recommend", "label": "opinion", "asoc": []}, {"span": "reservations", "label": "aspect", "asoc": [["neutral", "recommend"]]}]}
{"text": "Decor is nice and minimalist , food simple yet very well presented and cooked , and the wine list matches the food very well .", "tokens": ["Decor", "is", "nice", "and", "minimalist", ",", "food", "simple", "yet", "very", "well", "presented", "and", "cooked", ",", "and", "the", "wine", "list", "matches", "the", "food", "very", "well", "."], "record": "<extra_id_0> <extra_id_0> aspect <extra_id_5> Decor <extra_id_0> positive <extra_id_5> nice <extra_id_1> <extra_id_0> positive <extra_id_5> minimalist <extra_id_1> <extra_id_1> <extra_id_0> opinion <extra_id_5> nice <extra_id_1> <extra_id_0> opinion <extra_id_5> minimalist <extra_id_1> <extra_id_0> aspect <extra_id_5> food <extra_id_0> neutral <extra_id_5> simple <extra_id_1> <extra_id_0> neutral <extra_id_5> well presented and cooked <extra_id_1> <extra_id_1> <extra_id_0> opinion <extra_id_5> simple <extra_id_1> <extra_id_0> opinion <extra_id_5> well presented and cooked <extra_id_1> <extra_id_0> aspect <extra_id_5> wine list <extra_id_0> positive <extra_id_5> well <extra_id_1> <extra_id_1> <extra_id_0> opinion <extra_id_5> well <extra_id_1> <extra_id_1>", "entity": [{"type": "aspect", "offset": [0], "text": "Decor"}, {"type": "aspect", "offset": [6], "text": "food"}, {"type": "aspect", "offset": [17, 18], "text": "wine list"}, {"type": "opinion", "offset": [2], "text": "nice"}, {"type": "opinion", "offset": [4], "text": "minimalist"}, {"type": "opinion", "offset": [7], "text": "simple"}, {"type": "opinion", "offset": [10, 11, 12, 13], "text": "well presented and cooked"}, {"type": "opinion", "offset": [23], "text": "well"}], "relation": [{"type": "positive", "args": [{"type": "aspect", "offset": [0], "text": "Decor"}, {"type": "opinion", "offset": [2], "text": "nice"}]}, {"type": "positive", "args": [{"type": "aspect", "offset": [0], "text": "Decor"}, {"type": "opinion", "offset": [4], "text": "minimalist"}]}, {"type": "neutral", "args": [{"type": "aspect", "offset": [6], "text": "food"}, {"type": "opinion", "offset": [7], "text": "simple"}]}, {"type": "neutral", "args": [{"type": "aspect", "offset": [6], "text": "food"}, {"type": "opinion", "offset": [10, 11, 12, 13], "text": "well presented and cooked"}]}, {"type": "positive", "args": [{"type": "aspect", "offset": [17, 18], "text": "wine list"}, {"type": "opinion", "offset": [23], "text": "well"}]}], "event": [], "spot": ["aspect", "opinion"], "asoc": ["positive", "neutral"], "spot_asoc": [{"span": "Decor", "label": "aspect", "asoc": [["positive", "nice"], ["positive", "minimalist"]]}, {"span": "nice", "label": "opinion", "asoc": []}, {"span": "minimalist", "label": "opinion", "asoc": []}, {"span": "food", "label": "aspect", "asoc": [["neutral", "simple"], ["neutral", "well presented and cooked"]]}, {"span": "simple", "label": "opinion", "asoc": []}, {"span": "well presented and cooked", "label": "opinion", "asoc": []}, {"span": "wine list", "label": "aspect", "asoc": [["positive", "well"]]}, {"span": "well", "label": "opinion", "asoc": []}]}
{"text": "The Pad thai , lad nar and various other dishes all look good on paper but , I 've had better thai food in less asthetically pleasing places .", "tokens": ["The", "Pad", "thai", ",", "lad", "nar", "and", "various", "other", "dishes", "all", "look", "good", "on", "paper", "but", ",", "I", "'ve", "had", "better", "thai", "food", "in", "less", "asthetically", "pleasing", "places", "."], "record": "<extra_id_0> <extra_id_0> opinion <extra_id_5> better <extra_id_1> <extra_id_0> aspect <extra_id_5> thai food <extra_id_0> neutral <extra_id_5> better <extra_id_1> <extra_id_1> <extra_id_1>", "entity": [{"type": "aspect", "offset": [21, 22], "text": "thai food"}, {"type": "opinion", "offset": [20], "text": "better"}], "relation": [{"type": "neutral", "args": [{"type": "aspect", "offset": [21, 22], "text": "thai food"}, {"type": "opinion", "offset": [20], "text": "better"}]}], "event": [], "spot": ["aspect", "opinion"], "asoc": ["neutral"], "spot_asoc": [{"span": "better", "label": "opinion", "asoc": []}, {"span": "thai food", "label": "aspect", "asoc": [["neutral", "better"]]}]}
{"text": "Good , because hey , it 's more food , but bad because dim sum is supposed to be smaller portions so you can try out more dishes and smaller so that each dish is cheap .", "tokens": ["Good", ",", "because", "hey", ",", "it", "'s", "more", "food", ",", "but", "bad", "because", "dim", "sum", "is", "supposed", "to", "be", "smaller", "portions", "so", "you", "can", "try", "out", "more", "dishes", "and", "smaller", "so", "that", "each", "dish", "is", "cheap", "."], "record": "<extra_id_0> <extra_id_0> opinion <extra_id_5> more <extra_id_1> <extra_id_0> aspect <extra_id_5> food <extra_id_0> positive <extra_id_5> more <extra_id_1> <extra_id_1> <extra_id_0> opinion <extra_id_5> bad <extra_id_1> <extra_id_0> aspect <extra_id_5> dim sum <extra_id_0> negative <extra_id_5> bad <extra_id_1> <extra_id_0> negative <extra_id_5> smaller <extra_id_1> <extra_id_1> <extra_id_0> opinion <extra_id_5> smaller <extra_id_1> <extra_id_0> aspect <extra_id_5> portions <extra_id_0> negative <extra_id_5> smaller <extra_id_1> <extra_id_1> <extra_id_0> aspect <extra_id_5> dishes <extra_id_0> neutral <extra_id_5> cheap <extra_id_1> <extra_id_1> <extra_id_0> aspect <extra_id_5> dish <extra_id_0> neutral <extra_id_5> cheap <extra_id_1> <extra_id_1> <extra_id_0> opinion <extra_id_5> cheap <extra_id_1> <extra_id_1>", "entity": [{"type": "aspect", "offset": [13, 14], "text": "dim sum"}, {"type": "aspect", "offset": [8], "text": "food"}, {"type": "aspect", "offset": [20], "text": "portions"}, {"type": "aspect", "offset": [27], "text": "dishes"}, {"type": "aspect", "offset": [33], "text": "dish"}, {"type": "opinion", "offset": [11], "text": "bad"}, {"type": "opinion", "offset": [19], "text": "smaller"}, {"type": "opinion", "offset": [7], "text": "more"}, {"type": "opinion", "offset": [35], "text": "cheap"}], "relation": [{"type": "negative", "args": [{"type": "aspect", "offset": [13, 14], "text": "dim sum"}, {"type": "opinion", "offset": [11], "text": "bad"}]}, {"type": "negative", "args": [{"type": "aspect", "offset": [13, 14], "text": "dim sum"}, {"type": "opinion", "offset": [19], "text": "smaller"}]}, {"type": "positive", "args": [{"type": "aspect", "offset": [8], "text": "food"}, {"type": "opinion", "offset": [7], "text": "more"}]}, {"type": "negative", "args": [{"type": "aspect", "offset": [20], "text": "portions"}, {"type": "opinion", "offset": [19], "text": "smaller"}]}, {"type": "neutral", "args": [{"type": "aspect", "offset": [27], "text": "dishes"}, {"type": "opinion", "offset": [35], "text": "cheap"}]}, {"type": "neutral", "args": [{"type": "aspect", "offset": [33], "text": "dish"}, {"type": "opinion", "offset": [35], "text": "cheap"}]}], "event": [], "spot": ["aspect", "opinion"], "asoc": ["neutral", "positive", "negative"], "spot_asoc": [{"span": "more", "label": "opinion", "asoc": []}, {"span": "food", "label": "aspect", "asoc": [["positive", "more"]]}, {"span": "bad", "label": "opinion", "asoc": []}, {"span": "dim sum", "label": "aspect", "asoc": [["negative", "bad"], ["negative", "smaller"]]}, {"span": "smaller", "label": "opinion", "asoc": []}, {"span": "portions", "label": "aspect", "asoc": [["negative", "smaller"]]}, {"span": "dishes", "label": "aspect", "asoc": [["neutral", "cheap"]]}, {"span": "dish", "label": "aspect", "asoc": [["neutral", "cheap"]]}, {"span": "cheap", "label": "opinion", "asoc": []}]}
{"text": "BE CAREFUL before you request extra spice .", "tokens": ["BE", "CAREFUL", "before", "you", "request", "extra", "spice", "."], "record": "<extra_id_0> <extra_id_0> opinion <extra_id_5> CAREFUL <extra_id_1> <extra_id_0> aspect <extra_id_5> spice <extra_id_0> neutral <extra_id_5> CAREFUL <extra_id_1> <extra_id_1> <extra_id_1>", "entity": [{"type": "aspect", "offset": [6], "text": "spice"}, {"type": "opinion", "offset": [1], "text": "CAREFUL"}], "relation": [{"type": "neutral", "args": [{"type": "aspect", "offset": [6], "text": "spice"}, {"type": "opinion", "offset": [1], "text": "CAREFUL"}]}], "event": [], "spot": ["aspect", "opinion"], "asoc": ["neutral"], "spot_asoc": [{"span": "CAREFUL", "label": "opinion", "asoc": []}, {"span": "spice", "label": "aspect", "asoc": [["neutral", "CAREFUL"]]}]}
{"text": "Do n't waste money on decor .", "tokens": ["Do", "n't", "waste", "money", "on", "decor", "."], "record": "<extra_id_0> <extra_id_0> opinion <extra_id_5> waste <extra_id_1> <extra_id_0> aspect <extra_id_5> decor <extra_id_0> neutral <extra_id_5> waste <extra_id_1> <extra_id_1> <extra_id_1>", "entity": [{"type": "aspect", "offset": [5], "text": "decor"}, {"type": "opinion", "offset": [2], "text": "waste"}], "relation": [{"type": "neutral", "args": [{"type": "aspect", "offset": [5], "text": "decor"}, {"type": "opinion", "offset": [2], "text": "waste"}]}], "event": [], "spot": ["aspect", "opinion"], "asoc": ["neutral"], "spot_asoc": [{"span": "waste", "label": "opinion", "asoc": []}, {"span": "decor", "label": "aspect", "asoc": [["neutral", "waste"]]}]}
{"text": "All we received was an apology as we left to see our show without dinner .", "tokens": ["All", "we", "received", "was", "an", "apology", "as", "we", "left", "to", "see", "our", "show", "without", "dinner", "."], "record": "<extra_id_0> <extra_id_0> opinion <extra_id_5> without <extra_id_1> <extra_id_0> aspect <extra_id_5> dinner <extra_id_0> neutral <extra_id_5> without <extra_id_1> <extra_id_1> <extra_id_1>", "entity": [{"type": "aspect", "offset": [14], "text": "dinner"}, {"type": "opinion", "offset": [13], "text": "without"}], "relation": [{"type": "neutral", "args": [{"type": "aspect", "offset": [14], "text": "dinner"}, {"type": "opinion", "offset": [13], "text": "without"}]}], "event": [], "spot": ["aspect", "opinion"], "asoc": ["neutral"], "spot_asoc": [{"span": "without", "label": "opinion", "asoc": []}, {"span": "dinner", "label": "aspect", "asoc": [["neutral", "without"]]}]}
{"text": "That is a problem since we paid about 20 bucks a dish , and had to order 5 dishes to get a decent taste .", "tokens": ["That", "is", "a", "problem", "since", "we", "paid", "about", "20", "bucks", "a", "dish", ",", "and", "had", "to", "order", "5", "dishes", "to", "get", "a", "decent", "taste", "."], "record": "<extra_id_0> <extra_id_0> opinion <extra_id_5> decent <extra_id_1> <extra_id_0> aspect <extra_id_5> taste <extra_id_0> neutral <extra_id_5> decent <extra_id_1> <extra_id_1> <extra_id_1>", "entity": [{"type": "aspect", "offset": [23], "text": "taste"}, {"type": "opinion", "offset": [22], "text": "decent"}], "relation": [{"type": "neutral", "args": [{"type": "aspect", "offset": [23], "text": "taste"}, {"type": "opinion", "offset": [22], "text": "decent"}]}], "event": [], "spot": ["aspect", "opinion"], "asoc": ["neutral"], "spot_asoc": [{"span": "decent", "label": "opinion", "asoc": []}, {"span": "taste", "label": "aspect", "asoc": [["neutral", "decent"]]}]}
{"text": "THe Pizza and wine were excellent -the service too -- but what really MADE this place was the backyard dining area .", "tokens": ["THe", "Pizza", "and", "wine", "were", "excellent", "-the", "service", "too", "--", "but", "what", "really", "MADE", "this", "place", "was", "the", "backyard", "dining", "area", "."], "record": "<extra_id_0> <extra_id_0> aspect <extra_id_5> Pizza <extra_id_0> positive <extra_id_5> excellent <extra_id_1> <extra_id_1> <extra_id_0> aspect <extra_id_5> wine <extra_id_0> positive <extra_id_5> excellent <extra_id_1> <extra_id_1> <extra_id_0> opinion <extra_id_5> excellent <extra_id_1> <extra_id_0> aspect <extra_id_5> service <extra_id_0> positive <extra_id_5> excellent <extra_id_1> <extra_id_1> <extra_id_1>", "entity": [{"type": "aspect", "offset": [1], "text": "Pizza"}, {"type": "aspect", "offset": [3], "text": "wine"}, {"type": "aspect", "offset": [7], "text": "service"}, {"type": "opinion", "offset": [5], "text": "excellent"}], "relation": [{"type": "positive", "args": [{"type": "aspect", "offset": [1], "text": "Pizza"}, {"type": "opinion", "offset": [5], "text": "excellent"}]}, {"type": "positive", "args": [{"type": "aspect", "offset": [3], "text": "wine"}, {"type": "opinion", "offset": [5], "text": "excellent"}]}, {"type": "positive", "args": [{"type": "aspect", "offset": [7], "text": "service"}, {"type": "opinion", "offset": [5], "text": "excellent"}]}], "event": [], "spot": ["aspect", "opinion"], "asoc": ["positive"], "spot_asoc": [{"span": "Pizza", "label": "aspect", "asoc": [["positive", "excellent"]]}, {"span": "wine", "label": "aspect", "asoc": [["positive", "excellent"]]}, {"span": "excellent", "label": "opinion", "asoc": []}, {"span": "service", "label": "aspect", "asoc": [["positive", "excellent"]]}]}
{"text": "You can get an excellent meal at most of the many Indian restaurants on nearby Lexington Avenue for the cost of one the dainty dishes here .", "tokens": ["You", "can", "get", "an", "excellent", "meal", "at", "most", "of", "the", "many", "Indian", "restaurants", "on", "nearby", "Lexington", "Avenue", "for", "the", "cost", "of", "one", "the", "dainty", "dishes", "here", "."], "record": "<extra_id_0> <extra_id_0> opinion <extra_id_5> excellent <extra_id_1> <extra_id_0> aspect <extra_id_5> meal <extra_id_0> positive <extra_id_5> excellent <extra_id_1> <extra_id_1> <extra_id_0> opinion <extra_id_5> dainty <extra_id_1> <extra_id_0> aspect <extra_id_5> dishes <extra_id_0> positive <extra_id_5> dainty <extra_id_1> <extra_id_1> <extra_id_1>", "entity": [{"type": "aspect", "offset": [5], "text": "meal"}, {"type": "aspect", "offset": [24], "text": "dishes"}, {"type": "opinion", "offset": [4], "text": "excellent"}, {"type": "opinion", "offset": [23], "text": "dainty"}], "relation": [{"type": "positive", "args": [{"type": "aspect", "offset": [5], "text": "meal"}, {"type": "opinion", "offset": [4], "text": "excellent"}]}, {"type": "positive", "args": [{"type": "aspect", "offset": [24], "text": "dishes"}, {"type": "opinion", "offset": [23], "text": "dainty"}]}], "event": [], "spot": ["aspect", "opinion"], "asoc": ["positive"], "spot_asoc": [{"span": "excellent", "label": "opinion", "asoc": []}, {"span": "meal", "label": "aspect", "asoc": [["positive", "excellent"]]}, {"span": "dainty", "label": "opinion", "asoc": []}, {"span": "dishes", "label": "aspect", "asoc": [["positive", "dainty"]]}]}
{"text": "They are often crowded on the weekends but they are efficient and accurate with their service .", "tokens": ["They", "are", "often", "crowded", "on", "the", "weekends", "but", "they", "are", "efficient", "and", "accurate", "with", "their", "service", "."], "record": "<extra_id_0> <extra_id_0> aspect <extra_id_5> crowded <extra_id_0> negative <extra_id_5> crowded <extra_id_1> <extra_id_1> <extra_id_0> opinion <extra_id_5> crowded <extra_id_1> <extra_id_0> opinion <extra_id_5> efficient <extra_id_1> <extra_id_0> opinion <extra_id_5> accurate <extra_id_1> <extra_id_0> aspect <extra_id_5> service <extra_id_0> positive <extra_id_5> efficient <extra_id_1> <extra_id_0> positive <extra_id_5> accurate <extra_id_1> <extra_id_1> <extra_id_1>", "entity": [{"type": "aspect", "offset": [15], "text": "service"}, {"type": "aspect", "offset": [3], "text": "crowded"}, {"type": "opinion", "offset": [10], "text": "efficient"}, {"type": "opinion", "offset": [12], "text": "accurate"}, {"type": "opinion", "offset": [3], "text": "crowded"}], "relation": [{"type": "positive", "args": [{"type": "aspect", "offset": [15], "text": "service"}, {"type": "opinion", "offset": [10], "text": "efficient"}]}, {"type": "positive", "args": [{"type": "aspect", "offset": [15], "text": "service"}, {"type": "opinion", "offset": [12], "text": "accurate"}]}, {"type": "negative", "args": [{"type": "aspect", "offset": [3], "text": "crowded"}, {"type": "opinion", "offset": [3], "text": "crowded"}]}], "event": [], "spot": ["aspect", "opinion"], "asoc": ["positive", "negative"], "spot_asoc": [{"span": "crowded", "label": "aspect", "asoc": [["negative", "crowded"]]}, {"span": "crowded", "label": "opinion", "asoc": []}, {"span": "efficient", "label": "opinion", "asoc": []}, {"span": "accurate", "label": "opinion", "asoc": []}, {"span": "service", "label": "aspect", "asoc": [["positive", "efficient"], ["positive", "accurate"]]}]}
{"text": "We had Pam 's special fried fish and it was amazing .", "tokens": ["We", "had", "Pam", "'s", "special", "fried", "fish", "and", "it", "was", "amazing", "."], "record": "<extra_id_0> <extra_id_0> aspect <extra_id_5> Pam 's special fried fish <extra_id_0> positive <extra_id_5> amazing <extra_id_1> <extra_id_1> <extra_id_0> opinion <extra_id_5> amazing <extra_id_1> <extra_id_1>", "entity": [{"type": "aspect", "offset": [2, 3, 4, 5, 6], "text": "Pam 's special fried fish"}, {"type": "opinion", "offset": [10], "text": "amazing"}], "relation": [{"type": "positive", "args": [{"type": "aspect", "offset": [2, 3, 4, 5, 6], "text": "Pam 's special fried fish"}, {"type": "opinion", "offset": [10], "text": "amazing"}]}], "event": [], "spot": ["aspect", "opinion"], "asoc": ["positive"], "spot_asoc": [{"span": "Pam 's special fried fish", "label": "aspect", "asoc": [["positive", "amazing"]]}, {"span": "amazing", "label": "opinion", "asoc": []}]}
{"text": "The wine list is interesting and has many good values .", "tokens": ["The", "wine", "list", "is", "interesting", "and", "has", "many", "good", "values", "."], "record": "<extra_id_0> <extra_id_0> aspect <extra_id_5> wine list <extra_id_0> positive <extra_id_5> interesting <extra_id_1> <extra_id_0> positive <extra_id_5> good values <extra_id_1> <extra_id_1> <extra_id_0> opinion <extra_id_5> interesting <extra_id_1> <extra_id_0> opinion <extra_id_5> good values <extra_id_1> <extra_id_1>", "entity": [{"type": "aspect", "offset": [1, 2], "text": "wine list"}, {"type": "opinion", "offset": [4], "text": "interesting"}, {"type": "opinion", "offset": [8, 9], "text": "good values"}], "relation": [{"type": "positive", "args": [{"type": "aspect", "offset": [1, 2], "text": "wine list"}, {"type": "opinion", "offset": [4], "text": "interesting"}]}, {"type": "positive", "args": [{"type": "aspect", "offset": [1, 2], "text": "wine list"}, {"type": "opinion", "offset": [8, 9], "text": "good values"}]}], "event": [], "spot": ["aspect", "opinion"], "asoc": ["positive"], "spot_asoc": [{"span": "wine list", "label": "aspect", "asoc": [["positive", "interesting"], ["positive", "good values"]]}, {"span": "interesting", "label": "opinion", "asoc": []}, {"span": "good values", "label": "opinion", "asoc": []}]}
{"text": "If it 's just a quick martini at the bar ( which I recommend Jeffery 's ) or a mind blowing Roast Chicken , go to Village !", "tokens": ["If", "it", "'s", "just", "a", "quick", "martini", "at", "the", "bar", "(", "which", "I", "recommend", "Jeffery", "'s", ")", "or", "a", "mind", "blowing", "Roast", "Chicken", ",", "go", "to", "Village", "!"], "record": "<extra_id_0> <extra_id_0> opinion <extra_id_5> quick <extra_id_1> <extra_id_0> aspect <extra_id_5> martini <extra_id_0> neutral <extra_id_5> quick <extra_id_1> <extra_id_1> <extra_id_0> aspect <extra_id_5> bar <extra_id_0> neutral <extra_id_5> recommend <extra_id_1> <extra_id_1> <extra_id_0> opinion <extra_id_5> recommend <extra_id_1> <extra_id_0> opinion <extra_id_5> mind blowing <extra_id_1> <extra_id_0> aspect <extra_id_5> Roast Chicken <extra_id_0> positive <extra_id_5> mind blowing <extra_id_1> <extra_id_1> <extra_id_1>", "entity": [{"type": "aspect", "offset": [6], "text": "martini"}, {"type": "aspect", "offset": [9], "text": "bar"}, {"type": "aspect", "offset": [21, 22], "text": "Roast Chicken"}, {"type": "opinion", "offset": [5], "text": "quick"}, {"type": "opinion", "offset": [13], "text": "recommend"}, {"type": "opinion", "offset": [19, 20], "text": "mind blowing"}], "relation": [{"type": "neutral", "args": [{"type": "aspect", "offset": [6], "text": "martini"}, {"type": "opinion", "offset": [5], "text": "quick"}]}, {"type": "neutral", "args": [{"type": "aspect", "offset": [9], "text": "bar"}, {"type": "opinion", "offset": [13], "text": "recommend"}]}, {"type": "positive", "args": [{"type": "aspect", "offset": [21, 22], "text": "Roast Chicken"}, {"type": "opinion", "offset": [19, 20], "text": "mind blowing"}]}], "event": [], "spot": ["aspect", "opinion"], "asoc": ["positive", "neutral"], "spot_asoc": [{"span": "quick", "label": "opinion", "asoc": []}, {"span": "martini", "label": "aspect", "asoc": [["neutral", "quick"]]}, {"span": "bar", "label": "aspect", "asoc": [["neutral", "recommend"]]}, {"span": "recommend", "label": "opinion", "asoc": []}, {"span": "mind blowing", "label": "opinion", "asoc": []}, {"span": "Roast Chicken", "label": "aspect", "asoc": [["positive", "mind blowing"]]}]}
{"text": "My wife had the fried shrimp which are huge and loved it .", "tokens": ["My", "wife", "had", "the", "fried", "shrimp", "which", "are", "huge", "and", "loved", "it", "."], "record": "<extra_id_0> <extra_id_0> aspect <extra_id_5> fried shrimp <extra_id_0> positive <extra_id_5> huge <extra_id_1> <extra_id_0> positive <extra_id_5> loved <extra_id_1> <extra_id_1> <extra_id_0> opinion <extra_id_5> huge <extra_id_1> <extra_id_0> opinion <extra_id_5> loved <extra_id_1> <extra_id_1>", "entity": [{"type": "aspect", "offset": [4, 5], "text": "fried shrimp"}, {"type": "opinion", "offset": [8], "text": "huge"}, {"type": "opinion", "offset": [10], "text": "loved"}], "relation": [{"type": "positive", "args": [{"type": "aspect", "offset": [4, 5], "text": "fried shrimp"}, {"type": "opinion", "offset": [8], "text": "huge"}]}, {"type": "positive", "args": [{"type": "aspect", "offset": [4, 5], "text": "fried shrimp"}, {"type": "opinion", "offset": [10], "text": "loved"}]}], "event": [], "spot": ["aspect", "opinion"], "asoc": ["positive"], "spot_asoc": [{"span": "fried shrimp", "label": "aspect", "asoc": [["positive", "huge"], ["positive", "loved"]]}, {"span": "huge", "label": "opinion", "asoc": []}, {"span": "loved", "label": "opinion", "asoc": []}]}
{"text": "I did n't take a look at the rest menu , but the oysters were fantastic .", "tokens": ["I", "did", "n't", "take", "a", "look", "at", "the", "rest", "menu", ",", "but", "the", "oysters", "were", "fantastic", "."], "record": "<extra_id_0> <extra_id_0> aspect <extra_id_5> oysters <extra_id_0> positive <extra_id_5> fantastic <extra_id_1> <extra_id_1> <extra_id_0> opinion <extra_id_5> fantastic <extra_id_1> <extra_id_1>", "entity": [{"type": "aspect", "offset": [13], "text": "oysters"}, {"type": "opinion", "offset": [15], "text": "fantastic"}], "relation": [{"type": "positive", "args": [{"type": "aspect", "offset": [13], "text": "oysters"}, {"type": "opinion", "offset": [15], "text": "fantastic"}]}], "event": [], "spot": ["aspect", "opinion"], "asoc": ["positive"], "spot_asoc": [{"span": "oysters", "label": "aspect", "asoc": [["positive", "fantastic"]]}, {"span": "fantastic", "label": "opinion", "asoc": []}]}
{"text": "The service was friendly and the atmosphere was casual .", "tokens": ["The", "service", "was", "friendly", "and", "the", "atmosphere", "was", "casual", "."], "record": "<extra_id_0> <extra_id_0> aspect <extra_id_5> service <extra_id_0> positive <extra_id_5> friendly <extra_id_1> <extra_id_1> <extra_id_0> opinion <extra_id_5> friendly <extra_id_1> <extra_id_0> aspect <extra_id_5> atmosphere <extra_id_0> positive <extra_id_5> casual <extra_id_1> <extra_id_1> <extra_id_0> opinion <extra_id_5> casual <extra_id_1> <extra_id_1>", "entity": [{"type": "aspect", "offset": [1], "text": "service"}, {"type": "aspect", "offset": [6], "text": "atmosphere"}, {"type": "opinion", "offset": [3], "text": "friendly"}, {"type": "opinion", "offset": [8], "text": "casual"}], "relation": [{"type": "positive", "args": [{"type": "aspect", "offset": [1], "text": "service"}, {"type": "opinion", "offset": [3], "text": "friendly"}]}, {"type": "positive", "args": [{"type": "aspect", "offset": [6], "text": "atmosphere"}, {"type": "opinion", "offset": [8], "text": "casual"}]}], "event": [], "spot": ["aspect", "opinion"], "asoc": ["positive"], "spot_asoc": [{"span": "service", "label": "aspect", "asoc": [["positive", "friendly"]]}, {"span": "friendly", "label": "opinion", "asoc": []}, {"span": "atmosphere", "label": "aspect", "asoc": [["positive", "casual"]]}, {"span": "casual", "label": "opinion", "asoc": []}]}
{"text": "The puke green walls leave a lot to be desired , but the food is very good .", "tokens": ["The", "puke", "green", "walls", "leave", "a", "lot", "to", "be", "desired", ",", "but", "the", "food", "is", "very", "good", "."], "record": "<extra_id_0> <extra_id_0> aspect <extra_id_5> walls <extra_id_0> negative <extra_id_5> desired <extra_id_1> <extra_id_1> <extra_id_0> opinion <extra_id_5> desired <extra_id_1> <extra_id_0> aspect <extra_id_5> food <extra_id_0> positive <extra_id_5> good <extra_id_1> <extra_id_1> <extra_id_0> opinion <extra_id_5> good <extra_id_1> <extra_id_1>", "entity": [{"type": "aspect", "offset": [13], "text": "food"}, {"type": "aspect", "offset": [3], "text": "walls"}, {"type": "opinion", "offset": [16], "text": "good"}, {"type": "opinion", "offset": [9], "text": "desired"}], "relation": [{"type": "positive", "args": [{"type": "aspect", "offset": [13], "text": "food"}, {"type": "opinion", "offset": [16], "text": "good"}]}, {"type": "negative", "args": [{"type": "aspect", "offset": [3], "text": "walls"}, {"type": "opinion", "offset": [9], "text": "desired"}]}], "event": [], "spot": ["aspect", "opinion"], "asoc": ["positive", "negative"], "spot_asoc": [{"span": "walls", "label": "aspect", "asoc": [["negative", "desired"]]}, {"span": "desired", "label": "opinion", "asoc": []}, {"span": "food", "label": "aspect", "asoc": [["positive", "good"]]}, {"span": "good", "label": "opinion", "asoc": []}]}
{"text": "Also , do n't plan on asking for your favorite roll , if it 's not on the menu , you ca n't have it .", "tokens": ["Also", ",", "do", "n't", "plan", "on", "asking", "for", "your", "favorite", "roll", ",", "if", "it", "'s", "not", "on", "the", "menu", ",", "you", "ca", "n't", "have", "it", "."], "record": "<extra_id_0> <extra_id_0> opinion <extra_id_5> favorite <extra_id_1> <extra_id_0> aspect <extra_id_5> roll <extra_id_0> negative <extra_id_5> favorite <extra_id_1> <extra_id_1> <extra_id_1>", "entity": [{"type": "aspect", "offset": [10], "text": "roll"}, {"type": "opinion", "offset": [9], "text": "favorite"}], "relation": [{"type": "negative", "args": [{"type": "aspect", "offset": [10], "text": "roll"}, {"type": "opinion", "offset": [9], "text": "favorite"}]}], "event": [], "spot": ["aspect", "opinion"], "asoc": ["negative"], "spot_asoc": [{"span": "favorite", "label": "opinion", "asoc": []}, {"span": "roll", "label": "aspect", "asoc": [["negative", "favorite"]]}]}
{"text": "They could n't even make a salad that was appealing .", "tokens": ["They", "could", "n't", "even", "make", "a", "salad", "that", "was", "appealing", "."], "record": "<extra_id_0> <extra_id_0> aspect <extra_id_5> salad <extra_id_0> negative <extra_id_5> appealing <extra_id_1> <extra_id_1> <extra_id_0> opinion <extra_id_5> appealing <extra_id_1> <extra_id_1>", "entity": [{"type": "aspect", "offset": [6], "text": "salad"}, {"type": "opinion", "offset": [9], "text": "appealing"}], "relation": [{"type": "negative", "args": [{"type": "aspect", "offset": [6], "text": "salad"}, {"type": "opinion", "offset": [9], "text": "appealing"}]}], "event": [], "spot": ["aspect", "opinion"], "asoc": ["negative"], "spot_asoc": [{"span": "salad", "label": "aspect", "asoc": [["negative", "appealing"]]}, {"span": "appealing", "label": "opinion", "asoc": []}]}
{"text": "Well , their deliveries take for ever and the food is usually cold .", "tokens": ["Well", ",", "their", "deliveries", "take", "for", "ever", "and", "the", "food", "is", "usually", "cold", "."], "record": "<extra_id_0> <extra_id_0> aspect <extra_id_5> deliveries <extra_id_0> negative <extra_id_5> for ever <extra_id_1> <extra_id_1> <extra_id_0> opinion <extra_id_5> for ever <extra_id_1> <extra_id_0> aspect <extra_id_5> food <extra_id_0> negative <extra_id_5> cold <extra_id_1> <extra_id_1> <extra_id_0> opinion <extra_id_5> cold <extra_id_1> <extra_id_1>", "entity": [{"type": "aspect", "offset": [3], "text": "deliveries"}, {"type": "aspect", "offset": [9], "text": "food"}, {"type": "opinion", "offset": [5, 6], "text": "for ever"}, {"type": "opinion", "offset": [12], "text": "cold"}], "relation": [{"type": "negative", "args": [{"type": "aspect", "offset": [3], "text": "deliveries"}, {"type": "opinion", "offset": [5, 6], "text": "for ever"}]}, {"type": "negative", "args": [{"type": "aspect", "offset": [9], "text": "food"}, {"type": "opinion", "offset": [12], "text": "cold"}]}], "event": [], "spot": ["aspect", "opinion"], "asoc": ["negative"], "spot_asoc": [{"span": "deliveries", "label": "aspect", "asoc": [["negative", "for ever"]]}, {"span": "for ever", "label": "opinion", "asoc": []}, {"span": "food", "label": "aspect", "asoc": [["negative", "cold"]]}, {"span": "cold", "label": "opinion", "asoc": []}]}
{"text": "While this is a pretty place in that overly cute French way , the food was insultingly horrible .", "tokens": ["While", "this", "is", "a", "pretty", "place", "in", "that", "overly", "cute", "French", "way", ",", "the", "food", "was", "insultingly", "horrible", "."], "record": "<extra_id_0> <extra_id_0> opinion <extra_id_5> pretty <extra_id_1> <extra_id_0> aspect <extra_id_5> place <extra_id_0> positive <extra_id_5> pretty <extra_id_1> <extra_id_1> <extra_id_0> aspect <extra_id_5> food <extra_id_0> negative <extra_id_5> insultingly horrible <extra_id_1> <extra_id_1> <extra_id_0> opinion <extra_id_5> insultingly horrible <extra_id_1> <extra_id_1>", "entity": [{"type": "aspect", "offset": [5], "text": "place"}, {"type": "aspect", "offset": [14], "text": "food"}, {"type": "opinion", "offset": [4], "text": "pretty"}, {"type": "opinion", "offset": [16, 17], "text": "insultingly horrible"}], "relation": [{"type": "positive", "args": [{"type": "aspect", "offset": [5], "text": "place"}, {"type": "opinion", "offset": [4], "text": "pretty"}]}, {"type": "negative", "args": [{"type": "aspect", "offset": [14], "text": "food"}, {"type": "opinion", "offset": [16, 17], "text": "insultingly horrible"}]}], "event": [], "spot": ["aspect", "opinion"], "asoc": ["positive", "negative"], "spot_asoc": [{"span": "pretty", "label": "opinion", "asoc": []}, {"span": "place", "label": "aspect", "asoc": [["positive", "pretty"]]}, {"span": "food", "label": "aspect", "asoc": [["negative", "insultingly horrible"]]}, {"span": "insultingly horrible", "label": "opinion", "asoc": []}]}
{"text": "The only possible drawback to this last point is that as of the date of this posting , the additional menu items are only written in Chinese .", "tokens": ["The", "only", "possible", "drawback", "to", "this", "last", "point", "is", "that", "as", "of", "the", "date", "of", "this", "posting", ",", "the", "additional", "menu", "items", "are", "only", "written", "in", "Chinese", "."], "record": "<extra_id_0> <extra_id_0> opinion <extra_id_5> drawback <extra_id_1> <extra_id_0> aspect <extra_id_5> menu items <extra_id_0> negative <extra_id_5> drawback <extra_id_1> <extra_id_1> <extra_id_1>", "entity": [{"type": "aspect", "offset": [20, 21], "text": "menu items"}, {"type": "opinion", "offset": [3], "text": "drawback"}], "relation": [{"type": "negative", "args": [{"type": "aspect", "offset": [20, 21], "text": "menu items"}, {"type": "opinion", "offset": [3], "text": "drawback"}]}], "event": [], "spot": ["aspect", "opinion"], "asoc": ["negative"], "spot_asoc": [{"span": "drawback", "label": "opinion", "asoc": []}, {"span": "menu items", "label": "aspect", "asoc": [["negative", "drawback"]]}]}
{"text": "The food was bland oily .", "tokens": ["The", "food", "was", "bland", "oily", "."], "record": "<extra_id_0> <extra_id_0> aspect <extra_id_5> food <extra_id_0> negative <extra_id_5> bland oily <extra_id_1> <extra_id_1> <extra_id_0> opinion <extra_id_5> bland oily <extra_id_1> <extra_id_1>", "entity": [{"type": "aspect", "offset": [1], "text": "food"}, {"type": "opinion", "offset": [3, 4], "text": "bland oily"}], "relation": [{"type": "negative", "args": [{"type": "aspect", "offset": [1], "text": "food"}, {"type": "opinion", "offset": [3, 4], "text": "bland oily"}]}], "event": [], "spot": ["aspect", "opinion"], "asoc": ["negative"], "spot_asoc": [{"span": "food", "label": "aspect", "asoc": [["negative", "bland oily"]]}, {"span": "bland oily", "label": "opinion", "asoc": []}]}
{"text": "Not worth the prices .", "tokens": ["Not", "worth", "the", "prices", "."], "record": "<extra_id_0> <extra_id_0> opinion <extra_id_5> worth <extra_id_1> <extra_id_0> aspect <extra_id_5> prices <extra_id_0> negative <extra_id_5> worth <extra_id_1> <extra_id_1> <extra_id_1>", "entity": [{"type": "aspect", "offset": [3], "text": "prices"}, {"type": "opinion", "offset": [1], "text": "worth"}], "relation": [{"type": "negative", "args": [{"type": "aspect", "offset": [3], "text": "prices"}, {"type": "opinion", "offset": [1], "text": "worth"}]}], "event": [], "spot": ["aspect", "opinion"], "asoc": ["negative"], "spot_asoc": [{"span": "worth", "label": "opinion", "asoc": []}, {"span": "prices", "label": "aspect", "asoc": [["negative", "worth"]]}]}
{"text": "One would think we 'd get an apology or complimentary drinks - instead , we got a snobby waiter would n't even take our order for 15 minutes and gave us lip when we asked him to do so .", "tokens": ["One", "would", "think", "we", "'d", "get", "an", "apology", "or", "complimentary", "drinks", "-", "instead", ",", "we", "got", "a", "snobby", "waiter", "would", "n't", "even", "take", "our", "order", "for", "15", "minutes", "and", "gave", "us", "lip", "when", "we", "asked", "him", "to", "do", "so", "."], "record": "<extra_id_0> <extra_id_0> opinion <extra_id_5> snobby <extra_id_1> <extra_id_0> aspect <extra_id_5> waiter <extra_id_0> negative <extra_id_5> snobby <extra_id_1> <extra_id_1> <extra_id_1>", "entity": [{"type": "aspect", "offset": [18], "text": "waiter"}, {"type": "opinion", "offset": [17], "text": "snobby"}], "relation": [{"type": "negative", "args": [{"type": "aspect", "offset": [18], "text": "waiter"}, {"type": "opinion", "offset": [17], "text": "snobby"}]}], "event": [], "spot": ["aspect", "opinion"], "asoc": ["negative"], "spot_asoc": [{"span": "snobby", "label": "opinion", "asoc": []}, {"span": "waiter", "label": "aspect", "asoc": [["negative", "snobby"]]}]}
{"text": "Thalia is a beautiful restaurant with beautiful people serving you , but the food does n't quite match up .", "tokens": ["Thalia", "is", "a", "beautiful", "restaurant", "with", "beautiful", "people", "serving", "you", ",", "but", "the", "food", "does", "n't", "quite", "match", "up", "."], "record": "<extra_id_0> <extra_id_0> opinion <extra_id_5> beautiful <extra_id_1> <extra_id_0> aspect <extra_id_5> people serving <extra_id_0> positive <extra_id_5> beautiful <extra_id_1> <extra_id_1> <extra_id_0> aspect <extra_id_5> food <extra_id_0> negative <extra_id_5> does n't quite match up <extra_id_1> <extra_id_1> <extra_id_0> opinion <extra_id_5> does n't quite match up <extra_id_1> <extra_id_1>", "entity": [{"type": "aspect", "offset": [7, 8], "text": "people serving"}, {"type": "aspect", "offset": [13], "text": "food"}, {"type": "opinion", "offset": [6], "text": "beautiful"}, {"type": "opinion", "offset": [14, 15, 16, 17, 18], "text": "does n't quite match up"}], "relation": [{"type": "positive", "args": [{"type": "aspect", "offset": [7, 8], "text": "people serving"}, {"type": "opinion", "offset": [6], "text": "beautiful"}]}, {"type": "negative", "args": [{"type": "aspect", "offset": [13], "text": "food"}, {"type": "opinion", "offset": [14, 15, 16, 17, 18], "text": "does n't quite match up"}]}], "event": [], "spot": ["aspect", "opinion"], "asoc": ["positive", "negative"], "spot_asoc": [{"span": "beautiful", "label": "opinion", "asoc": []}, {"span": "people serving", "label": "aspect", "asoc": [["positive", "beautiful"]]}, {"span": "food", "label": "aspect", "asoc": [["negative", "does n't quite match up"]]}, {"span": "does n't quite match up", "label": "opinion", "asoc": []}]}
{"text": "Food was average and creme brulee was awful - the sugar was charred , not caramelized and smelled of kerosene .", "tokens": ["Food", "was", "average", "and", "creme", "brulee", "was", "awful", "-", "the", "sugar", "was", "charred", ",", "not", "caramelized", "and", "smelled", "of", "kerosene", "."], "record": "<extra_id_0> <extra_id_0> aspect <extra_id_5> Food <extra_id_0> neutral <extra_id_5> average <extra_id_1> <extra_id_1> <extra_id_0> opinion <extra_id_5> average <extra_id_1> <extra_id_0> aspect <extra_id_5> creme brulee <extra_id_0> negative <extra_id_5> awful <extra_id_1> <extra_id_1> <extra_id_0> opinion <extra_id_5> awful <extra_id_1> <extra_id_0> aspect <extra_id_5> sugar <extra_id_0> negative <extra_id_5> charred <extra_id_1> <extra_id_1> <extra_id_0> opinion <extra_id_5> charred <extra_id_1> <extra_id_1>", "entity": [{"type": "aspect", "offset": [0], "text": "Food"}, {"type": "aspect", "offset": [4, 5], "text": "creme brulee"}, {"type": "aspect", "offset": [10], "text": "sugar"}, {"type": "opinion", "offset": [2], "text": "average"}, {"type": "opinion", "offset": [7], "text": "awful"}, {"type": "opinion", "offset": [12], "text": "charred"}], "relation": [{"type": "neutral", "args": [{"type": "aspect", "offset": [0], "text": "Food"}, {"type": "opinion", "offset": [2], "text": "average"}]}, {"type": "negative", "args": [{"type": "aspect", "offset": [4, 5], "text": "creme brulee"}, {"type": "opinion", "offset": [7], "text": "awful"}]}, {"type": "negative", "args": [{"type": "aspect", "offset": [10], "text": "sugar"}, {"type": "opinion", "offset": [12], "text": "charred"}]}], "event": [], "spot": ["aspect", "opinion"], "asoc": ["negative", "neutral"], "spot_asoc": [{"span": "Food", "label": "aspect", "asoc": [["neutral", "average"]]}, {"span": "average", "label": "opinion", "asoc": []}, {"span": "creme brulee", "label": "aspect", "asoc": [["negative", "awful"]]}, {"span": "awful", "label": "opinion", "asoc": []}, {"span": "sugar", "label": "aspect", "asoc": [["negative", "charred"]]}, {"span": "charred", "label": "opinion", "asoc": []}]}
