{"text": "The only thing that is n't perfect about this netbook is the speakers , they are not loud at all but I expected that .", "tokens": ["The", "only", "thing", "that", "is", "n't", "perfect", "about", "this", "netbook", "is", "the", "speakers", ",", "they", "are", "not", "loud", "at", "all", "but", "I", "expected", "that", "."], "record": "<extra_id_0> <extra_id_0> opinion <extra_id_5> is n't perfect <extra_id_1> <extra_id_0> aspect <extra_id_5> speakers <extra_id_0> negative <extra_id_5> is n't perfect <extra_id_1> <extra_id_0> negative <extra_id_5> not loud <extra_id_1> <extra_id_1> <extra_id_0> opinion <extra_id_5> not loud <extra_id_1> <extra_id_1>", "entity": [{"type": "aspect", "offset": [12], "text": "speakers"}, {"type": "opinion", "offset": [4, 5, 6], "text": "is n't perfect"}, {"type": "opinion", "offset": [16, 17], "text": "not loud"}], "relation": [{"type": "negative", "args": [{"type": "aspect", "offset": [12], "text": "speakers"}, {"type": "opinion", "offset": [4, 5, 6], "text": "is n't perfect"}]}, {"type": "negative", "args": [{"type": "aspect", "offset": [12], "text": "speakers"}, {"type": "opinion", "offset": [16, 17], "text": "not loud"}]}], "event": [], "spot": ["aspect", "opinion"], "asoc": ["negative"], "spot_asoc": [{"span": "is n't perfect", "label": "opinion", "asoc": []}, {"span": "speakers", "label": "aspect", "asoc": [["negative", "is n't perfect"], ["negative", "not loud"]]}, {"span": "not loud", "label": "opinion", "asoc": []}]}
{"text": "I also enjoy the fact that my MacBook Pro laptop allows me to run Windows 7 on it by using the VMWare program .", "tokens": ["I", "also", "enjoy", "the", "fact", "that", "my", "MacBook", "Pro", "laptop", "allows", "me", "to", "run", "Windows", "7", "on", "it", "by", "using", "the", "VMWare", "program", "."], "record": "<extra_id_0> <extra_id_0> opinion <extra_id_5> enjoy <extra_id_1> <extra_id_0> aspect <extra_id_5> Windows 7 <extra_id_0> positive <extra_id_5> enjoy <extra_id_1> <extra_id_1> <extra_id_0> aspect <extra_id_5> VMWare program <extra_id_0> neutral <extra_id_5> enjoy <extra_id_1> <extra_id_1> <extra_id_1>", "entity": [{"type": "aspect", "offset": [14, 15], "text": "Windows 7"}, {"type": "aspect", "offset": [21, 22], "text": "VMWare program"}, {"type": "opinion", "offset": [2], "text": "enjoy"}], "relation": [{"type": "positive", "args": [{"type": "aspect", "offset": [14, 15], "text": "Windows 7"}, {"type": "opinion", "offset": [2], "text": "enjoy"}]}, {"type": "neutral", "args": [{"type": "aspect", "offset": [21, 22], "text": "VMWare program"}, {"type": "opinion", "offset": [2], "text": "enjoy"}]}], "event": [], "spot": ["aspect", "opinion"], "asoc": ["positive", "neutral"], "spot_asoc": [{"span": "enjoy", "label": "opinion", "asoc": []}, {"span": "Windows 7", "label": "aspect", "asoc": [["positive", "enjoy"]]}, {"span": "VMWare program", "label": "aspect", "asoc": [["neutral", "enjoy"]]}]}
{"text": "I wanted to purchase the extended warranty and they refused , because they knew it was trouble .", "tokens": ["I", "wanted", "to", "purchase", "the", "extended", "warranty", "and", "they", "refused", ",", "because", "they", "knew", "it", "was", "trouble", "."], "record": "<extra_id_0> <extra_id_0> aspect <extra_id_5> extended warranty <extra_id_0> neutral <extra_id_5> refused <extra_id_1> <extra_id_1> <extra_id_0> opinion <extra_id_5> refused <extra_id_1> <extra_id_1>", "entity": [{"type": "aspect", "offset": [5, 6], "text": "extended warranty"}, {"type": "opinion", "offset": [9], "text": "refused"}], "relation": [{"type": "neutral", "args": [{"type": "aspect", "offset": [5, 6], "text": "extended warranty"}, {"type": "opinion", "offset": [9], "text": "refused"}]}], "event": [], "spot": ["aspect", "opinion"], "asoc": ["neutral"], "spot_asoc": [{"span": "extended warranty", "label": "aspect", "asoc": [["neutral", "refused"]]}, {"span": "refused", "label": "opinion", "asoc": []}]}
