{"text": "One of my favorites though was the Angry Lobster , a cold lobster salad that was magnificent .", "tokens": ["One", "of", "my", "favorites", "though", "was", "the", "Angry", "Lobster", ",", "a", "cold", "lobster", "salad", "that", "was", "magnificent", "."], "record": "<extra_id_0> <extra_id_0> opinion <extra_id_5> favorites <extra_id_1> <extra_id_0> aspect <extra_id_5> Angry Lobster <extra_id_0> positive <extra_id_5> favorites <extra_id_1> <extra_id_1> <extra_id_0> aspect <extra_id_5> cold lobster salad <extra_id_0> positive <extra_id_5> magnificent <extra_id_1> <extra_id_1> <extra_id_0> opinion <extra_id_5> magnificent <extra_id_1> <extra_id_1>", "entity": [{"type": "aspect", "offset": [7, 8], "text": "Angry Lobster"}, {"type": "aspect", "offset": [11, 12, 13], "text": "cold lobster salad"}, {"type": "opinion", "offset": [3], "text": "favorites"}, {"type": "opinion", "offset": [16], "text": "magnificent"}], "relation": [{"type": "positive", "args": [{"type": "aspect", "offset": [7, 8], "text": "Angry Lobster"}, {"type": "opinion", "offset": [3], "text": "favorites"}]}, {"type": "positive", "args": [{"type": "aspect", "offset": [11, 12, 13], "text": "cold lobster salad"}, {"type": "opinion", "offset": [16], "text": "magnificent"}]}], "event": [], "spot": ["aspect", "opinion"], "asoc": ["positive"], "spot_asoc": [{"span": "favorites", "label": "opinion", "asoc": []}, {"span": "Angry Lobster", "label": "aspect", "asoc": [["positive", "favorites"]]}, {"span": "cold lobster salad", "label": "aspect", "asoc": [["positive", "magnificent"]]}, {"span": "magnificent", "label": "opinion", "asoc": []}]}
{"text": "Salads were fantastic .", "tokens": ["Salads", "were", "fantastic", "."], "record": "<extra_id_0> <extra_id_0> aspect <extra_id_5> Salads <extra_id_0> positive <extra_id_5> fantastic <extra_id_1> <extra_id_1> <extra_id_0> opinion <extra_id_5> fantastic <extra_id_1> <extra_id_1>", "entity": [{"type": "aspect", "offset": [0], "text": "Salads"}, {"type": "opinion", "offset": [2], "text": "fantastic"}], "relation": [{"type": "positive", "args": [{"type": "aspect", "offset": [0], "text": "Salads"}, {"type": "opinion", "offset": [2], "text": "fantastic"}]}], "event": [], "spot": ["aspect", "opinion"], "asoc": ["positive"], "spot_asoc": [{"span": "Salads", "label": "aspect", "asoc": [["positive", "fantastic"]]}, {"span": "fantastic", "label": "opinion", "asoc": []}]}
{"text": "It 's constantly open , catering to the Pakistani cabbies lined up on Crosby St. , so there 's more turnover with the food than you 'd expect ( i.e. , surprisingly fresh ) .", "tokens": ["It", "'s", "constantly", "open", ",", "catering", "to", "the", "Pakistani", "cabbies", "lined", "up", "on", "Crosby", "St.", ",", "so", "there", "'s", "more", "turnover", "with", "the", "food", "than", "you", "'d", "expect", "(", "i.e.", ",", "surprisingly", "fresh", ")", "."], "record": "<extra_id_0> <extra_id_0> aspect <extra_id_5> food <extra_id_0> positive <extra_id_5> surprisingly fresh <extra_id_1> <extra_id_1> <extra_id_0> opinion <extra_id_5> surprisingly fresh <extra_id_1> <extra_id_1>", "entity": [{"type": "aspect", "offset": [23], "text": "food"}, {"type": "opinion", "offset": [31, 32], "text": "surprisingly fresh"}], "relation": [{"type": "positive", "args": [{"type": "aspect", "offset": [23], "text": "food"}, {"type": "opinion", "offset": [31, 32], "text": "surprisingly fresh"}]}], "event": [], "spot": ["aspect", "opinion"], "asoc": ["positive"], "spot_asoc": [{"span": "food", "label": "aspect", "asoc": [["positive", "surprisingly fresh"]]}, {"span": "surprisingly fresh", "label": "opinion", "asoc": []}]}
{"text": "We had a wonderful meal at Naples 45 a month ago on a visit to NYC .", "tokens": ["We", "had", "a", "wonderful", "meal", "at", "Naples", "45", "a", "month", "ago", "on", "a", "visit", "to", "NYC", "."], "record": "<extra_id_0> <extra_id_0> opinion <extra_id_5> wonderful <extra_id_1> <extra_id_0> aspect <extra_id_5> meal <extra_id_0> positive <extra_id_5> wonderful <extra_id_1> <extra_id_1> <extra_id_1>", "entity": [{"type": "aspect", "offset": [4], "text": "meal"}, {"type": "opinion", "offset": [3], "text": "wonderful"}], "relation": [{"type": "positive", "args": [{"type": "aspect", "offset": [4], "text": "meal"}, {"type": "opinion", "offset": [3], "text": "wonderful"}]}], "event": [], "spot": ["aspect", "opinion"], "asoc": ["positive"], "spot_asoc": [{"span": "wonderful", "label": "opinion", "asoc": []}, {"span": "meal", "label": "aspect", "asoc": [["positive", "wonderful"]]}]}
{"text": "THe Pizza and wine were excellent -the service too -- but what really MADE this place was the backyard dining area .", "tokens": ["THe", "Pizza", "and", "wine", "were", "excellent", "-the", "service", "too", "--", "but", "what", "really", "MADE", "this", "place", "was", "the", "backyard", "dining", "area", "."], "record": "<extra_id_0> <extra_id_0> aspect <extra_id_5> Pizza <extra_id_0> positive <extra_id_5> excellent <extra_id_1> <extra_id_1> <extra_id_0> aspect <extra_id_5> wine <extra_id_0> positive <extra_id_5> excellent <extra_id_1> <extra_id_1> <extra_id_0> opinion <extra_id_5> excellent <extra_id_1> <extra_id_0> aspect <extra_id_5> service <extra_id_0> positive <extra_id_5> excellent <extra_id_1> <extra_id_1> <extra_id_1>", "entity": [{"type": "aspect", "offset": [1], "text": "Pizza"}, {"type": "aspect", "offset": [3], "text": "wine"}, {"type": "aspect", "offset": [7], "text": "service"}, {"type": "opinion", "offset": [5], "text": "excellent"}], "relation": [{"type": "positive", "args": [{"type": "aspect", "offset": [1], "text": "Pizza"}, {"type": "opinion", "offset": [5], "text": "excellent"}]}, {"type": "positive", "args": [{"type": "aspect", "offset": [3], "text": "wine"}, {"type": "opinion", "offset": [5], "text": "excellent"}]}, {"type": "positive", "args": [{"type": "aspect", "offset": [7], "text": "service"}, {"type": "opinion", "offset": [5], "text": "excellent"}]}], "event": [], "spot": ["aspect", "opinion"], "asoc": ["positive"], "spot_asoc": [{"span": "Pizza", "label": "aspect", "asoc": [["positive", "excellent"]]}, {"span": "wine", "label": "aspect", "asoc": [["positive", "excellent"]]}, {"span": "excellent", "label": "opinion", "asoc": []}, {"span": "service", "label": "aspect", "asoc": [["positive", "excellent"]]}]}
{"text": "All the appetizers and salads were fabulous , the steak was mouth watering and the pasta was delicious ! ! !", "tokens": ["All", "the", "appetizers", "and", "salads", "were", "fabulous", ",", "the", "steak", "was", "mouth", "watering", "and", "the", "pasta", "was", "delicious", "!", "!", "!"], "record": "<extra_id_0> <extra_id_0> aspect <extra_id_5> appetizers <extra_id_0> positive <extra_id_5> fabulous <extra_id_1> <extra_id_1> <extra_id_0> aspect <extra_id_5> salads <extra_id_0> positive <extra_id_5> fabulous <extra_id_1> <extra_id_1> <extra_id_0> opinion <extra_id_5> fabulous <extra_id_1> <extra_id_0> aspect <extra_id_5> steak <extra_id_0> positive <extra_id_5> watering <extra_id_1> <extra_id_1> <extra_id_0> opinion <extra_id_5> watering <extra_id_1> <extra_id_0> aspect <extra_id_5> pasta <extra_id_0> positive <extra_id_5> delicious <extra_id_1> <extra_id_1> <extra_id_0> opinion <extra_id_5> delicious <extra_id_1> <extra_id_1>", "entity": [{"type": "aspect", "offset": [2], "text": "appetizers"}, {"type": "aspect", "offset": [4], "text": "salads"}, {"type": "aspect", "offset": [9], "text": "steak"}, {"type": "aspect", "offset": [15], "text": "pasta"}, {"type": "opinion", "offset": [6], "text": "fabulous"}, {"type": "opinion", "offset": [12], "text": "watering"}, {"type": "opinion", "offset": [17], "text": "delicious"}], "relation": [{"type": "positive", "args": [{"type": "aspect", "offset": [2], "text": "appetizers"}, {"type": "opinion", "offset": [6], "text": "fabulous"}]}, {"type": "positive", "args": [{"type": "aspect", "offset": [4], "text": "salads"}, {"type": "opinion", "offset": [6], "text": "fabulous"}]}, {"type": "positive", "args": [{"type": "aspect", "offset": [9], "text": "steak"}, {"type": "opinion", "offset": [12], "text": "watering"}]}, {"type": "positive", "args": [{"type": "aspect", "offset": [15], "text": "pasta"}, {"type": "opinion", "offset": [17], "text": "delicious"}]}], "event": [], "spot": ["aspect", "opinion"], "asoc": ["positive"], "spot_asoc": [{"span": "appetizers", "label": "aspect", "asoc": [["positive", "fabulous"]]}, {"span": "salads", "label": "aspect", "asoc": [["positive", "fabulous"]]}, {"span": "fabulous", "label": "opinion", "asoc": []}, {"span": "steak", "label": "aspect", "asoc": [["positive", "watering"]]}, {"span": "watering", "label": "opinion", "asoc": []}, {"span": "pasta", "label": "aspect", "asoc": [["positive", "delicious"]]}, {"span": "delicious", "label": "opinion", "asoc": []}]}
{"text": "Service is top notch .", "tokens": ["Service", "is", "top", "notch", "."], "record": "<extra_id_0> <extra_id_0> aspect <extra_id_5> Service <extra_id_0> positive <extra_id_5> top notch <extra_id_1> <extra_id_1> <extra_id_0> opinion <extra_id_5> top notch <extra_id_1> <extra_id_1>", "entity": [{"type": "aspect", "offset": [0], "text": "Service"}, {"type": "opinion", "offset": [2, 3], "text": "top notch"}], "relation": [{"type": "positive", "args": [{"type": "aspect", "offset": [0], "text": "Service"}, {"type": "opinion", "offset": [2, 3], "text": "top notch"}]}], "event": [], "spot": ["aspect", "opinion"], "asoc": ["positive"], "spot_asoc": [{"span": "Service", "label": "aspect", "asoc": [["positive", "top notch"]]}, {"span": "top notch", "label": "opinion", "asoc": []}]}
{"text": "The establishment scores big points in presentation and style .", "tokens": ["The", "establishment", "scores", "big", "points", "in", "presentation", "and", "style", "."], "record": "<extra_id_0> <extra_id_0> aspect <extra_id_5> establishment <extra_id_0> positive <extra_id_5> scores big points <extra_id_1> <extra_id_1> <extra_id_0> opinion <extra_id_5> scores big points <extra_id_1> <extra_id_1>", "entity": [{"type": "aspect", "offset": [1], "text": "establishment"}, {"type": "opinion", "offset": [2, 3, 4], "text": "scores big points"}], "relation": [{"type": "positive", "args": [{"type": "aspect", "offset": [1], "text": "establishment"}, {"type": "opinion", "offset": [2, 3, 4], "text": "scores big points"}]}], "event": [], "spot": ["aspect", "opinion"], "asoc": ["positive"], "spot_asoc": [{"span": "establishment", "label": "aspect", "asoc": [["positive", "scores big points"]]}, {"span": "scores big points", "label": "opinion", "asoc": []}]}
{"text": "If you have a dumpling fetish i suggest you try some here !", "tokens": ["If", "you", "have", "a", "dumpling", "fetish", "i", "suggest", "you", "try", "some", "here", "!"], "record": "<extra_id_0> <extra_id_0> aspect <extra_id_5> dumpling <extra_id_0> positive <extra_id_5> try <extra_id_1> <extra_id_1> <extra_id_0> opinion <extra_id_5> try <extra_id_1> <extra_id_1>", "entity": [{"type": "aspect", "offset": [4], "text": "dumpling"}, {"type": "opinion", "offset": [9], "text": "try"}], "relation": [{"type": "positive", "args": [{"type": "aspect", "offset": [4], "text": "dumpling"}, {"type": "opinion", "offset": [9], "text": "try"}]}], "event": [], "spot": ["aspect", "opinion"], "asoc": ["positive"], "spot_asoc": [{"span": "dumpling", "label": "aspect", "asoc": [["positive", "try"]]}, {"span": "try", "label": "opinion", "asoc": []}]}
{"text": "I really recommend the very simple Unda ( Egg ) rolls .", "tokens": ["I", "really", "recommend", "the", "very", "simple", "Unda", "(", "Egg", ")", "rolls", "."], "record": "<extra_id_0> <extra_id_0> opinion <extra_id_5> recommend <extra_id_1> <extra_id_0> opinion <extra_id_5> simple <extra_id_1> <extra_id_0> aspect <extra_id_5> Unda ( Egg ) rolls <extra_id_0> positive <extra_id_5> recommend <extra_id_1> <extra_id_0> positive <extra_id_5> simple <extra_id_1> <extra_id_1> <extra_id_1>", "entity": [{"type": "aspect", "offset": [6, 7, 8, 9, 10], "text": "Unda ( Egg ) rolls"}, {"type": "opinion", "offset": [2], "text": "recommend"}, {"type": "opinion", "offset": [5], "text": "simple"}], "relation": [{"type": "positive", "args": [{"type": "aspect", "offset": [6, 7, 8, 9, 10], "text": "Unda ( Egg ) rolls"}, {"type": "opinion", "offset": [2], "text": "recommend"}]}, {"type": "positive", "args": [{"type": "aspect", "offset": [6, 7, 8, 9, 10], "text": "Unda ( Egg ) rolls"}, {"type": "opinion", "offset": [5], "text": "simple"}]}], "event": [], "spot": ["aspect", "opinion"], "asoc": ["positive"], "spot_asoc": [{"span": "recommend", "label": "opinion", "asoc": []}, {"span": "simple", "label": "opinion", "asoc": []}, {"span": "Unda ( Egg ) rolls", "label": "aspect", "asoc": [["positive", "recommend"], ["positive", "simple"]]}]}
{"text": "Service was slow , but the people were friendly .", "tokens": ["Service", "was", "slow", ",", "but", "the", "people", "were", "friendly", "."], "record": "<extra_id_0> <extra_id_0> aspect <extra_id_5> Service <extra_id_0> negative <extra_id_5> slow <extra_id_1> <extra_id_1> <extra_id_0> opinion <extra_id_5> slow <extra_id_1> <extra_id_0> aspect <extra_id_5> people <extra_id_0> positive <extra_id_5> friendly <extra_id_1> <extra_id_1> <extra_id_0> opinion <extra_id_5> friendly <extra_id_1> <extra_id_1>", "entity": [{"type": "aspect", "offset": [0], "text": "Service"}, {"type": "aspect", "offset": [6], "text": "people"}, {"type": "opinion", "offset": [2], "text": "slow"}, {"type": "opinion", "offset": [8], "text": "friendly"}], "relation": [{"type": "negative", "args": [{"type": "aspect", "offset": [0], "text": "Service"}, {"type": "opinion", "offset": [2], "text": "slow"}]}, {"type": "positive", "args": [{"type": "aspect", "offset": [6], "text": "people"}, {"type": "opinion", "offset": [8], "text": "friendly"}]}], "event": [], "spot": ["aspect", "opinion"], "asoc": ["positive", "negative"], "spot_asoc": [{"span": "Service", "label": "aspect", "asoc": [["negative", "slow"]]}, {"span": "slow", "label": "opinion", "asoc": []}, {"span": "people", "label": "aspect", "asoc": [["positive", "friendly"]]}, {"span": "friendly", "label": "opinion", "asoc": []}]}
{"text": "With the exception of our lemon salad that had so much pepper on it that our eyes started watering , the food here was decent , not great .", "tokens": ["With", "the", "exception", "of", "our", "lemon", "salad", "that", "had", "so", "much", "pepper", "on", "it", "that", "our", "eyes", "started", "watering", ",", "the", "food", "here", "was", "decent", ",", "not", "great", "."], "record": "<extra_id_0> <extra_id_0> opinion <extra_id_5> much <extra_id_1> <extra_id_0> aspect <extra_id_5> pepper <extra_id_0> negative <extra_id_5> much <extra_id_1> <extra_id_1> <extra_id_0> aspect <extra_id_5> food <extra_id_0> neutral <extra_id_5> decent <extra_id_1> <extra_id_0> neutral <extra_id_5> not great <extra_id_1> <extra_id_1> <extra_id_0> opinion <extra_id_5> decent <extra_id_1> <extra_id_0> opinion <extra_id_5> not great <extra_id_1> <extra_id_1>", "entity": [{"type": "aspect", "offset": [21], "text": "food"}, {"type": "aspect", "offset": [11], "text": "pepper"}, {"type": "opinion", "offset": [24], "text": "decent"}, {"type": "opinion", "offset": [26, 27], "text": "not great"}, {"type": "opinion", "offset": [10], "text": "much"}], "relation": [{"type": "neutral", "args": [{"type": "aspect", "offset": [21], "text": "food"}, {"type": "opinion", "offset": [24], "text": "decent"}]}, {"type": "neutral", "args": [{"type": "aspect", "offset": [21], "text": "food"}, {"type": "opinion", "offset": [26, 27], "text": "not great"}]}, {"type": "negative", "args": [{"type": "aspect", "offset": [11], "text": "pepper"}, {"type": "opinion", "offset": [10], "text": "much"}]}], "event": [], "spot": ["aspect", "opinion"], "asoc": ["negative", "neutral"], "spot_asoc": [{"span": "much", "label": "opinion", "asoc": []}, {"span": "pepper", "label": "aspect", "asoc": [["negative", "much"]]}, {"span": "food", "label": "aspect", "asoc": [["neutral", "decent"], ["neutral", "not great"]]}, {"span": "decent", "label": "opinion", "asoc": []}, {"span": "not great", "label": "opinion", "asoc": []}]}
{"text": "The food was pretty good , but a little flavorless and the portions very small , including dessert .", "tokens": ["The", "food", "was", "pretty", "good", ",", "but", "a", "little", "flavorless", "and", "the", "portions", "very", "small", ",", "including", "dessert", "."], "record": "<extra_id_0> <extra_id_0> aspect <extra_id_5> portions <extra_id_0> negative <extra_id_5> small <extra_id_1> <extra_id_1> <extra_id_0> opinion <extra_id_5> small <extra_id_1> <extra_id_0> aspect <extra_id_5> dessert <extra_id_0> negative <extra_id_5> small <extra_id_1> <extra_id_1> <extra_id_1>", "entity": [{"type": "aspect", "offset": [17], "text": "dessert"}, {"type": "aspect", "offset": [12], "text": "portions"}, {"type": "opinion", "offset": [14], "text": "small"}], "relation": [{"type": "negative", "args": [{"type": "aspect", "offset": [17], "text": "dessert"}, {"type": "opinion", "offset": [14], "text": "small"}]}, {"type": "negative", "args": [{"type": "aspect", "offset": [12], "text": "portions"}, {"type": "opinion", "offset": [14], "text": "small"}]}], "event": [], "spot": ["aspect", "opinion"], "asoc": ["negative"], "spot_asoc": [{"span": "portions", "label": "aspect", "asoc": [["negative", "small"]]}, {"span": "small", "label": "opinion", "asoc": []}, {"span": "dessert", "label": "aspect", "asoc": [["negative", "small"]]}]}
{"text": "but when we looked at the menu , there were n't a lot of choices , most of them were dumplings in the appetizer section .", "tokens": ["but", "when", "we", "looked", "at", "the", "menu", ",", "there", "were", "n't", "a", "lot", "of", "choices", ",", "most", "of", "them", "were", "dumplings", "in", "the", "appetizer", "section", "."], "record": "<extra_id_0> <extra_id_0> aspect <extra_id_5> menu <extra_id_0> negative <extra_id_5> were n't a lot of choices <extra_id_1> <extra_id_1> <extra_id_0> opinion <extra_id_5> were n't a lot of choices <extra_id_1> <extra_id_1>", "entity": [{"type": "aspect", "offset": [6], "text": "menu"}, {"type": "opinion", "offset": [9, 10, 11, 12, 13, 14], "text": "were n't a lot of choices"}], "relation": [{"type": "negative", "args": [{"type": "aspect", "offset": [6], "text": "menu"}, {"type": "opinion", "offset": [9, 10, 11, 12, 13, 14], "text": "were n't a lot of choices"}]}], "event": [], "spot": ["aspect", "opinion"], "asoc": ["negative"], "spot_asoc": [{"span": "menu", "label": "aspect", "asoc": [["negative", "were n't a lot of choices"]]}, {"span": "were n't a lot of choices", "label": "opinion", "asoc": []}]}
{"text": "The pizza is delicious - they use fresh mozzarella instead of the cheap , frozen , shredded cheese common to most pizzaria 's .", "tokens": ["The", "pizza", "is", "delicious", "-", "they", "use", "fresh", "mozzarella", "instead", "of", "the", "cheap", ",", "frozen", ",", "shredded", "cheese", "common", "to", "most", "pizzaria", "'s", "."], "record": "<extra_id_0> <extra_id_0> aspect <extra_id_5> pizza <extra_id_0> positive <extra_id_5> delicious <extra_id_1> <extra_id_1> <extra_id_0> opinion <extra_id_5> delicious <extra_id_1> <extra_id_0> opinion <extra_id_5> fresh <extra_id_1> <extra_id_0> aspect <extra_id_5> fresh mozzarella <extra_id_0> positive <extra_id_5> fresh <extra_id_1> <extra_id_1> <extra_id_0> opinion <extra_id_5> cheap <extra_id_1> <extra_id_0> opinion <extra_id_5> frozen <extra_id_1> <extra_id_0> opinion <extra_id_5> shredded <extra_id_1> <extra_id_0> aspect <extra_id_5> cheese <extra_id_0> negative <extra_id_5> cheap <extra_id_1> <extra_id_0> negative <extra_id_5> frozen <extra_id_1> <extra_id_0> negative <extra_id_5> shredded <extra_id_1> <extra_id_1> <extra_id_1>", "entity": [{"type": "aspect", "offset": [1], "text": "pizza"}, {"type": "aspect", "offset": [7, 8], "text": "fresh mozzarella"}, {"type": "aspect", "offset": [17], "text": "cheese"}, {"type": "opinion", "offset": [3], "text": "delicious"}, {"type": "opinion", "offset": [7], "text": "fresh"}, {"type": "opinion", "offset": [12], "text": "cheap"}, {"type": "opinion", "offset": [14], "text": "frozen"}, {"type": "opinion", "offset": [16], "text": "shredded"}], "relation": [{"type": "positive", "args": [{"type": "aspect", "offset": [1], "text": "pizza"}, {"type": "opinion", "offset": [3], "text": "delicious"}]}, {"type": "positive", "args": [{"type": "aspect", "offset": [7, 8], "text": "fresh mozzarella"}, {"type": "opinion", "offset": [7], "text": "fresh"}]}, {"type": "negative", "args": [{"type": "aspect", "offset": [17], "text": "cheese"}, {"type": "opinion", "offset": [12], "text": "cheap"}]}, {"type": "negative", "args": [{"type": "aspect", "offset": [17], "text": "cheese"}, {"type": "opinion", "offset": [14], "text": "frozen"}]}, {"type": "negative", "args": [{"type": "aspect", "offset": [17], "text": "cheese"}, {"type": "opinion", "offset": [16], "text": "shredded"}]}], "event": [], "spot": ["aspect", "opinion"], "asoc": ["positive", "negative"], "spot_asoc": [{"span": "pizza", "label": "aspect", "asoc": [["positive", "delicious"]]}, {"span": "delicious", "label": "opinion", "asoc": []}, {"span": "fresh", "label": "opinion", "asoc": []}, {"span": "fresh mozzarella", "label": "aspect", "asoc": [["positive", "fresh"]]}, {"span": "cheap", "label": "opinion", "asoc": []}, {"span": "frozen", "label": "opinion", "asoc": []}, {"span": "shredded", "label": "opinion", "asoc": []}, {"span": "cheese", "label": "aspect", "asoc": [["negative", "cheap"], ["negative", "frozen"], ["negative", "shredded"]]}]}
{"text": "The waiters and owners were nonchalant about this and promised to call the exterminator but were n't as dismayed or apologetic as I would have expected .", "tokens": ["The", "waiters", "and", "owners", "were", "nonchalant", "about", "this", "and", "promised", "to", "call", "the", "exterminator", "but", "were", "n't", "as", "dismayed", "or", "apologetic", "as", "I", "would", "have", "expected", "."], "record": "<extra_id_0> <extra_id_0> aspect <extra_id_5> waiters <extra_id_0> negative <extra_id_5> nonchalant <extra_id_1> <extra_id_1> <extra_id_0> aspect <extra_id_5> owners <extra_id_0> negative <extra_id_5> nonchalant <extra_id_1> <extra_id_1> <extra_id_0> opinion <extra_id_5> nonchalant <extra_id_1> <extra_id_1>", "entity": [{"type": "aspect", "offset": [1], "text": "waiters"}, {"type": "aspect", "offset": [3], "text": "owners"}, {"type": "opinion", "offset": [5], "text": "nonchalant"}], "relation": [{"type": "negative", "args": [{"type": "aspect", "offset": [1], "text": "waiters"}, {"type": "opinion", "offset": [5], "text": "nonchalant"}]}, {"type": "negative", "args": [{"type": "aspect", "offset": [3], "text": "owners"}, {"type": "opinion", "offset": [5], "text": "nonchalant"}]}], "event": [], "spot": ["aspect", "opinion"], "asoc": ["negative"], "spot_asoc": [{"span": "waiters", "label": "aspect", "asoc": [["negative", "nonchalant"]]}, {"span": "owners", "label": "aspect", "asoc": [["negative", "nonchalant"]]}, {"span": "nonchalant", "label": "opinion", "asoc": []}]}
{"text": "Late nite omelletes are not good here , there is no variety !", "tokens": ["Late", "nite", "omelletes", "are", "not", "good", "here", ",", "there", "is", "no", "variety", "!"], "record": "<extra_id_0> <extra_id_0> aspect <extra_id_5> omelletes <extra_id_0> negative <extra_id_5> not good <extra_id_1> <extra_id_1> <extra_id_0> opinion <extra_id_5> not good <extra_id_1> <extra_id_1>", "entity": [{"type": "aspect", "offset": [2], "text": "omelletes"}, {"type": "opinion", "offset": [4, 5], "text": "not good"}], "relation": [{"type": "negative", "args": [{"type": "aspect", "offset": [2], "text": "omelletes"}, {"type": "opinion", "offset": [4, 5], "text": "not good"}]}], "event": [], "spot": ["aspect", "opinion"], "asoc": ["negative"], "spot_asoc": [{"span": "omelletes", "label": "aspect", "asoc": [["negative", "not good"]]}, {"span": "not good", "label": "opinion", "asoc": []}]}
{"text": "Overall a disappointing experience for that price category .", "tokens": ["Overall", "a", "disappointing", "experience", "for", "that", "price", "category", "."], "record": "<extra_id_0> <extra_id_0> opinion <extra_id_5> disappointing <extra_id_1> <extra_id_0> aspect <extra_id_5> price <extra_id_0> negative <extra_id_5> disappointing <extra_id_1> <extra_id_1> <extra_id_1>", "entity": [{"type": "aspect", "offset": [6], "text": "price"}, {"type": "opinion", "offset": [2], "text": "disappointing"}], "relation": [{"type": "negative", "args": [{"type": "aspect", "offset": [6], "text": "price"}, {"type": "opinion", "offset": [2], "text": "disappointing"}]}], "event": [], "spot": ["aspect", "opinion"], "asoc": ["negative"], "spot_asoc": [{"span": "disappointing", "label": "opinion", "asoc": []}, {"span": "price", "label": "aspect", "asoc": [["negative", "disappointing"]]}]}
{"text": "They came out over cooked and the cheese was almost non existant .", "tokens": ["They", "came", "out", "over", "cooked", "and", "the", "cheese", "was", "almost", "non", "existant", "."], "record": "<extra_id_0> <extra_id_0> aspect <extra_id_5> cheese <extra_id_0> negative <extra_id_5> non existant <extra_id_1> <extra_id_1> <extra_id_0> opinion <extra_id_5> non existant <extra_id_1> <extra_id_1>", "entity": [{"type": "aspect", "offset": [7], "text": "cheese"}, {"type": "opinion", "offset": [10, 11], "text": "non existant"}], "relation": [{"type": "negative", "args": [{"type": "aspect", "offset": [7], "text": "cheese"}, {"type": "opinion", "offset": [10, 11], "text": "non existant"}]}], "event": [], "spot": ["aspect", "opinion"], "asoc": ["negative"], "spot_asoc": [{"span": "cheese", "label": "aspect", "asoc": [["negative", "non existant"]]}, {"span": "non existant", "label": "opinion", "asoc": []}]}
{"text": "The seats are uncomfortable if you are sitting against the wall on wooden benches .", "tokens": ["The", "seats", "are", "uncomfortable", "if", "you", "are", "sitting", "against", "the", "wall", "on", "wooden", "benches", "."], "record": "<extra_id_0> <extra_id_0> aspect <extra_id_5> seats <extra_id_0> negative <extra_id_5> uncomfortable <extra_id_1> <extra_id_1> <extra_id_0> opinion <extra_id_5> uncomfortable <extra_id_1> <extra_id_1>", "entity": [{"type": "aspect", "offset": [1], "text": "seats"}, {"type": "opinion", "offset": [3], "text": "uncomfortable"}], "relation": [{"type": "negative", "args": [{"type": "aspect", "offset": [1], "text": "seats"}, {"type": "opinion", "offset": [3], "text": "uncomfortable"}]}], "event": [], "spot": ["aspect", "opinion"], "asoc": ["negative"], "spot_asoc": [{"span": "seats", "label": "aspect", "asoc": [["negative", "uncomfortable"]]}, {"span": "uncomfortable", "label": "opinion", "asoc": []}]}
{"text": "However , service was as plain as sesame crusted Salmon I had .", "tokens": ["However", ",", "service", "was", "as", "plain", "as", "sesame", "crusted", "Salmon", "I", "had", "."], "record": "<extra_id_0> <extra_id_0> aspect <extra_id_5> service <extra_id_0> neutral <extra_id_5> plain <extra_id_1> <extra_id_1> <extra_id_0> opinion <extra_id_5> plain <extra_id_1> <extra_id_0> aspect <extra_id_5> sesame crusted Salmon <extra_id_0> neutral <extra_id_5> plain <extra_id_1> <extra_id_1> <extra_id_1>", "entity": [{"type": "aspect", "offset": [2], "text": "service"}, {"type": "aspect", "offset": [7, 8, 9], "text": "sesame crusted Salmon"}, {"type": "opinion", "offset": [5], "text": "plain"}], "relation": [{"type": "neutral", "args": [{"type": "aspect", "offset": [2], "text": "service"}, {"type": "opinion", "offset": [5], "text": "plain"}]}, {"type": "neutral", "args": [{"type": "aspect", "offset": [7, 8, 9], "text": "sesame crusted Salmon"}, {"type": "opinion", "offset": [5], "text": "plain"}]}], "event": [], "spot": ["aspect", "opinion"], "asoc": ["neutral"], "spot_asoc": [{"span": "service", "label": "aspect", "asoc": [["neutral", "plain"]]}, {"span": "plain", "label": "opinion", "asoc": []}, {"span": "sesame crusted Salmon", "label": "aspect", "asoc": [["neutral", "plain"]]}]}
{"text": "We go on Mondays for the prix fixe and our experience with the food has been comparable to Blue Ribbon .", "tokens": ["We", "go", "on", "Mondays", "for", "the", "prix", "fixe", "and", "our", "experience", "with", "the", "food", "has", "been", "comparable", "to", "Blue", "Ribbon", "."], "record": "<extra_id_0> <extra_id_0> aspect <extra_id_5> food <extra_id_0> neutral <extra_id_5> comparable <extra_id_1> <extra_id_1> <extra_id_0> opinion <extra_id_5> comparable <extra_id_1> <extra_id_1>", "entity": [{"type": "aspect", "offset": [13], "text": "food"}, {"type": "opinion", "offset": [16], "text": "comparable"}], "relation": [{"type": "neutral", "args": [{"type": "aspect", "offset": [13], "text": "food"}, {"type": "opinion", "offset": [16], "text": "comparable"}]}], "event": [], "spot": ["aspect", "opinion"], "asoc": ["neutral"], "spot_asoc": [{"span": "food", "label": "aspect", "asoc": [["neutral", "comparable"]]}, {"span": "comparable", "label": "opinion", "asoc": []}]}
{"text": "The table next to us asked if he crushed the grapes himself when their long overdue bottle of wine finally arrived .", "tokens": ["The", "table", "next", "to", "us", "asked", "if", "he", "crushed", "the", "grapes", "himself", "when", "their", "long", "overdue", "bottle", "of", "wine", "finally", "arrived", "."], "record": "<extra_id_0> <extra_id_0> opinion <extra_id_5> long overdue <extra_id_1> <extra_id_0> aspect <extra_id_5> bottle of wine <extra_id_0> neutral <extra_id_5> long overdue <extra_id_1> <extra_id_1> <extra_id_1>", "entity": [{"type": "aspect", "offset": [16, 17, 18], "text": "bottle of wine"}, {"type": "opinion", "offset": [14, 15], "text": "long overdue"}], "relation": [{"type": "neutral", "args": [{"type": "aspect", "offset": [16, 17, 18], "text": "bottle of wine"}, {"type": "opinion", "offset": [14, 15], "text": "long overdue"}]}], "event": [], "spot": ["aspect", "opinion"], "asoc": ["neutral"], "spot_asoc": [{"span": "long overdue", "label": "opinion", "asoc": []}, {"span": "bottle of wine", "label": "aspect", "asoc": [["neutral", "long overdue"]]}]}
{"text": "Stick to dimsum , not super overpriced noodles .", "tokens": ["Stick", "to", "dimsum", ",", "not", "super", "overpriced", "noodles", "."], "record": "<extra_id_0> <extra_id_0> opinion <extra_id_5> not super overpriced <extra_id_1> <extra_id_0> aspect <extra_id_5> noodles <extra_id_0> neutral <extra_id_5> not super overpriced <extra_id_1> <extra_id_1> <extra_id_1>", "entity": [{"type": "aspect", "offset": [7], "text": "noodles"}, {"type": "opinion", "offset": [4, 5, 6], "text": "not super overpriced"}], "relation": [{"type": "neutral", "args": [{"type": "aspect", "offset": [7], "text": "noodles"}, {"type": "opinion", "offset": [4, 5, 6], "text": "not super overpriced"}]}], "event": [], "spot": ["aspect", "opinion"], "asoc": ["neutral"], "spot_asoc": [{"span": "not super overpriced", "label": "opinion", "asoc": []}, {"span": "noodles", "label": "aspect", "asoc": [["neutral", "not super overpriced"]]}]}
{"text": "Great wine selection , Gigondas is worth the price , and the house champagne is a great value .", "tokens": ["Great", "wine", "selection", ",", "Gigondas", "is", "worth", "the", "price", ",", "and", "the", "house", "champagne", "is", "a", "great", "value", "."], "record": "<extra_id_0> <extra_id_0> opinion <extra_id_5> Great <extra_id_1> <extra_id_0> aspect <extra_id_5> wine selection <extra_id_0> positive <extra_id_5> Great <extra_id_1> <extra_id_1> <extra_id_0> aspect <extra_id_5> Gigondas <extra_id_0> positive <extra_id_5> worth the price <extra_id_1> <extra_id_1> <extra_id_0> opinion <extra_id_5> worth <extra_id_1> <extra_id_0> opinion <extra_id_5> worth the price <extra_id_1> <extra_id_0> aspect <extra_id_5> price <extra_id_0> neutral <extra_id_5> worth <extra_id_1> <extra_id_1> <extra_id_0> aspect <extra_id_5> house champagne <extra_id_0> positive <extra_id_5> great value <extra_id_1> <extra_id_1> <extra_id_0> opinion <extra_id_5> great value <extra_id_1> <extra_id_1>", "entity": [{"type": "aspect", "offset": [1, 2], "text": "wine selection"}, {"type": "aspect", "offset": [4], "text": "Gigondas"}, {"type": "aspect", "offset": [12, 13], "text": "house champagne"}, {"type": "aspect", "offset": [8], "text": "price"}, {"type": "opinion", "offset": [0], "text": "Great"}, {"type": "opinion", "offset": [6, 7, 8], "text": "worth the price"}, {"type": "opinion", "offset": [16, 17], "text": "great value"}, {"type": "opinion", "offset": [6], "text": "worth"}], "relation": [{"type": "positive", "args": [{"type": "aspect", "offset": [1, 2], "text": "wine selection"}, {"type": "opinion", "offset": [0], "text": "Great"}]}, {"type": "positive", "args": [{"type": "aspect", "offset": [4], "text": "Gigondas"}, {"type": "opinion", "offset": [6, 7, 8], "text": "worth the price"}]}, {"type": "positive", "args": [{"type": "aspect", "offset": [12, 13], "text": "house champagne"}, {"type": "opinion", "offset": [16, 17], "text": "great value"}]}, {"type": "neutral", "args": [{"type": "aspect", "offset": [8], "text": "price"}, {"type": "opinion", "offset": [6], "text": "worth"}]}], "event": [], "spot": ["aspect", "opinion"], "asoc": ["positive", "neutral"], "spot_asoc": [{"span": "Great", "label": "opinion", "asoc": []}, {"span": "wine selection", "label": "aspect", "asoc": [["positive", "Great"]]}, {"span": "Gigondas", "label": "aspect", "asoc": [["positive", "worth the price"]]}, {"span": "worth", "label": "opinion", "asoc": []}, {"span": "worth the price", "label": "opinion", "asoc": []}, {"span": "price", "label": "aspect", "asoc": [["neutral", "worth"]]}, {"span": "house champagne", "label": "aspect", "asoc": [["positive", "great value"]]}, {"span": "great value", "label": "opinion", "asoc": []}]}
{"text": "The food was so-so .", "tokens": ["The", "food", "was", "so-so", "."], "record": "<extra_id_0> <extra_id_0> aspect <extra_id_5> food <extra_id_0> neutral <extra_id_5> so-so <extra_id_1> <extra_id_1> <extra_id_0> opinion <extra_id_5> so-so <extra_id_1> <extra_id_1>", "entity": [{"type": "aspect", "offset": [1], "text": "food"}, {"type": "opinion", "offset": [3], "text": "so-so"}], "relation": [{"type": "neutral", "args": [{"type": "aspect", "offset": [1], "text": "food"}, {"type": "opinion", "offset": [3], "text": "so-so"}]}], "event": [], "spot": ["aspect", "opinion"], "asoc": ["neutral"], "spot_asoc": [{"span": "food", "label": "aspect", "asoc": [["neutral", "so-so"]]}, {"span": "so-so", "label": "opinion", "asoc": []}]}
{"text": "You will pay a lot for the decore , but the food is no better or worse than a lot of other Chinese and Asian fusion places in NY .", "tokens": ["You", "will", "pay", "a", "lot", "for", "the", "decore", ",", "but", "the", "food", "is", "no", "better", "or", "worse", "than", "a", "lot", "of", "other", "Chinese", "and", "Asian", "fusion", "places", "in", "NY", "."], "record": "<extra_id_0> <extra_id_0> opinion <extra_id_5> pay a lot <extra_id_1> <extra_id_0> aspect <extra_id_5> decore <extra_id_0> negative <extra_id_5> pay a lot <extra_id_1> <extra_id_1> <extra_id_0> aspect <extra_id_5> food <extra_id_0> neutral <extra_id_5> no better or worse <extra_id_1> <extra_id_1> <extra_id_0> opinion <extra_id_5> no better or worse <extra_id_1> <extra_id_1>", "entity": [{"type": "aspect", "offset": [7], "text": "decore"}, {"type": "aspect", "offset": [11], "text": "food"}, {"type": "opinion", "offset": [2, 3, 4], "text": "pay a lot"}, {"type": "opinion", "offset": [13, 14, 15, 16], "text": "no better or worse"}], "relation": [{"type": "negative", "args": [{"type": "aspect", "offset": [7], "text": "decore"}, {"type": "opinion", "offset": [2, 3, 4], "text": "pay a lot"}]}, {"type": "neutral", "args": [{"type": "aspect", "offset": [11], "text": "food"}, {"type": "opinion", "offset": [13, 14, 15, 16], "text": "no better or worse"}]}], "event": [], "spot": ["aspect", "opinion"], "asoc": ["neutral", "negative"], "spot_asoc": [{"span": "pay a lot", "label": "opinion", "asoc": []}, {"span": "decore", "label": "aspect", "asoc": [["negative", "pay a lot"]]}, {"span": "food", "label": "aspect", "asoc": [["neutral", "no better or worse"]]}, {"span": "no better or worse", "label": "opinion", "asoc": []}]}
{"text": "The location and ambience is Ok but the food is what makes up for it .", "tokens": ["The", "location", "and", "ambience", "is", "Ok", "but", "the", "food", "is", "what", "makes", "up", "for", "it", "."], "record": "<extra_id_0> <extra_id_0> aspect <extra_id_5> location <extra_id_0> neutral <extra_id_5> Ok <extra_id_1> <extra_id_1> <extra_id_0> aspect <extra_id_5> ambience <extra_id_0> neutral <extra_id_5> Ok <extra_id_1> <extra_id_1> <extra_id_0> opinion <extra_id_5> Ok <extra_id_1> <extra_id_0> aspect <extra_id_5> food <extra_id_0> positive <extra_id_5> makes up <extra_id_1> <extra_id_1> <extra_id_0> opinion <extra_id_5> makes up <extra_id_1> <extra_id_1>", "entity": [{"type": "aspect", "offset": [1], "text": "location"}, {"type": "aspect", "offset": [3], "text": "ambience"}, {"type": "aspect", "offset": [8], "text": "food"}, {"type": "opinion", "offset": [5], "text": "Ok"}, {"type": "opinion", "offset": [11, 12], "text": "makes up"}], "relation": [{"type": "neutral", "args": [{"type": "aspect", "offset": [1], "text": "location"}, {"type": "opinion", "offset": [5], "text": "Ok"}]}, {"type": "neutral", "args": [{"type": "aspect", "offset": [3], "text": "ambience"}, {"type": "opinion", "offset": [5], "text": "Ok"}]}, {"type": "positive", "args": [{"type": "aspect", "offset": [8], "text": "food"}, {"type": "opinion", "offset": [11, 12], "text": "makes up"}]}], "event": [], "spot": ["aspect", "opinion"], "asoc": ["positive", "neutral"], "spot_asoc": [{"span": "location", "label": "aspect", "asoc": [["neutral", "Ok"]]}, {"span": "ambience", "label": "aspect", "asoc": [["neutral", "Ok"]]}, {"span": "Ok", "label": "opinion", "asoc": []}, {"span": "food", "label": "aspect", "asoc": [["positive", "makes up"]]}, {"span": "makes up", "label": "opinion", "asoc": []}]}
{"text": "Also a little more expensive than your average bagel place .", "tokens": ["Also", "a", "little", "more", "expensive", "than", "your", "average", "bagel", "place", "."], "record": "<extra_id_0> <extra_id_0> opinion <extra_id_5> expensive <extra_id_1> <extra_id_0> aspect <extra_id_5> bagel <extra_id_0> neutral <extra_id_5> expensive <extra_id_1> <extra_id_1> <extra_id_1>", "entity": [{"type": "aspect", "offset": [8], "text": "bagel"}, {"type": "opinion", "offset": [4], "text": "expensive"}], "relation": [{"type": "neutral", "args": [{"type": "aspect", "offset": [8], "text": "bagel"}, {"type": "opinion", "offset": [4], "text": "expensive"}]}], "event": [], "spot": ["aspect", "opinion"], "asoc": ["neutral"], "spot_asoc": [{"span": "expensive", "label": "opinion", "asoc": []}, {"span": "bagel", "label": "aspect", "asoc": [["neutral", "expensive"]]}]}
{"text": "The wine selection ( by the glass and bottle ) is wonderful and I always recommend that friends make a reservation if they 're going to be in town .", "tokens": ["The", "wine", "selection", "(", "by", "the", "glass", "and", "bottle", ")", "is", "wonderful", "and", "I", "always", "recommend", "that", "friends", "make", "a", "reservation", "if", "they", "'re", "going", "to", "be", "in", "town", "."], "record": "<extra_id_0> <extra_id_0> aspect <extra_id_5> wine selection <extra_id_0> positive <extra_id_5> wonderful <extra_id_1> <extra_id_1> <extra_id_0> opinion <extra_id_5> wonderful <extra_id_1> <extra_id_0> opinion <extra_id_5> recommend <extra_id_1> <extra_id_0> aspect <extra_id_5> reservation <extra_id_0> neutral <extra_id_5> recommend <extra_id_1> <extra_id_1> <extra_id_1>", "entity": [{"type": "aspect", "offset": [1, 2], "text": "wine selection"}, {"type": "aspect", "offset": [20], "text": "reservation"}, {"type": "opinion", "offset": [11], "text": "wonderful"}, {"type": "opinion", "offset": [15], "text": "recommend"}], "relation": [{"type": "positive", "args": [{"type": "aspect", "offset": [1, 2], "text": "wine selection"}, {"type": "opinion", "offset": [11], "text": "wonderful"}]}, {"type": "neutral", "args": [{"type": "aspect", "offset": [20], "text": "reservation"}, {"type": "opinion", "offset": [15], "text": "recommend"}]}], "event": [], "spot": ["aspect", "opinion"], "asoc": ["positive", "neutral"], "spot_asoc": [{"span": "wine selection", "label": "aspect", "asoc": [["positive", "wonderful"]]}, {"span": "wonderful", "label": "opinion", "asoc": []}, {"span": "recommend", "label": "opinion", "asoc": []}, {"span": "reservation", "label": "aspect", "asoc": [["neutral", "recommend"]]}]}
