{"text": "wonderful features .", "tokens": ["wonderful", "features", "."], "record": "<extra_id_0> <extra_id_0> opinion <extra_id_5> wonderful <extra_id_1> <extra_id_0> aspect <extra_id_5> features <extra_id_0> positive <extra_id_5> wonderful <extra_id_1> <extra_id_1> <extra_id_1>", "entity": [{"type": "aspect", "offset": [1], "text": "features"}, {"type": "opinion", "offset": [0], "text": "wonderful"}], "relation": [{"type": "positive", "args": [{"type": "aspect", "offset": [1], "text": "features"}, {"type": "opinion", "offset": [0], "text": "wonderful"}]}], "event": [], "spot": ["aspect", "opinion"], "asoc": ["positive"], "spot_asoc": [{"span": "wonderful", "label": "opinion", "asoc": []}, {"span": "features", "label": "aspect", "asoc": [["positive", "wonderful"]]}]}
{"text": "overall i would recomend this to anybody and tell them that if they want to burn their music or play there video games to buy the cd drive .", "tokens": ["overall", "i", "would", "recomend", "this", "to", "anybody", "and", "tell", "them", "that", "if", "they", "want", "to", "burn", "their", "music", "or", "play", "there", "video", "games", "to", "buy", "the", "cd", "drive", "."], "record": "<extra_id_0> <extra_id_0> opinion <extra_id_5> recomend <extra_id_1> <extra_id_0> aspect <extra_id_5> cd drive <extra_id_0> neutral <extra_id_5> recomend <extra_id_1> <extra_id_1> <extra_id_1>", "entity": [{"type": "aspect", "offset": [26, 27], "text": "cd drive"}, {"type": "opinion", "offset": [3], "text": "recomend"}], "relation": [{"type": "neutral", "args": [{"type": "aspect", "offset": [26, 27], "text": "cd drive"}, {"type": "opinion", "offset": [3], "text": "recomend"}]}], "event": [], "spot": ["aspect", "opinion"], "asoc": ["neutral"], "spot_asoc": [{"span": "recomend", "label": "opinion", "asoc": []}, {"span": "cd drive", "label": "aspect", "asoc": [["neutral", "recomend"]]}]}
{"text": "I regret buying it before understanding how awful it is to use .", "tokens": ["I", "regret", "buying", "it", "before", "understanding", "how", "awful", "it", "is", "to", "use", "."], "record": "<extra_id_0> <extra_id_0> opinion <extra_id_5> awful <extra_id_1> <extra_id_0> aspect <extra_id_5> use <extra_id_0> negative <extra_id_5> awful <extra_id_1> <extra_id_1> <extra_id_1>", "entity": [{"type": "aspect", "offset": [11], "text": "use"}, {"type": "opinion", "offset": [7], "text": "awful"}], "relation": [{"type": "negative", "args": [{"type": "aspect", "offset": [11], "text": "use"}, {"type": "opinion", "offset": [7], "text": "awful"}]}], "event": [], "spot": ["aspect", "opinion"], "asoc": ["negative"], "spot_asoc": [{"span": "awful", "label": "opinion", "asoc": []}, {"span": "use", "label": "aspect", "asoc": [["negative", "awful"]]}]}
