{"text": "Yes , a Mac is much more money than the average laptop out there , but there is no comparison in style , speed and just cool factor .", "tokens": ["Yes", ",", "a", "Mac", "is", "much", "more", "money", "than", "the", "average", "laptop", "out", "there", ",", "but", "there", "is", "no", "comparison", "in", "style", ",", "speed", "and", "just", "cool", "factor", "."], "record": "<extra_id_0> <extra_id_0> opinion <extra_id_5> no comparison <extra_id_1> <extra_id_0> aspect <extra_id_5> style <extra_id_0> positive <extra_id_5> no comparison <extra_id_1> <extra_id_1> <extra_id_0> aspect <extra_id_5> speed <extra_id_0> positive <extra_id_5> no comparison <extra_id_1> <extra_id_1> <extra_id_1>", "entity": [{"type": "aspect", "offset": [21], "text": "style"}, {"type": "aspect", "offset": [23], "text": "speed"}, {"type": "opinion", "offset": [18, 19], "text": "no comparison"}], "relation": [{"type": "positive", "args": [{"type": "aspect", "offset": [21], "text": "style"}, {"type": "opinion", "offset": [18, 19], "text": "no comparison"}]}, {"type": "positive", "args": [{"type": "aspect", "offset": [23], "text": "speed"}, {"type": "opinion", "offset": [18, 19], "text": "no comparison"}]}], "event": [], "spot": ["aspect", "opinion"], "asoc": ["positive"], "spot_asoc": [{"span": "no comparison", "label": "opinion", "asoc": []}, {"span": "style", "label": "aspect", "asoc": [["positive", "no comparison"]]}, {"span": "speed", "label": "aspect", "asoc": [["positive", "no comparison"]]}]}
{"text": "They replaced my hard drive as well as my mother board .", "tokens": ["They", "replaced", "my", "hard", "drive", "as", "well", "as", "my", "mother", "board", "."], "record": "<extra_id_0> <extra_id_0> opinion <extra_id_5> replaced <extra_id_1> <extra_id_0> aspect <extra_id_5> hard drive <extra_id_0> neutral <extra_id_5> replaced <extra_id_1> <extra_id_1> <extra_id_0> aspect <extra_id_5> mother board <extra_id_0> neutral <extra_id_5> replaced <extra_id_1> <extra_id_1> <extra_id_1>", "entity": [{"type": "aspect", "offset": [3, 4], "text": "hard drive"}, {"type": "aspect", "offset": [9, 10], "text": "mother board"}, {"type": "opinion", "offset": [1], "text": "replaced"}], "relation": [{"type": "neutral", "args": [{"type": "aspect", "offset": [3, 4], "text": "hard drive"}, {"type": "opinion", "offset": [1], "text": "replaced"}]}, {"type": "neutral", "args": [{"type": "aspect", "offset": [9, 10], "text": "mother board"}, {"type": "opinion", "offset": [1], "text": "replaced"}]}], "event": [], "spot": ["aspect", "opinion"], "asoc": ["neutral"], "spot_asoc": [{"span": "replaced", "label": "opinion", "asoc": []}, {"span": "hard drive", "label": "aspect", "asoc": [["neutral", "replaced"]]}, {"span": "mother board", "label": "aspect", "asoc": [["neutral", "replaced"]]}]}
{"text": "This is my first Dell I heard their customer service was lacking and that they were working on improving it !", "tokens": ["This", "is", "my", "first", "Dell", "I", "heard", "their", "customer", "service", "was", "lacking", "and", "that", "they", "were", "working", "on", "improving", "it", "!"], "record": "<extra_id_0> <extra_id_0> aspect <extra_id_5> customer service <extra_id_0> negative <extra_id_5> lacking <extra_id_1> <extra_id_1> <extra_id_0> opinion <extra_id_5> lacking <extra_id_1> <extra_id_1>", "entity": [{"type": "aspect", "offset": [8, 9], "text": "customer service"}, {"type": "opinion", "offset": [11], "text": "lacking"}], "relation": [{"type": "negative", "args": [{"type": "aspect", "offset": [8, 9], "text": "customer service"}, {"type": "opinion", "offset": [11], "text": "lacking"}]}], "event": [], "spot": ["aspect", "opinion"], "asoc": ["negative"], "spot_asoc": [{"span": "customer service", "label": "aspect", "asoc": [["negative", "lacking"]]}, {"span": "lacking", "label": "opinion", "asoc": []}]}
