{"text": "One of my favorites though was the Angry Lobster , a cold lobster salad that was magnificent .", "tokens": ["One", "of", "my", "favorites", "though", "was", "the", "Angry", "Lobster", ",", "a", "cold", "lobster", "salad", "that", "was", "magnificent", "."], "record": "<extra_id_0> <extra_id_0> opinion <extra_id_5> favorites <extra_id_1> <extra_id_0> aspect <extra_id_5> Angry Lobster <extra_id_0> positive <extra_id_5> favorites <extra_id_1> <extra_id_1> <extra_id_0> aspect <extra_id_5> cold lobster salad <extra_id_0> positive <extra_id_5> magnificent <extra_id_1> <extra_id_1> <extra_id_0> opinion <extra_id_5> magnificent <extra_id_1> <extra_id_1>", "entity": [{"type": "aspect", "offset": [7, 8], "text": "Angry Lobster"}, {"type": "aspect", "offset": [11, 12, 13], "text": "cold lobster salad"}, {"type": "opinion", "offset": [3], "text": "favorites"}, {"type": "opinion", "offset": [16], "text": "magnificent"}], "relation": [{"type": "positive", "args": [{"type": "aspect", "offset": [7, 8], "text": "Angry Lobster"}, {"type": "opinion", "offset": [3], "text": "favorites"}]}, {"type": "positive", "args": [{"type": "aspect", "offset": [11, 12, 13], "text": "cold lobster salad"}, {"type": "opinion", "offset": [16], "text": "magnificent"}]}], "event": [], "spot": ["aspect", "opinion"], "asoc": ["positive"], "spot_asoc": [{"span": "favorites", "label": "opinion", "asoc": []}, {"span": "Angry Lobster", "label": "aspect", "asoc": [["positive", "favorites"]]}, {"span": "cold lobster salad", "label": "aspect", "asoc": [["positive", "magnificent"]]}, {"span": "magnificent", "label": "opinion", "asoc": []}]}
{"text": "Salads were fantastic .", "tokens": ["Salads", "were", "fantastic", "."], "record": "<extra_id_0> <extra_id_0> aspect <extra_id_5> Salads <extra_id_0> positive <extra_id_5> fantastic <extra_id_1> <extra_id_1> <extra_id_0> opinion <extra_id_5> fantastic <extra_id_1> <extra_id_1>", "entity": [{"type": "aspect", "offset": [0], "text": "Salads"}, {"type": "opinion", "offset": [2], "text": "fantastic"}], "relation": [{"type": "positive", "args": [{"type": "aspect", "offset": [0], "text": "Salads"}, {"type": "opinion", "offset": [2], "text": "fantastic"}]}], "event": [], "spot": ["aspect", "opinion"], "asoc": ["positive"], "spot_asoc": [{"span": "Salads", "label": "aspect", "asoc": [["positive", "fantastic"]]}, {"span": "fantastic", "label": "opinion", "asoc": []}]}
{"text": "It 's constantly open , catering to the Pakistani cabbies lined up on Crosby St. , so there 's more turnover with the food than you 'd expect ( i.e. , surprisingly fresh ) .", "tokens": ["It", "'s", "constantly", "open", ",", "catering", "to", "the", "Pakistani", "cabbies", "lined", "up", "on", "Crosby", "St.", ",", "so", "there", "'s", "more", "turnover", "with", "the", "food", "than", "you", "'d", "expect", "(", "i.e.", ",", "surprisingly", "fresh", ")", "."], "record": "<extra_id_0> <extra_id_0> aspect <extra_id_5> food <extra_id_0> positive <extra_id_5> surprisingly fresh <extra_id_1> <extra_id_1> <extra_id_0> opinion <extra_id_5> surprisingly fresh <extra_id_1> <extra_id_1>", "entity": [{"type": "aspect", "offset": [23], "text": "food"}, {"type": "opinion", "offset": [31, 32], "text": "surprisingly fresh"}], "relation": [{"type": "positive", "args": [{"type": "aspect", "offset": [23], "text": "food"}, {"type": "opinion", "offset": [31, 32], "text": "surprisingly fresh"}]}], "event": [], "spot": ["aspect", "opinion"], "asoc": ["positive"], "spot_asoc": [{"span": "food", "label": "aspect", "asoc": [["positive", "surprisingly fresh"]]}, {"span": "surprisingly fresh", "label": "opinion", "asoc": []}]}
{"text": "We had a wonderful meal at Naples 45 a month ago on a visit to NYC .", "tokens": ["We", "had", "a", "wonderful", "meal", "at", "Naples", "45", "a", "month", "ago", "on", "a", "visit", "to", "NYC", "."], "record": "<extra_id_0> <extra_id_0> opinion <extra_id_5> wonderful <extra_id_1> <extra_id_0> aspect <extra_id_5> meal <extra_id_0> positive <extra_id_5> wonderful <extra_id_1> <extra_id_1> <extra_id_1>", "entity": [{"type": "aspect", "offset": [4], "text": "meal"}, {"type": "opinion", "offset": [3], "text": "wonderful"}], "relation": [{"type": "positive", "args": [{"type": "aspect", "offset": [4], "text": "meal"}, {"type": "opinion", "offset": [3], "text": "wonderful"}]}], "event": [], "spot": ["aspect", "opinion"], "asoc": ["positive"], "spot_asoc": [{"span": "wonderful", "label": "opinion", "asoc": []}, {"span": "meal", "label": "aspect", "asoc": [["positive", "wonderful"]]}]}
{"text": "THe Pizza and wine were excellent -the service too -- but what really MADE this place was the backyard dining area .", "tokens": ["THe", "Pizza", "and", "wine", "were", "excellent", "-the", "service", "too", "--", "but", "what", "really", "MADE", "this", "place", "was", "the", "backyard", "dining", "area", "."], "record": "<extra_id_0> <extra_id_0> aspect <extra_id_5> Pizza <extra_id_0> positive <extra_id_5> excellent <extra_id_1> <extra_id_1> <extra_id_0> aspect <extra_id_5> wine <extra_id_0> positive <extra_id_5> excellent <extra_id_1> <extra_id_1> <extra_id_0> opinion <extra_id_5> excellent <extra_id_1> <extra_id_0> aspect <extra_id_5> service <extra_id_0> positive <extra_id_5> excellent <extra_id_1> <extra_id_1> <extra_id_1>", "entity": [{"type": "aspect", "offset": [1], "text": "Pizza"}, {"type": "aspect", "offset": [3], "text": "wine"}, {"type": "aspect", "offset": [7], "text": "service"}, {"type": "opinion", "offset": [5], "text": "excellent"}], "relation": [{"type": "positive", "args": [{"type": "aspect", "offset": [1], "text": "Pizza"}, {"type": "opinion", "offset": [5], "text": "excellent"}]}, {"type": "positive", "args": [{"type": "aspect", "offset": [3], "text": "wine"}, {"type": "opinion", "offset": [5], "text": "excellent"}]}, {"type": "positive", "args": [{"type": "aspect", "offset": [7], "text": "service"}, {"type": "opinion", "offset": [5], "text": "excellent"}]}], "event": [], "spot": ["aspect", "opinion"], "asoc": ["positive"], "spot_asoc": [{"span": "Pizza", "label": "aspect", "asoc": [["positive", "excellent"]]}, {"span": "wine", "label": "aspect", "asoc": [["positive", "excellent"]]}, {"span": "excellent", "label": "opinion", "asoc": []}, {"span": "service", "label": "aspect", "asoc": [["positive", "excellent"]]}]}
{"text": "It was so bad I actually refused to pay for my food .", "tokens": ["It", "was", "so", "bad", "I", "actually", "refused", "to", "pay", "for", "my", "food", "."], "record": "<extra_id_0> <extra_id_0> opinion <extra_id_5> bad <extra_id_1> <extra_id_0> aspect <extra_id_5> food <extra_id_0> negative <extra_id_5> bad <extra_id_1> <extra_id_1> <extra_id_1>", "entity": [{"type": "aspect", "offset": [11], "text": "food"}, {"type": "opinion", "offset": [3], "text": "bad"}], "relation": [{"type": "negative", "args": [{"type": "aspect", "offset": [11], "text": "food"}, {"type": "opinion", "offset": [3], "text": "bad"}]}], "event": [], "spot": ["aspect", "opinion"], "asoc": ["negative"], "spot_asoc": [{"span": "bad", "label": "opinion", "asoc": []}, {"span": "food", "label": "aspect", "asoc": [["negative", "bad"]]}]}
{"text": "Service was slow , but the people were friendly .", "tokens": ["Service", "was", "slow", ",", "but", "the", "people", "were", "friendly", "."], "record": "<extra_id_0> <extra_id_0> aspect <extra_id_5> Service <extra_id_0> negative <extra_id_5> slow <extra_id_1> <extra_id_1> <extra_id_0> opinion <extra_id_5> slow <extra_id_1> <extra_id_0> aspect <extra_id_5> people <extra_id_0> positive <extra_id_5> friendly <extra_id_1> <extra_id_1> <extra_id_0> opinion <extra_id_5> friendly <extra_id_1> <extra_id_1>", "entity": [{"type": "aspect", "offset": [0], "text": "Service"}, {"type": "aspect", "offset": [6], "text": "people"}, {"type": "opinion", "offset": [2], "text": "slow"}, {"type": "opinion", "offset": [8], "text": "friendly"}], "relation": [{"type": "negative", "args": [{"type": "aspect", "offset": [0], "text": "Service"}, {"type": "opinion", "offset": [2], "text": "slow"}]}, {"type": "positive", "args": [{"type": "aspect", "offset": [6], "text": "people"}, {"type": "opinion", "offset": [8], "text": "friendly"}]}], "event": [], "spot": ["aspect", "opinion"], "asoc": ["positive", "negative"], "spot_asoc": [{"span": "Service", "label": "aspect", "asoc": [["negative", "slow"]]}, {"span": "slow", "label": "opinion", "asoc": []}, {"span": "people", "label": "aspect", "asoc": [["positive", "friendly"]]}, {"span": "friendly", "label": "opinion", "asoc": []}]}
{"text": "After all that , they complained to me about the small tip .", "tokens": ["After", "all", "that", ",", "they", "complained", "to", "me", "about", "the", "small", "tip", "."], "record": "<extra_id_0> <extra_id_0> opinion <extra_id_5> small <extra_id_1> <extra_id_0> aspect <extra_id_5> tip <extra_id_0> negative <extra_id_5> small <extra_id_1> <extra_id_1> <extra_id_1>", "entity": [{"type": "aspect", "offset": [11], "text": "tip"}, {"type": "opinion", "offset": [10], "text": "small"}], "relation": [{"type": "negative", "args": [{"type": "aspect", "offset": [11], "text": "tip"}, {"type": "opinion", "offset": [10], "text": "small"}]}], "event": [], "spot": ["aspect", "opinion"], "asoc": ["negative"], "spot_asoc": [{"span": "small", "label": "opinion", "asoc": []}, {"span": "tip", "label": "aspect", "asoc": [["negative", "small"]]}]}
{"text": "There is also very limited seating and there can be a substantial wait in getting food at peak times .", "tokens": ["There", "is", "also", "very", "limited", "seating", "and", "there", "can", "be", "a", "substantial", "wait", "in", "getting", "food", "at", "peak", "times", "."], "record": "<extra_id_0> <extra_id_0> opinion <extra_id_5> limited <extra_id_1> <extra_id_0> aspect <extra_id_5> seating <extra_id_0> negative <extra_id_5> limited <extra_id_1> <extra_id_1> <extra_id_0> opinion <extra_id_5> substantial <extra_id_1> <extra_id_0> aspect <extra_id_5> wait <extra_id_0> negative <extra_id_5> substantial <extra_id_1> <extra_id_1> <extra_id_1>", "entity": [{"type": "aspect", "offset": [5], "text": "seating"}, {"type": "aspect", "offset": [12], "text": "wait"}, {"type": "opinion", "offset": [4], "text": "limited"}, {"type": "opinion", "offset": [11], "text": "substantial"}], "relation": [{"type": "negative", "args": [{"type": "aspect", "offset": [5], "text": "seating"}, {"type": "opinion", "offset": [4], "text": "limited"}]}, {"type": "negative", "args": [{"type": "aspect", "offset": [12], "text": "wait"}, {"type": "opinion", "offset": [11], "text": "substantial"}]}], "event": [], "spot": ["aspect", "opinion"], "asoc": ["negative"], "spot_asoc": [{"span": "limited", "label": "opinion", "asoc": []}, {"span": "seating", "label": "aspect", "asoc": [["negative", "limited"]]}, {"span": "substantial", "label": "opinion", "asoc": []}, {"span": "wait", "label": "aspect", "asoc": [["negative", "substantial"]]}]}
{"text": "Slightly above average wines start at $ 70+ with only one selection listed at $ 30+ .", "tokens": ["Slightly", "above", "average", "wines", "start", "at", "$", "70+", "with", "only", "one", "selection", "listed", "at", "$", "30+", "."], "record": "<extra_id_0> <extra_id_0> opinion <extra_id_5> above average <extra_id_1> <extra_id_0> aspect <extra_id_5> wines <extra_id_0> negative <extra_id_5> above average <extra_id_1> <extra_id_1> <extra_id_1>", "entity": [{"type": "aspect", "offset": [3], "text": "wines"}, {"type": "opinion", "offset": [1, 2], "text": "above average"}], "relation": [{"type": "negative", "args": [{"type": "aspect", "offset": [3], "text": "wines"}, {"type": "opinion", "offset": [1, 2], "text": "above average"}]}], "event": [], "spot": ["aspect", "opinion"], "asoc": ["negative"], "spot_asoc": [{"span": "above average", "label": "opinion", "asoc": []}, {"span": "wines", "label": "aspect", "asoc": [["negative", "above average"]]}]}
{"text": "The table service could have been a little more attentive but as someone who also works in the service industry , I understood they were busy .", "tokens": ["The", "table", "service", "could", "have", "been", "a", "little", "more", "attentive", "but", "as", "someone", "who", "also", "works", "in", "the", "service", "industry", ",", "I", "understood", "they", "were", "busy", "."], "record": "<extra_id_0> <extra_id_0> aspect <extra_id_5> service <extra_id_0> neutral <extra_id_5> busy <extra_id_1> <extra_id_1> <extra_id_0> opinion <extra_id_5> busy <extra_id_1> <extra_id_1>", "entity": [{"type": "aspect", "offset": [2], "text": "service"}, {"type": "opinion", "offset": [25], "text": "busy"}], "relation": [{"type": "neutral", "args": [{"type": "aspect", "offset": [2], "text": "service"}, {"type": "opinion", "offset": [25], "text": "busy"}]}], "event": [], "spot": ["aspect", "opinion"], "asoc": ["neutral"], "spot_asoc": [{"span": "service", "label": "aspect", "asoc": [["neutral", "busy"]]}, {"span": "busy", "label": "opinion", "asoc": []}]}
{"text": "BE CAREFUL before you request extra spice .", "tokens": ["BE", "CAREFUL", "before", "you", "request", "extra", "spice", "."], "record": "<extra_id_0> <extra_id_0> opinion <extra_id_5> CAREFUL <extra_id_1> <extra_id_0> aspect <extra_id_5> spice <extra_id_0> neutral <extra_id_5> CAREFUL <extra_id_1> <extra_id_1> <extra_id_1>", "entity": [{"type": "aspect", "offset": [6], "text": "spice"}, {"type": "opinion", "offset": [1], "text": "CAREFUL"}], "relation": [{"type": "neutral", "args": [{"type": "aspect", "offset": [6], "text": "spice"}, {"type": "opinion", "offset": [1], "text": "CAREFUL"}]}], "event": [], "spot": ["aspect", "opinion"], "asoc": ["neutral"], "spot_asoc": [{"span": "CAREFUL", "label": "opinion", "asoc": []}, {"span": "spice", "label": "aspect", "asoc": [["neutral", "CAREFUL"]]}]}
{"text": "Saul is pretty good , but definitely not great .", "tokens": ["Saul", "is", "pretty", "good", ",", "but", "definitely", "not", "great", "."], "record": "<extra_id_0> <extra_id_0> aspect <extra_id_5> Saul <extra_id_0> neutral <extra_id_5> good <extra_id_1> <extra_id_0> neutral <extra_id_5> not great <extra_id_1> <extra_id_1> <extra_id_0> opinion <extra_id_5> good <extra_id_1> <extra_id_0> opinion <extra_id_5> not great <extra_id_1> <extra_id_1>", "entity": [{"type": "aspect", "offset": [0], "text": "Saul"}, {"type": "opinion", "offset": [3], "text": "good"}, {"type": "opinion", "offset": [7, 8], "text": "not great"}], "relation": [{"type": "neutral", "args": [{"type": "aspect", "offset": [0], "text": "Saul"}, {"type": "opinion", "offset": [3], "text": "good"}]}, {"type": "neutral", "args": [{"type": "aspect", "offset": [0], "text": "Saul"}, {"type": "opinion", "offset": [7, 8], "text": "not great"}]}], "event": [], "spot": ["aspect", "opinion"], "asoc": ["neutral"], "spot_asoc": [{"span": "Saul", "label": "aspect", "asoc": [["neutral", "good"], ["neutral", "not great"]]}, {"span": "good", "label": "opinion", "asoc": []}, {"span": "not great", "label": "opinion", "asoc": []}]}
{"text": "The fillings may be unconventional but the dosa batter is definitely authentic and the combinations very tasty .", "tokens": ["The", "fillings", "may", "be", "unconventional", "but", "the", "dosa", "batter", "is", "definitely", "authentic", "and", "the", "combinations", "very", "tasty", "."], "record": "<extra_id_0> <extra_id_0> aspect <extra_id_5> fillings <extra_id_0> neutral <extra_id_5> unconventional <extra_id_1> <extra_id_1> <extra_id_0> opinion <extra_id_5> unconventional <extra_id_1> <extra_id_0> aspect <extra_id_5> dosa batter <extra_id_0> positive <extra_id_5> authentic <extra_id_1> <extra_id_1> <extra_id_0> opinion <extra_id_5> authentic <extra_id_1> <extra_id_1>", "entity": [{"type": "aspect", "offset": [1], "text": "fillings"}, {"type": "aspect", "offset": [7, 8], "text": "dosa batter"}, {"type": "opinion", "offset": [4], "text": "unconventional"}, {"type": "opinion", "offset": [11], "text": "authentic"}], "relation": [{"type": "neutral", "args": [{"type": "aspect", "offset": [1], "text": "fillings"}, {"type": "opinion", "offset": [4], "text": "unconventional"}]}, {"type": "positive", "args": [{"type": "aspect", "offset": [7, 8], "text": "dosa batter"}, {"type": "opinion", "offset": [11], "text": "authentic"}]}], "event": [], "spot": ["aspect", "opinion"], "asoc": ["positive", "neutral"], "spot_asoc": [{"span": "fillings", "label": "aspect", "asoc": [["neutral", "unconventional"]]}, {"span": "unconventional", "label": "opinion", "asoc": []}, {"span": "dosa batter", "label": "aspect", "asoc": [["positive", "authentic"]]}, {"span": "authentic", "label": "opinion", "asoc": []}]}
{"text": "Although we were looking for regular lettuce and some walnuts the salads we got were great .", "tokens": ["Although", "we", "were", "looking", "for", "regular", "lettuce", "and", "some", "walnuts", "the", "salads", "we", "got", "were", "great", "."], "record": "<extra_id_0> <extra_id_0> aspect <extra_id_5> lettuce <extra_id_0> neutral <extra_id_5> great <extra_id_1> <extra_id_1> <extra_id_0> aspect <extra_id_5> walnuts <extra_id_0> neutral <extra_id_5> great <extra_id_1> <extra_id_1> <extra_id_0> aspect <extra_id_5> salads <extra_id_0> positive <extra_id_5> great <extra_id_1> <extra_id_1> <extra_id_0> opinion <extra_id_5> great <extra_id_1> <extra_id_1>", "entity": [{"type": "aspect", "offset": [11], "text": "salads"}, {"type": "aspect", "offset": [6], "text": "lettuce"}, {"type": "aspect", "offset": [9], "text": "walnuts"}, {"type": "opinion", "offset": [15], "text": "great"}], "relation": [{"type": "positive", "args": [{"type": "aspect", "offset": [11], "text": "salads"}, {"type": "opinion", "offset": [15], "text": "great"}]}, {"type": "neutral", "args": [{"type": "aspect", "offset": [6], "text": "lettuce"}, {"type": "opinion", "offset": [15], "text": "great"}]}, {"type": "neutral", "args": [{"type": "aspect", "offset": [9], "text": "walnuts"}, {"type": "opinion", "offset": [15], "text": "great"}]}], "event": [], "spot": ["aspect", "opinion"], "asoc": ["positive", "neutral"], "spot_asoc": [{"span": "lettuce", "label": "aspect", "asoc": [["neutral", "great"]]}, {"span": "walnuts", "label": "aspect", "asoc": [["neutral", "great"]]}, {"span": "salads", "label": "aspect", "asoc": [["positive", "great"]]}, {"span": "great", "label": "opinion", "asoc": []}]}
