{"text": "The menu prices are a bit expensive for what you get in quality and portion size .", "tokens": ["The", "menu", "prices", "are", "a", "bit", "expensive", "for", "what", "you", "get", "in", "quality", "and", "portion", "size", "."], "record": "<extra_id_0> <extra_id_0> aspect <extra_id_5> menu prices <extra_id_0> negative <extra_id_5> expensive <extra_id_1> <extra_id_1> <extra_id_0> opinion <extra_id_5> expensive <extra_id_1> <extra_id_1>", "entity": [{"type": "aspect", "offset": [1, 2], "text": "menu prices"}, {"type": "opinion", "offset": [6], "text": "expensive"}], "relation": [{"type": "negative", "args": [{"type": "aspect", "offset": [1, 2], "text": "menu prices"}, {"type": "opinion", "offset": [6], "text": "expensive"}]}], "event": [], "spot": ["aspect", "opinion"], "asoc": ["negative"], "spot_asoc": [{"span": "menu prices", "label": "aspect", "asoc": [["negative", "expensive"]]}, {"span": "expensive", "label": "opinion", "asoc": []}]}
{"text": "The menu choices are similar but the taste lacked more flavor than it looked .", "tokens": ["The", "menu", "choices", "are", "similar", "but", "the", "taste", "lacked", "more", "flavor", "than", "it", "looked", "."], "record": "<extra_id_0> <extra_id_0> aspect <extra_id_5> menu choices <extra_id_0> neutral <extra_id_5> similar <extra_id_1> <extra_id_1> <extra_id_0> opinion <extra_id_5> similar <extra_id_1> <extra_id_0> aspect <extra_id_5> taste <extra_id_0> negative <extra_id_5> lacked <extra_id_1> <extra_id_1> <extra_id_0> opinion <extra_id_5> lacked <extra_id_1> <extra_id_0> aspect <extra_id_5> flavor <extra_id_0> negative <extra_id_5> lacked <extra_id_1> <extra_id_1> <extra_id_1>", "entity": [{"type": "aspect", "offset": [7], "text": "taste"}, {"type": "aspect", "offset": [1, 2], "text": "menu choices"}, {"type": "aspect", "offset": [10], "text": "flavor"}, {"type": "opinion", "offset": [8], "text": "lacked"}, {"type": "opinion", "offset": [4], "text": "similar"}], "relation": [{"type": "negative", "args": [{"type": "aspect", "offset": [7], "text": "taste"}, {"type": "opinion", "offset": [8], "text": "lacked"}]}, {"type": "neutral", "args": [{"type": "aspect", "offset": [1, 2], "text": "menu choices"}, {"type": "opinion", "offset": [4], "text": "similar"}]}, {"type": "negative", "args": [{"type": "aspect", "offset": [10], "text": "flavor"}, {"type": "opinion", "offset": [8], "text": "lacked"}]}], "event": [], "spot": ["aspect", "opinion"], "asoc": ["neutral", "negative"], "spot_asoc": [{"span": "menu choices", "label": "aspect", "asoc": [["neutral", "similar"]]}, {"span": "similar", "label": "opinion", "asoc": []}, {"span": "taste", "label": "aspect", "asoc": [["negative", "lacked"]]}, {"span": "lacked", "label": "opinion", "asoc": []}, {"span": "flavor", "label": "aspect", "asoc": [["negative", "lacked"]]}]}
{"text": "Wait staff is blantently unappreciative of your business but its the best pie on the UWS !", "tokens": ["Wait", "staff", "is", "blantently", "unappreciative", "of", "your", "business", "but", "its", "the", "best", "pie", "on", "the", "UWS", "!"], "record": "<extra_id_0> <extra_id_0> aspect <extra_id_5> Wait staff <extra_id_0> negative <extra_id_5> unappreciative <extra_id_1> <extra_id_1> <extra_id_0> opinion <extra_id_5> unappreciative <extra_id_1> <extra_id_0> opinion <extra_id_5> best <extra_id_1> <extra_id_0> aspect <extra_id_5> pie <extra_id_0> positive <extra_id_5> best <extra_id_1> <extra_id_1> <extra_id_1>", "entity": [{"type": "aspect", "offset": [0, 1], "text": "Wait staff"}, {"type": "aspect", "offset": [12], "text": "pie"}, {"type": "opinion", "offset": [4], "text": "unappreciative"}, {"type": "opinion", "offset": [11], "text": "best"}], "relation": [{"type": "negative", "args": [{"type": "aspect", "offset": [0, 1], "text": "Wait staff"}, {"type": "opinion", "offset": [4], "text": "unappreciative"}]}, {"type": "positive", "args": [{"type": "aspect", "offset": [12], "text": "pie"}, {"type": "opinion", "offset": [11], "text": "best"}]}], "event": [], "spot": ["aspect", "opinion"], "asoc": ["positive", "negative"], "spot_asoc": [{"span": "Wait staff", "label": "aspect", "asoc": [["negative", "unappreciative"]]}, {"span": "unappreciative", "label": "opinion", "asoc": []}, {"span": "best", "label": "opinion", "asoc": []}, {"span": "pie", "label": "aspect", "asoc": [["positive", "best"]]}]}
{"text": "The appetizers are just OK and the main courses were decidedly subpar .", "tokens": ["The", "appetizers", "are", "just", "OK", "and", "the", "main", "courses", "were", "decidedly", "subpar", "."], "record": "<extra_id_0> <extra_id_0> aspect <extra_id_5> appetizers <extra_id_0> neutral <extra_id_5> OK <extra_id_1> <extra_id_1> <extra_id_0> opinion <extra_id_5> OK <extra_id_1> <extra_id_0> aspect <extra_id_5> main courses <extra_id_0> negative <extra_id_5> subpar <extra_id_1> <extra_id_1> <extra_id_0> opinion <extra_id_5> subpar <extra_id_1> <extra_id_1>", "entity": [{"type": "aspect", "offset": [1], "text": "appetizers"}, {"type": "aspect", "offset": [7, 8], "text": "main courses"}, {"type": "opinion", "offset": [4], "text": "OK"}, {"type": "opinion", "offset": [11], "text": "subpar"}], "relation": [{"type": "neutral", "args": [{"type": "aspect", "offset": [1], "text": "appetizers"}, {"type": "opinion", "offset": [4], "text": "OK"}]}, {"type": "negative", "args": [{"type": "aspect", "offset": [7, 8], "text": "main courses"}, {"type": "opinion", "offset": [11], "text": "subpar"}]}], "event": [], "spot": ["aspect", "opinion"], "asoc": ["negative", "neutral"], "spot_asoc": [{"span": "appetizers", "label": "aspect", "asoc": [["neutral", "OK"]]}, {"span": "OK", "label": "opinion", "asoc": []}, {"span": "main courses", "label": "aspect", "asoc": [["negative", "subpar"]]}, {"span": "subpar", "label": "opinion", "asoc": []}]}
{"text": "The service is decent even when this small place is packed .", "tokens": ["The", "service", "is", "decent", "even", "when", "this", "small", "place", "is", "packed", "."], "record": "<extra_id_0> <extra_id_0> aspect <extra_id_5> service <extra_id_0> positive <extra_id_5> decent <extra_id_1> <extra_id_1> <extra_id_0> opinion <extra_id_5> decent <extra_id_1> <extra_id_0> opinion <extra_id_5> small <extra_id_1> <extra_id_0> aspect <extra_id_5> place <extra_id_0> negative <extra_id_5> small <extra_id_1> <extra_id_0> negative <extra_id_5> packed <extra_id_1> <extra_id_1> <extra_id_0> opinion <extra_id_5> packed <extra_id_1> <extra_id_1>", "entity": [{"type": "aspect", "offset": [1], "text": "service"}, {"type": "aspect", "offset": [8], "text": "place"}, {"type": "opinion", "offset": [3], "text": "decent"}, {"type": "opinion", "offset": [7], "text": "small"}, {"type": "opinion", "offset": [10], "text": "packed"}], "relation": [{"type": "positive", "args": [{"type": "aspect", "offset": [1], "text": "service"}, {"type": "opinion", "offset": [3], "text": "decent"}]}, {"type": "negative", "args": [{"type": "aspect", "offset": [8], "text": "place"}, {"type": "opinion", "offset": [7], "text": "small"}]}, {"type": "negative", "args": [{"type": "aspect", "offset": [8], "text": "place"}, {"type": "opinion", "offset": [10], "text": "packed"}]}], "event": [], "spot": ["aspect", "opinion"], "asoc": ["positive", "negative"], "spot_asoc": [{"span": "service", "label": "aspect", "asoc": [["positive", "decent"]]}, {"span": "decent", "label": "opinion", "asoc": []}, {"span": "small", "label": "opinion", "asoc": []}, {"span": "place", "label": "aspect", "asoc": [["negative", "small"], ["negative", "packed"]]}, {"span": "packed", "label": "opinion", "asoc": []}]}
{"text": "All in all , this midtown gem instantly became one of my favorite sushi restaurants in the city .", "tokens": ["All", "in", "all", ",", "this", "midtown", "gem", "instantly", "became", "one", "of", "my", "favorite", "sushi", "restaurants", "in", "the", "city", "."], "record": "<extra_id_0> <extra_id_0> opinion <extra_id_5> favorite <extra_id_1> <extra_id_0> aspect <extra_id_5> sushi <extra_id_0> positive <extra_id_5> favorite <extra_id_1> <extra_id_1> <extra_id_1>", "entity": [{"type": "aspect", "offset": [13], "text": "sushi"}, {"type": "opinion", "offset": [12], "text": "favorite"}], "relation": [{"type": "positive", "args": [{"type": "aspect", "offset": [13], "text": "sushi"}, {"type": "opinion", "offset": [12], "text": "favorite"}]}], "event": [], "spot": ["aspect", "opinion"], "asoc": ["positive"], "spot_asoc": [{"span": "favorite", "label": "opinion", "asoc": []}, {"span": "sushi", "label": "aspect", "asoc": [["positive", "favorite"]]}]}
{"text": "Over the years the host , Vittorio , and his crew , have always treated me as family -- although with all the business this not-so-little gem does , it amazing he 's even able to remember a consistent but not-so-frequent visitor .", "tokens": ["Over", "the", "years", "the", "host", ",", "Vittorio", ",", "and", "his", "crew", ",", "have", "always", "treated", "me", "as", "family", "--", "although", "with", "all", "the", "business", "this", "not-so-little", "gem", "does", ",", "it", "amazing", "he", "'s", "even", "able", "to", "remember", "a", "consistent", "but", "not-so-frequent", "visitor", "."], "record": "<extra_id_0> <extra_id_0> aspect <extra_id_5> host <extra_id_0> positive <extra_id_5> amazing <extra_id_1> <extra_id_1> <extra_id_0> aspect <extra_id_5> crew <extra_id_0> positive <extra_id_5> amazing <extra_id_1> <extra_id_1> <extra_id_0> opinion <extra_id_5> amazing <extra_id_1> <extra_id_1>", "entity": [{"type": "aspect", "offset": [10], "text": "crew"}, {"type": "aspect", "offset": [4], "text": "host"}, {"type": "opinion", "offset": [30], "text": "amazing"}], "relation": [{"type": "positive", "args": [{"type": "aspect", "offset": [10], "text": "crew"}, {"type": "opinion", "offset": [30], "text": "amazing"}]}, {"type": "positive", "args": [{"type": "aspect", "offset": [4], "text": "host"}, {"type": "opinion", "offset": [30], "text": "amazing"}]}], "event": [], "spot": ["aspect", "opinion"], "asoc": ["positive"], "spot_asoc": [{"span": "host", "label": "aspect", "asoc": [["positive", "amazing"]]}, {"span": "crew", "label": "aspect", "asoc": [["positive", "amazing"]]}, {"span": "amazing", "label": "opinion", "asoc": []}]}
{"text": "The food was very well prepared .", "tokens": ["The", "food", "was", "very", "well", "prepared", "."], "record": "<extra_id_0> <extra_id_0> aspect <extra_id_5> food <extra_id_0> positive <extra_id_5> well prepared <extra_id_1> <extra_id_1> <extra_id_0> opinion <extra_id_5> well prepared <extra_id_1> <extra_id_1>", "entity": [{"type": "aspect", "offset": [1], "text": "food"}, {"type": "opinion", "offset": [4, 5], "text": "well prepared"}], "relation": [{"type": "positive", "args": [{"type": "aspect", "offset": [1], "text": "food"}, {"type": "opinion", "offset": [4, 5], "text": "well prepared"}]}], "event": [], "spot": ["aspect", "opinion"], "asoc": ["positive"], "spot_asoc": [{"span": "food", "label": "aspect", "asoc": [["positive", "well prepared"]]}, {"span": "well prepared", "label": "opinion", "asoc": []}]}
{"text": "Even upon delivery , their juicy pork buns are quite good . .", "tokens": ["Even", "upon", "delivery", ",", "their", "juicy", "pork", "buns", "are", "quite", "good", ".", "."], "record": "<extra_id_0> <extra_id_0> aspect <extra_id_5> pork buns <extra_id_0> positive <extra_id_5> good <extra_id_1> <extra_id_1> <extra_id_0> opinion <extra_id_5> good <extra_id_1> <extra_id_1>", "entity": [{"type": "aspect", "offset": [6, 7], "text": "pork buns"}, {"type": "opinion", "offset": [10], "text": "good"}], "relation": [{"type": "positive", "args": [{"type": "aspect", "offset": [6, 7], "text": "pork buns"}, {"type": "opinion", "offset": [10], "text": "good"}]}], "event": [], "spot": ["aspect", "opinion"], "asoc": ["positive"], "spot_asoc": [{"span": "pork buns", "label": "aspect", "asoc": [["positive", "good"]]}, {"span": "good", "label": "opinion", "asoc": []}]}
{"text": "From the incredible food , to the warm atmosphere , to the friendly service , this downtown neighborhood spot does n't miss a beat .", "tokens": ["From", "the", "incredible", "food", ",", "to", "the", "warm", "atmosphere", ",", "to", "the", "friendly", "service", ",", "this", "downtown", "neighborhood", "spot", "does", "n't", "miss", "a", "beat", "."], "record": "<extra_id_0> <extra_id_0> opinion <extra_id_5> incredible <extra_id_1> <extra_id_0> aspect <extra_id_5> food <extra_id_0> positive <extra_id_5> incredible <extra_id_1> <extra_id_1> <extra_id_0> opinion <extra_id_5> warm <extra_id_1> <extra_id_0> aspect <extra_id_5> atmosphere <extra_id_0> positive <extra_id_5> warm <extra_id_1> <extra_id_1> <extra_id_0> opinion <extra_id_5> friendly <extra_id_1> <extra_id_0> aspect <extra_id_5> service <extra_id_0> positive <extra_id_5> friendly <extra_id_1> <extra_id_1> <extra_id_1>", "entity": [{"type": "aspect", "offset": [3], "text": "food"}, {"type": "aspect", "offset": [8], "text": "atmosphere"}, {"type": "aspect", "offset": [13], "text": "service"}, {"type": "opinion", "offset": [2], "text": "incredible"}, {"type": "opinion", "offset": [7], "text": "warm"}, {"type": "opinion", "offset": [12], "text": "friendly"}], "relation": [{"type": "positive", "args": [{"type": "aspect", "offset": [3], "text": "food"}, {"type": "opinion", "offset": [2], "text": "incredible"}]}, {"type": "positive", "args": [{"type": "aspect", "offset": [8], "text": "atmosphere"}, {"type": "opinion", "offset": [7], "text": "warm"}]}, {"type": "positive", "args": [{"type": "aspect", "offset": [13], "text": "service"}, {"type": "opinion", "offset": [12], "text": "friendly"}]}], "event": [], "spot": ["aspect", "opinion"], "asoc": ["positive"], "spot_asoc": [{"span": "incredible", "label": "opinion", "asoc": []}, {"span": "food", "label": "aspect", "asoc": [["positive", "incredible"]]}, {"span": "warm", "label": "opinion", "asoc": []}, {"span": "atmosphere", "label": "aspect", "asoc": [["positive", "warm"]]}, {"span": "friendly", "label": "opinion", "asoc": []}, {"span": "service", "label": "aspect", "asoc": [["positive", "friendly"]]}]}
{"text": "Aside from the Sea Urchin , the chef recommended an assortment of fish including Fatty Yellow Tail , Boton Shrimp , Blue Fin Torro ( Fatty Tuna ) , Sea Eel , etc .", "tokens": ["Aside", "from", "the", "Sea", "Urchin", ",", "the", "chef", "recommended", "an", "assortment", "of", "fish", "including", "Fatty", "Yellow", "Tail", ",", "Boton", "Shrimp", ",", "Blue", "Fin", "Torro", "(", "Fatty", "Tuna", ")", ",", "Sea", "Eel", ",", "etc", "."], "record": "<extra_id_0> <extra_id_0> aspect <extra_id_5> Sea Urchin <extra_id_0> neutral <extra_id_5> recommended <extra_id_1> <extra_id_1> <extra_id_0> opinion <extra_id_5> recommended <extra_id_1> <extra_id_0> aspect <extra_id_5> assortment of fish <extra_id_0> neutral <extra_id_5> recommended <extra_id_1> <extra_id_1> <extra_id_0> aspect <extra_id_5> Fatty Yellow Tail <extra_id_0> neutral <extra_id_5> recommended <extra_id_1> <extra_id_1> <extra_id_0> aspect <extra_id_5> Boton Shrimp <extra_id_0> neutral <extra_id_5> recommended <extra_id_1> <extra_id_1> <extra_id_0> aspect <extra_id_5> Blue Fin Torro ( Fatty Tuna ) <extra_id_0> neutral <extra_id_5> recommended <extra_id_1> <extra_id_1> <extra_id_0> aspect <extra_id_5> Sea Eel <extra_id_0> neutral <extra_id_5> recommended <extra_id_1> <extra_id_1> <extra_id_1>", "entity": [{"type": "aspect", "offset": [10, 11, 12], "text": "assortment of fish"}, {"type": "aspect", "offset": [14, 15, 16], "text": "Fatty Yellow Tail"}, {"type": "aspect", "offset": [18, 19], "text": "Boton Shrimp"}, {"type": "aspect", "offset": [29, 30], "text": "Sea Eel"}, {"type": "aspect", "offset": [3, 4], "text": "Sea Urchin"}, {"type": "aspect", "offset": [21, 22, 23, 24, 25, 26, 27], "text": "Blue Fin Torro ( Fatty Tuna )"}, {"type": "opinion", "offset": [8], "text": "recommended"}], "relation": [{"type": "neutral", "args": [{"type": "aspect", "offset": [10, 11, 12], "text": "assortment of fish"}, {"type": "opinion", "offset": [8], "text": "recommended"}]}, {"type": "neutral", "args": [{"type": "aspect", "offset": [14, 15, 16], "text": "Fatty Yellow Tail"}, {"type": "opinion", "offset": [8], "text": "recommended"}]}, {"type": "neutral", "args": [{"type": "aspect", "offset": [18, 19], "text": "Boton Shrimp"}, {"type": "opinion", "offset": [8], "text": "recommended"}]}, {"type": "neutral", "args": [{"type": "aspect", "offset": [29, 30], "text": "Sea Eel"}, {"type": "opinion", "offset": [8], "text": "recommended"}]}, {"type": "neutral", "args": [{"type": "aspect", "offset": [3, 4], "text": "Sea Urchin"}, {"type": "opinion", "offset": [8], "text": "recommended"}]}, {"type": "neutral", "args": [{"type": "aspect", "offset": [21, 22, 23, 24, 25, 26, 27], "text": "Blue Fin Torro ( Fatty Tuna )"}, {"type": "opinion", "offset": [8], "text": "recommended"}]}], "event": [], "spot": ["aspect", "opinion"], "asoc": ["neutral"], "spot_asoc": [{"span": "Sea Urchin", "label": "aspect", "asoc": [["neutral", "recommended"]]}, {"span": "recommended", "label": "opinion", "asoc": []}, {"span": "assortment of fish", "label": "aspect", "asoc": [["neutral", "recommended"]]}, {"span": "Fatty Yellow Tail", "label": "aspect", "asoc": [["neutral", "recommended"]]}, {"span": "Boton Shrimp", "label": "aspect", "asoc": [["neutral", "recommended"]]}, {"span": "Blue Fin Torro ( Fatty Tuna )", "label": "aspect", "asoc": [["neutral", "recommended"]]}, {"span": "Sea Eel", "label": "aspect", "asoc": [["neutral", "recommended"]]}]}
{"text": "Similar to other Indian restaurants , they use the dinner special to attract customers at the door .", "tokens": ["Similar", "to", "other", "Indian", "restaurants", ",", "they", "use", "the", "dinner", "special", "to", "attract", "customers", "at", "the", "door", "."], "record": "<extra_id_0> <extra_id_0> aspect <extra_id_5> dinner special <extra_id_0> neutral <extra_id_5> attract <extra_id_1> <extra_id_1> <extra_id_0> opinion <extra_id_5> attract <extra_id_1> <extra_id_1>", "entity": [{"type": "aspect", "offset": [9, 10], "text": "dinner special"}, {"type": "opinion", "offset": [12], "text": "attract"}], "relation": [{"type": "neutral", "args": [{"type": "aspect", "offset": [9, 10], "text": "dinner special"}, {"type": "opinion", "offset": [12], "text": "attract"}]}], "event": [], "spot": ["aspect", "opinion"], "asoc": ["neutral"], "spot_asoc": [{"span": "dinner special", "label": "aspect", "asoc": [["neutral", "attract"]]}, {"span": "attract", "label": "opinion", "asoc": []}]}
{"text": "On the other hand , if you are not fooled easily , you will find hundreds of restaurants that will give you service and ambiance that is on par with Alain Ducasse , and food that will outshine in presentaion , taste , choice , quality and quantity .", "tokens": ["On", "the", "other", "hand", ",", "if", "you", "are", "not", "fooled", "easily", ",", "you", "will", "find", "hundreds", "of", "restaurants", "that", "will", "give", "you", "service", "and", "ambiance", "that", "is", "on", "par", "with", "Alain", "Ducasse", ",", "and", "food", "that", "will", "outshine", "in", "presentaion", ",", "taste", ",", "choice", ",", "quality", "and", "quantity", "."], "record": "<extra_id_0> <extra_id_0> aspect <extra_id_5> service <extra_id_0> neutral <extra_id_5> on par <extra_id_1> <extra_id_1> <extra_id_0> aspect <extra_id_5> ambiance <extra_id_0> neutral <extra_id_5> on par <extra_id_1> <extra_id_1> <extra_id_0> opinion <extra_id_5> on par <extra_id_1> <extra_id_0> aspect <extra_id_5> food <extra_id_0> negative <extra_id_5> outshine <extra_id_1> <extra_id_1> <extra_id_0> opinion <extra_id_5> outshine <extra_id_1> <extra_id_1>", "entity": [{"type": "aspect", "offset": [22], "text": "service"}, {"type": "aspect", "offset": [24], "text": "ambiance"}, {"type": "aspect", "offset": [34], "text": "food"}, {"type": "opinion", "offset": [27, 28], "text": "on par"}, {"type": "opinion", "offset": [37], "text": "outshine"}], "relation": [{"type": "neutral", "args": [{"type": "aspect", "offset": [22], "text": "service"}, {"type": "opinion", "offset": [27, 28], "text": "on par"}]}, {"type": "neutral", "args": [{"type": "aspect", "offset": [24], "text": "ambiance"}, {"type": "opinion", "offset": [27, 28], "text": "on par"}]}, {"type": "negative", "args": [{"type": "aspect", "offset": [34], "text": "food"}, {"type": "opinion", "offset": [37], "text": "outshine"}]}], "event": [], "spot": ["aspect", "opinion"], "asoc": ["negative", "neutral"], "spot_asoc": [{"span": "service", "label": "aspect", "asoc": [["neutral", "on par"]]}, {"span": "ambiance", "label": "aspect", "asoc": [["neutral", "on par"]]}, {"span": "on par", "label": "opinion", "asoc": []}, {"span": "food", "label": "aspect", "asoc": [["negative", "outshine"]]}, {"span": "outshine", "label": "opinion", "asoc": []}]}
{"text": "great place to go for a drink too because they have 100 kinds of beer .", "tokens": ["great", "place", "to", "go", "for", "a", "drink", "too", "because", "they", "have", "100", "kinds", "of", "beer", "."], "record": "<extra_id_0> <extra_id_0> opinion <extra_id_5> great <extra_id_1> <extra_id_0> aspect <extra_id_5> drink <extra_id_0> neutral <extra_id_5> great <extra_id_1> <extra_id_1> <extra_id_1>", "entity": [{"type": "aspect", "offset": [6], "text": "drink"}, {"type": "opinion", "offset": [0], "text": "great"}], "relation": [{"type": "neutral", "args": [{"type": "aspect", "offset": [6], "text": "drink"}, {"type": "opinion", "offset": [0], "text": "great"}]}], "event": [], "spot": ["aspect", "opinion"], "asoc": ["neutral"], "spot_asoc": [{"span": "great", "label": "opinion", "asoc": []}, {"span": "drink", "label": "aspect", "asoc": [["neutral", "great"]]}]}
{"text": "For some reason , all the seafood on the menu was unavailable except for the Salmon .", "tokens": ["For", "some", "reason", ",", "all", "the", "seafood", "on", "the", "menu", "was", "unavailable", "except", "for", "the", "Salmon", "."], "record": "<extra_id_0> <extra_id_0> aspect <extra_id_5> seafood <extra_id_0> negative <extra_id_5> unavailable <extra_id_1> <extra_id_1> <extra_id_0> aspect <extra_id_5> menu <extra_id_0> negative <extra_id_5> unavailable <extra_id_1> <extra_id_1> <extra_id_0> opinion <extra_id_5> unavailable <extra_id_1> <extra_id_0> opinion <extra_id_5> except <extra_id_1> <extra_id_0> aspect <extra_id_5> Salmon <extra_id_0> neutral <extra_id_5> except <extra_id_1> <extra_id_1> <extra_id_1>", "entity": [{"type": "aspect", "offset": [6], "text": "seafood"}, {"type": "aspect", "offset": [9], "text": "menu"}, {"type": "aspect", "offset": [15], "text": "Salmon"}, {"type": "opinion", "offset": [11], "text": "unavailable"}, {"type": "opinion", "offset": [12], "text": "except"}], "relation": [{"type": "negative", "args": [{"type": "aspect", "offset": [6], "text": "seafood"}, {"type": "opinion", "offset": [11], "text": "unavailable"}]}, {"type": "negative", "args": [{"type": "aspect", "offset": [9], "text": "menu"}, {"type": "opinion", "offset": [11], "text": "unavailable"}]}, {"type": "neutral", "args": [{"type": "aspect", "offset": [15], "text": "Salmon"}, {"type": "opinion", "offset": [12], "text": "except"}]}], "event": [], "spot": ["aspect", "opinion"], "asoc": ["neutral", "negative"], "spot_asoc": [{"span": "seafood", "label": "aspect", "asoc": [["negative", "unavailable"]]}, {"span": "menu", "label": "aspect", "asoc": [["negative", "unavailable"]]}, {"span": "unavailable", "label": "opinion", "asoc": []}, {"span": "except", "label": "opinion", "asoc": []}, {"span": "Salmon", "label": "aspect", "asoc": [["neutral", "except"]]}]}
