{"text": "Screen size is perfect for portable use in any environment .", "tokens": ["Screen", "size", "is", "perfect", "for", "portable", "use", "in", "any", "environment", "."], "record": "<extra_id_0> <extra_id_0> aspect <extra_id_5> Screen size <extra_id_0> positive <extra_id_5> perfect <extra_id_1> <extra_id_1> <extra_id_0> opinion <extra_id_5> perfect <extra_id_1> <extra_id_1>", "entity": [{"type": "aspect", "offset": [0, 1], "text": "Screen size"}, {"type": "opinion", "offset": [3], "text": "perfect"}], "relation": [{"type": "positive", "args": [{"type": "aspect", "offset": [0, 1], "text": "Screen size"}, {"type": "opinion", "offset": [3], "text": "perfect"}]}], "event": [], "spot": ["aspect", "opinion"], "asoc": ["positive"], "spot_asoc": [{"span": "Screen size", "label": "aspect", "asoc": [["positive", "perfect"]]}, {"span": "perfect", "label": "opinion", "asoc": []}]}
{"text": "I personally like the gaming look but needed a machine that delivered gaming performance while still looking professional in front of my customers .", "tokens": ["I", "personally", "like", "the", "gaming", "look", "but", "needed", "a", "machine", "that", "delivered", "gaming", "performance", "while", "still", "looking", "professional", "in", "front", "of", "my", "customers", "."], "record": "<extra_id_0> <extra_id_0> opinion <extra_id_5> like <extra_id_1> <extra_id_0> aspect <extra_id_5> gaming look <extra_id_0> positive <extra_id_5> like <extra_id_1> <extra_id_1> <extra_id_1>", "entity": [{"type": "aspect", "offset": [4, 5], "text": "gaming look"}, {"type": "opinion", "offset": [2], "text": "like"}], "relation": [{"type": "positive", "args": [{"type": "aspect", "offset": [4, 5], "text": "gaming look"}, {"type": "opinion", "offset": [2], "text": "like"}]}], "event": [], "spot": ["aspect", "opinion"], "asoc": ["positive"], "spot_asoc": [{"span": "like", "label": "opinion", "asoc": []}, {"span": "gaming look", "label": "aspect", "asoc": [["positive", "like"]]}]}
{"text": "It 's fast and has excellent battery life .", "tokens": ["It", "'s", "fast", "and", "has", "excellent", "battery", "life", "."], "record": "<extra_id_0> <extra_id_0> opinion <extra_id_5> excellent <extra_id_1> <extra_id_0> aspect <extra_id_5> battery life <extra_id_0> positive <extra_id_5> excellent <extra_id_1> <extra_id_1> <extra_id_1>", "entity": [{"type": "aspect", "offset": [6, 7], "text": "battery life"}, {"type": "opinion", "offset": [5], "text": "excellent"}], "relation": [{"type": "positive", "args": [{"type": "aspect", "offset": [6, 7], "text": "battery life"}, {"type": "opinion", "offset": [5], "text": "excellent"}]}], "event": [], "spot": ["aspect", "opinion"], "asoc": ["positive"], "spot_asoc": [{"span": "excellent", "label": "opinion", "asoc": []}, {"span": "battery life", "label": "aspect", "asoc": [["positive", "excellent"]]}]}
{"text": "Suffice it to say , my MacBook Pro keeps me going with its long battery life and blazing speed .", "tokens": ["Suffice", "it", "to", "say", ",", "my", "MacBook", "Pro", "keeps", "me", "going", "with", "its", "long", "battery", "life", "and", "blazing", "speed", "."], "record": "<extra_id_0> <extra_id_0> opinion <extra_id_5> long <extra_id_1> <extra_id_0> aspect <extra_id_5> battery life <extra_id_0> positive <extra_id_5> long <extra_id_1> <extra_id_1> <extra_id_0> opinion <extra_id_5> blazing <extra_id_1> <extra_id_0> aspect <extra_id_5> speed <extra_id_0> positive <extra_id_5> blazing <extra_id_1> <extra_id_1> <extra_id_1>", "entity": [{"type": "aspect", "offset": [14, 15], "text": "battery life"}, {"type": "aspect", "offset": [18], "text": "speed"}, {"type": "opinion", "offset": [13], "text": "long"}, {"type": "opinion", "offset": [17], "text": "blazing"}], "relation": [{"type": "positive", "args": [{"type": "aspect", "offset": [14, 15], "text": "battery life"}, {"type": "opinion", "offset": [13], "text": "long"}]}, {"type": "positive", "args": [{"type": "aspect", "offset": [18], "text": "speed"}, {"type": "opinion", "offset": [17], "text": "blazing"}]}], "event": [], "spot": ["aspect", "opinion"], "asoc": ["positive"], "spot_asoc": [{"span": "long", "label": "opinion", "asoc": []}, {"span": "battery life", "label": "aspect", "asoc": [["positive", "long"]]}, {"span": "blazing", "label": "opinion", "asoc": []}, {"span": "speed", "label": "aspect", "asoc": [["positive", "blazing"]]}]}
{"text": "The performance is awesome .", "tokens": ["The", "performance", "is", "awesome", "."], "record": "<extra_id_0> <extra_id_0> aspect <extra_id_5> performance <extra_id_0> positive <extra_id_5> awesome <extra_id_1> <extra_id_1> <extra_id_0> opinion <extra_id_5> awesome <extra_id_1> <extra_id_1>", "entity": [{"type": "aspect", "offset": [1], "text": "performance"}, {"type": "opinion", "offset": [3], "text": "awesome"}], "relation": [{"type": "positive", "args": [{"type": "aspect", "offset": [1], "text": "performance"}, {"type": "opinion", "offset": [3], "text": "awesome"}]}], "event": [], "spot": ["aspect", "opinion"], "asoc": ["positive"], "spot_asoc": [{"span": "performance", "label": "aspect", "asoc": [["positive", "awesome"]]}, {"span": "awesome", "label": "opinion", "asoc": []}]}
{"text": "Excellent speed for processing data .", "tokens": ["Excellent", "speed", "for", "processing", "data", "."], "record": "<extra_id_0> <extra_id_0> opinion <extra_id_5> Excellent <extra_id_1> <extra_id_0> aspect <extra_id_5> speed <extra_id_0> positive <extra_id_5> Excellent <extra_id_1> <extra_id_1> <extra_id_1>", "entity": [{"type": "aspect", "offset": [1], "text": "speed"}, {"type": "opinion", "offset": [0], "text": "Excellent"}], "relation": [{"type": "positive", "args": [{"type": "aspect", "offset": [1], "text": "speed"}, {"type": "opinion", "offset": [0], "text": "Excellent"}]}], "event": [], "spot": ["aspect", "opinion"], "asoc": ["positive"], "spot_asoc": [{"span": "Excellent", "label": "opinion", "asoc": []}, {"span": "speed", "label": "aspect", "asoc": [["positive", "Excellent"]]}]}
{"text": "I love the keyboard .", "tokens": ["I", "love", "the", "keyboard", "."], "record": "<extra_id_0> <extra_id_0> opinion <extra_id_5> love <extra_id_1> <extra_id_0> aspect <extra_id_5> keyboard <extra_id_0> positive <extra_id_5> love <extra_id_1> <extra_id_1> <extra_id_1>", "entity": [{"type": "aspect", "offset": [3], "text": "keyboard"}, {"type": "opinion", "offset": [1], "text": "love"}], "relation": [{"type": "positive", "args": [{"type": "aspect", "offset": [3], "text": "keyboard"}, {"type": "opinion", "offset": [1], "text": "love"}]}], "event": [], "spot": ["aspect", "opinion"], "asoc": ["positive"], "spot_asoc": [{"span": "love", "label": "opinion", "asoc": []}, {"span": "keyboard", "label": "aspect", "asoc": [["positive", "love"]]}]}
{"text": "Mac also has many apps and programs that are quite cheap or free .", "tokens": ["Mac", "also", "has", "many", "apps", "and", "programs", "that", "are", "quite", "cheap", "or", "free", "."], "record": "<extra_id_0> <extra_id_0> aspect <extra_id_5> apps <extra_id_0> positive <extra_id_5> cheap <extra_id_1> <extra_id_0> positive <extra_id_5> free <extra_id_1> <extra_id_1> <extra_id_0> aspect <extra_id_5> programs <extra_id_0> positive <extra_id_5> cheap <extra_id_1> <extra_id_0> positive <extra_id_5> free <extra_id_1> <extra_id_1> <extra_id_0> opinion <extra_id_5> cheap <extra_id_1> <extra_id_0> opinion <extra_id_5> free <extra_id_1> <extra_id_1>", "entity": [{"type": "aspect", "offset": [4], "text": "apps"}, {"type": "aspect", "offset": [6], "text": "programs"}, {"type": "opinion", "offset": [10], "text": "cheap"}, {"type": "opinion", "offset": [12], "text": "free"}], "relation": [{"type": "positive", "args": [{"type": "aspect", "offset": [4], "text": "apps"}, {"type": "opinion", "offset": [10], "text": "cheap"}]}, {"type": "positive", "args": [{"type": "aspect", "offset": [4], "text": "apps"}, {"type": "opinion", "offset": [12], "text": "free"}]}, {"type": "positive", "args": [{"type": "aspect", "offset": [6], "text": "programs"}, {"type": "opinion", "offset": [10], "text": "cheap"}]}, {"type": "positive", "args": [{"type": "aspect", "offset": [6], "text": "programs"}, {"type": "opinion", "offset": [12], "text": "free"}]}], "event": [], "spot": ["aspect", "opinion"], "asoc": ["positive"], "spot_asoc": [{"span": "apps", "label": "aspect", "asoc": [["positive", "cheap"], ["positive", "free"]]}, {"span": "programs", "label": "aspect", "asoc": [["positive", "cheap"], ["positive", "free"]]}, {"span": "cheap", "label": "opinion", "asoc": []}, {"span": "free", "label": "opinion", "asoc": []}]}
{"text": "It is easy to use and lightweight .", "tokens": ["It", "is", "easy", "to", "use", "and", "lightweight", "."], "record": "<extra_id_0> <extra_id_0> opinion <extra_id_5> easy <extra_id_1> <extra_id_0> aspect <extra_id_5> use <extra_id_0> positive <extra_id_5> easy <extra_id_1> <extra_id_1> <extra_id_1>", "entity": [{"type": "aspect", "offset": [4], "text": "use"}, {"type": "opinion", "offset": [2], "text": "easy"}], "relation": [{"type": "positive", "args": [{"type": "aspect", "offset": [4], "text": "use"}, {"type": "opinion", "offset": [2], "text": "easy"}]}], "event": [], "spot": ["aspect", "opinion"], "asoc": ["positive"], "spot_asoc": [{"span": "easy", "label": "opinion", "asoc": []}, {"span": "use", "label": "aspect", "asoc": [["positive", "easy"]]}]}
{"text": "With awesome graphics and assuring security , it 's perfect !", "tokens": ["With", "awesome", "graphics", "and", "assuring", "security", ",", "it", "'s", "perfect", "!"], "record": "<extra_id_0> <extra_id_0> opinion <extra_id_5> awesome <extra_id_1> <extra_id_0> aspect <extra_id_5> graphics <extra_id_0> positive <extra_id_5> awesome <extra_id_1> <extra_id_1> <extra_id_0> opinion <extra_id_5> assuring <extra_id_1> <extra_id_0> aspect <extra_id_5> security <extra_id_0> positive <extra_id_5> assuring <extra_id_1> <extra_id_1> <extra_id_1>", "entity": [{"type": "aspect", "offset": [2], "text": "graphics"}, {"type": "aspect", "offset": [5], "text": "security"}, {"type": "opinion", "offset": [1], "text": "awesome"}, {"type": "opinion", "offset": [4], "text": "assuring"}], "relation": [{"type": "positive", "args": [{"type": "aspect", "offset": [2], "text": "graphics"}, {"type": "opinion", "offset": [1], "text": "awesome"}]}, {"type": "positive", "args": [{"type": "aspect", "offset": [5], "text": "security"}, {"type": "opinion", "offset": [4], "text": "assuring"}]}], "event": [], "spot": ["aspect", "opinion"], "asoc": ["positive"], "spot_asoc": [{"span": "awesome", "label": "opinion", "asoc": []}, {"span": "graphics", "label": "aspect", "asoc": [["positive", "awesome"]]}, {"span": "assuring", "label": "opinion", "asoc": []}, {"span": "security", "label": "aspect", "asoc": [["positive", "assuring"]]}]}
{"text": "No tutorials on the display .", "tokens": ["No", "tutorials", "on", "the", "display", "."], "record": "<extra_id_0> <extra_id_0> opinion <extra_id_5> No <extra_id_1> <extra_id_0> aspect <extra_id_5> tutorials <extra_id_0> negative <extra_id_5> No <extra_id_1> <extra_id_1> <extra_id_1>", "entity": [{"type": "aspect", "offset": [1], "text": "tutorials"}, {"type": "opinion", "offset": [0], "text": "No"}], "relation": [{"type": "negative", "args": [{"type": "aspect", "offset": [1], "text": "tutorials"}, {"type": "opinion", "offset": [0], "text": "No"}]}], "event": [], "spot": ["aspect", "opinion"], "asoc": ["negative"], "spot_asoc": [{"span": "No", "label": "opinion", "asoc": []}, {"span": "tutorials", "label": "aspect", "asoc": [["negative", "No"]]}]}
{"text": "The battery gets so HOT it is scary .", "tokens": ["The", "battery", "gets", "so", "HOT", "it", "is", "scary", "."], "record": "<extra_id_0> <extra_id_0> aspect <extra_id_5> battery <extra_id_0> negative <extra_id_5> HOT <extra_id_1> <extra_id_0> negative <extra_id_5> scary <extra_id_1> <extra_id_1> <extra_id_0> opinion <extra_id_5> HOT <extra_id_1> <extra_id_0> opinion <extra_id_5> scary <extra_id_1> <extra_id_1>", "entity": [{"type": "aspect", "offset": [1], "text": "battery"}, {"type": "opinion", "offset": [4], "text": "HOT"}, {"type": "opinion", "offset": [7], "text": "scary"}], "relation": [{"type": "negative", "args": [{"type": "aspect", "offset": [1], "text": "battery"}, {"type": "opinion", "offset": [4], "text": "HOT"}]}, {"type": "negative", "args": [{"type": "aspect", "offset": [1], "text": "battery"}, {"type": "opinion", "offset": [7], "text": "scary"}]}], "event": [], "spot": ["aspect", "opinion"], "asoc": ["negative"], "spot_asoc": [{"span": "battery", "label": "aspect", "asoc": [["negative", "HOT"], ["negative", "scary"]]}, {"span": "HOT", "label": "opinion", "asoc": []}, {"span": "scary", "label": "opinion", "asoc": []}]}
{"text": "Maybe this is virus related , maybe not , but the computer has locked up many times , and on two occasions , the screen has simply gone black .", "tokens": ["Maybe", "this", "is", "virus", "related", ",", "maybe", "not", ",", "but", "the", "computer", "has", "locked", "up", "many", "times", ",", "and", "on", "two", "occasions", ",", "the", "screen", "has", "simply", "gone", "black", "."], "record": "<extra_id_0> <extra_id_0> aspect <extra_id_5> screen <extra_id_0> negative <extra_id_5> black <extra_id_1> <extra_id_1> <extra_id_0> opinion <extra_id_5> black <extra_id_1> <extra_id_1>", "entity": [{"type": "aspect", "offset": [24], "text": "screen"}, {"type": "opinion", "offset": [28], "text": "black"}], "relation": [{"type": "negative", "args": [{"type": "aspect", "offset": [24], "text": "screen"}, {"type": "opinion", "offset": [28], "text": "black"}]}], "event": [], "spot": ["aspect", "opinion"], "asoc": ["negative"], "spot_asoc": [{"span": "screen", "label": "aspect", "asoc": [["negative", "black"]]}, {"span": "black", "label": "opinion", "asoc": []}]}
{"text": "Another included program that is laughable is the chess game .", "tokens": ["Another", "included", "program", "that", "is", "laughable", "is", "the", "chess", "game", "."], "record": "<extra_id_0> <extra_id_0> aspect <extra_id_5> included program <extra_id_0> negative <extra_id_5> laughable <extra_id_1> <extra_id_1> <extra_id_0> opinion <extra_id_5> laughable <extra_id_1> <extra_id_1>", "entity": [{"type": "aspect", "offset": [1, 2], "text": "included program"}, {"type": "opinion", "offset": [5], "text": "laughable"}], "relation": [{"type": "negative", "args": [{"type": "aspect", "offset": [1, 2], "text": "included program"}, {"type": "opinion", "offset": [5], "text": "laughable"}]}], "event": [], "spot": ["aspect", "opinion"], "asoc": ["negative"], "spot_asoc": [{"span": "included program", "label": "aspect", "asoc": [["negative", "laughable"]]}, {"span": "laughable", "label": "opinion", "asoc": []}]}
{"text": "I regret buying it before understanding how awful it is to use .", "tokens": ["I", "regret", "buying", "it", "before", "understanding", "how", "awful", "it", "is", "to", "use", "."], "record": "<extra_id_0> <extra_id_0> opinion <extra_id_5> awful <extra_id_1> <extra_id_0> aspect <extra_id_5> use <extra_id_0> negative <extra_id_5> awful <extra_id_1> <extra_id_1> <extra_id_1>", "entity": [{"type": "aspect", "offset": [11], "text": "use"}, {"type": "opinion", "offset": [7], "text": "awful"}], "relation": [{"type": "negative", "args": [{"type": "aspect", "offset": [11], "text": "use"}, {"type": "opinion", "offset": [7], "text": "awful"}]}], "event": [], "spot": ["aspect", "opinion"], "asoc": ["negative"], "spot_asoc": [{"span": "awful", "label": "opinion", "asoc": []}, {"span": "use", "label": "aspect", "asoc": [["negative", "awful"]]}]}
{"text": "STOPPED BOOTING UP less than a week after my one-year warranty was up .", "tokens": ["STOPPED", "BOOTING", "UP", "less", "than", "a", "week", "after", "my", "one-year", "warranty", "was", "up", "."], "record": "<extra_id_0> <extra_id_0> opinion <extra_id_5> STOPPED <extra_id_1> <extra_id_0> aspect <extra_id_5> BOOTING UP <extra_id_0> negative <extra_id_5> STOPPED <extra_id_1> <extra_id_1> <extra_id_0> aspect <extra_id_5> one-year warranty <extra_id_0> neutral <extra_id_5> up <extra_id_1> <extra_id_1> <extra_id_0> opinion <extra_id_5> up <extra_id_1> <extra_id_1>", "entity": [{"type": "aspect", "offset": [1, 2], "text": "BOOTING UP"}, {"type": "aspect", "offset": [9, 10], "text": "one-year warranty"}, {"type": "opinion", "offset": [0], "text": "STOPPED"}, {"type": "opinion", "offset": [12], "text": "up"}], "relation": [{"type": "negative", "args": [{"type": "aspect", "offset": [1, 2], "text": "BOOTING UP"}, {"type": "opinion", "offset": [0], "text": "STOPPED"}]}, {"type": "neutral", "args": [{"type": "aspect", "offset": [9, 10], "text": "one-year warranty"}, {"type": "opinion", "offset": [12], "text": "up"}]}], "event": [], "spot": ["aspect", "opinion"], "asoc": ["neutral", "negative"], "spot_asoc": [{"span": "STOPPED", "label": "opinion", "asoc": []}, {"span": "BOOTING UP", "label": "aspect", "asoc": [["negative", "STOPPED"]]}, {"span": "one-year warranty", "label": "aspect", "asoc": [["neutral", "up"]]}, {"span": "up", "label": "opinion", "asoc": []}]}
{"text": "The battery life was shorter than expected .", "tokens": ["The", "battery", "life", "was", "shorter", "than", "expected", "."], "record": "<extra_id_0> <extra_id_0> aspect <extra_id_5> battery life <extra_id_0> negative <extra_id_5> shorter <extra_id_1> <extra_id_1> <extra_id_0> opinion <extra_id_5> shorter <extra_id_1> <extra_id_1>", "entity": [{"type": "aspect", "offset": [1, 2], "text": "battery life"}, {"type": "opinion", "offset": [4], "text": "shorter"}], "relation": [{"type": "negative", "args": [{"type": "aspect", "offset": [1, 2], "text": "battery life"}, {"type": "opinion", "offset": [4], "text": "shorter"}]}], "event": [], "spot": ["aspect", "opinion"], "asoc": ["negative"], "spot_asoc": [{"span": "battery life", "label": "aspect", "asoc": [["negative", "shorter"]]}, {"span": "shorter", "label": "opinion", "asoc": []}]}
{"text": "Have had many higher priced computers crash and burn long before ever got to use all that great memory and speed , etc .", "tokens": ["Have", "had", "many", "higher", "priced", "computers", "crash", "and", "burn", "long", "before", "ever", "got", "to", "use", "all", "that", "great", "memory", "and", "speed", ",", "etc", "."], "record": "<extra_id_0> <extra_id_0> opinion <extra_id_5> higher <extra_id_1> <extra_id_0> aspect <extra_id_5> priced <extra_id_0> negative <extra_id_5> higher <extra_id_1> <extra_id_1> <extra_id_0> opinion <extra_id_5> great <extra_id_1> <extra_id_0> aspect <extra_id_5> memory <extra_id_0> negative <extra_id_5> great <extra_id_1> <extra_id_1> <extra_id_0> aspect <extra_id_5> speed <extra_id_0> negative <extra_id_5> great <extra_id_1> <extra_id_1> <extra_id_1>", "entity": [{"type": "aspect", "offset": [18], "text": "memory"}, {"type": "aspect", "offset": [20], "text": "speed"}, {"type": "aspect", "offset": [4], "text": "priced"}, {"type": "opinion", "offset": [17], "text": "great"}, {"type": "opinion", "offset": [3], "text": "higher"}], "relation": [{"type": "negative", "args": [{"type": "aspect", "offset": [18], "text": "memory"}, {"type": "opinion", "offset": [17], "text": "great"}]}, {"type": "negative", "args": [{"type": "aspect", "offset": [20], "text": "speed"}, {"type": "opinion", "offset": [17], "text": "great"}]}, {"type": "negative", "args": [{"type": "aspect", "offset": [4], "text": "priced"}, {"type": "opinion", "offset": [3], "text": "higher"}]}], "event": [], "spot": ["aspect", "opinion"], "asoc": ["negative"], "spot_asoc": [{"span": "higher", "label": "opinion", "asoc": []}, {"span": "priced", "label": "aspect", "asoc": [["negative", "higher"]]}, {"span": "great", "label": "opinion", "asoc": []}, {"span": "memory", "label": "aspect", "asoc": [["negative", "great"]]}, {"span": "speed", "label": "aspect", "asoc": [["negative", "great"]]}]}
{"text": "The battery life sucked the juice from my laptop and when the extended life battery went out we were SOL there to , so much for that warranty covering all the products we purchased .", "tokens": ["The", "battery", "life", "sucked", "the", "juice", "from", "my", "laptop", "and", "when", "the", "extended", "life", "battery", "went", "out", "we", "were", "SOL", "there", "to", ",", "so", "much", "for", "that", "warranty", "covering", "all", "the", "products", "we", "purchased", "."], "record": "<extra_id_0> <extra_id_0> aspect <extra_id_5> battery life <extra_id_0> negative <extra_id_5> sucked <extra_id_1> <extra_id_1> <extra_id_0> opinion <extra_id_5> sucked <extra_id_1> <extra_id_1>", "entity": [{"type": "aspect", "offset": [1, 2], "text": "battery life"}, {"type": "opinion", "offset": [3], "text": "sucked"}], "relation": [{"type": "negative", "args": [{"type": "aspect", "offset": [1, 2], "text": "battery life"}, {"type": "opinion", "offset": [3], "text": "sucked"}]}], "event": [], "spot": ["aspect", "opinion"], "asoc": ["negative"], "spot_asoc": [{"span": "battery life", "label": "aspect", "asoc": [["negative", "sucked"]]}, {"span": "sucked", "label": "opinion", "asoc": []}]}
{"text": "It did n't come with any software installed outside of windows media , but for the price , I was very pleased with the condition and the overall product .", "tokens": ["It", "did", "n't", "come", "with", "any", "software", "installed", "outside", "of", "windows", "media", ",", "but", "for", "the", "price", ",", "I", "was", "very", "pleased", "with", "the", "condition", "and", "the", "overall", "product", "."], "record": "<extra_id_0> <extra_id_0> opinion <extra_id_5> did n't come with <extra_id_1> <extra_id_0> aspect <extra_id_5> software <extra_id_0> negative <extra_id_5> did n't come with <extra_id_1> <extra_id_1> <extra_id_0> aspect <extra_id_5> price <extra_id_0> positive <extra_id_5> pleased <extra_id_1> <extra_id_1> <extra_id_0> opinion <extra_id_5> pleased <extra_id_1> <extra_id_1>", "entity": [{"type": "aspect", "offset": [6], "text": "software"}, {"type": "aspect", "offset": [16], "text": "price"}, {"type": "opinion", "offset": [1, 2, 3, 4], "text": "did n't come with"}, {"type": "opinion", "offset": [21], "text": "pleased"}], "relation": [{"type": "negative", "args": [{"type": "aspect", "offset": [6], "text": "software"}, {"type": "opinion", "offset": [1, 2, 3, 4], "text": "did n't come with"}]}, {"type": "positive", "args": [{"type": "aspect", "offset": [16], "text": "price"}, {"type": "opinion", "offset": [21], "text": "pleased"}]}], "event": [], "spot": ["aspect", "opinion"], "asoc": ["positive", "negative"], "spot_asoc": [{"span": "did n't come with", "label": "opinion", "asoc": []}, {"span": "software", "label": "aspect", "asoc": [["negative", "did n't come with"]]}, {"span": "price", "label": "aspect", "asoc": [["positive", "pleased"]]}, {"span": "pleased", "label": "opinion", "asoc": []}]}
{"text": "Its Office compatible , but the features and its functioning is all new again so you might as well save the money and just learn the pre installed mac programs .", "tokens": ["Its", "Office", "compatible", ",", "but", "the", "features", "and", "its", "functioning", "is", "all", "new", "again", "so", "you", "might", "as", "well", "save", "the", "money", "and", "just", "learn", "the", "pre", "installed", "mac", "programs", "."], "record": "<extra_id_0> <extra_id_0> aspect <extra_id_5> Office <extra_id_0> positive <extra_id_5> compatible <extra_id_1> <extra_id_1> <extra_id_0> opinion <extra_id_5> compatible <extra_id_1> <extra_id_0> aspect <extra_id_5> features <extra_id_0> neutral <extra_id_5> new <extra_id_1> <extra_id_1> <extra_id_0> aspect <extra_id_5> functioning <extra_id_0> neutral <extra_id_5> new <extra_id_1> <extra_id_1> <extra_id_0> opinion <extra_id_5> new <extra_id_1> <extra_id_1>", "entity": [{"type": "aspect", "offset": [6], "text": "features"}, {"type": "aspect", "offset": [9], "text": "functioning"}, {"type": "aspect", "offset": [1], "text": "Office"}, {"type": "opinion", "offset": [12], "text": "new"}, {"type": "opinion", "offset": [2], "text": "compatible"}], "relation": [{"type": "neutral", "args": [{"type": "aspect", "offset": [6], "text": "features"}, {"type": "opinion", "offset": [12], "text": "new"}]}, {"type": "neutral", "args": [{"type": "aspect", "offset": [9], "text": "functioning"}, {"type": "opinion", "offset": [12], "text": "new"}]}, {"type": "positive", "args": [{"type": "aspect", "offset": [1], "text": "Office"}, {"type": "opinion", "offset": [2], "text": "compatible"}]}], "event": [], "spot": ["aspect", "opinion"], "asoc": ["positive", "neutral"], "spot_asoc": [{"span": "Office", "label": "aspect", "asoc": [["positive", "compatible"]]}, {"span": "compatible", "label": "opinion", "asoc": []}, {"span": "features", "label": "aspect", "asoc": [["neutral", "new"]]}, {"span": "functioning", "label": "aspect", "asoc": [["neutral", "new"]]}, {"span": "new", "label": "opinion", "asoc": []}]}
{"text": "I was looking too closely at the other performance specs and while comparing , I took it for granted that these features were standard .", "tokens": ["I", "was", "looking", "too", "closely", "at", "the", "other", "performance", "specs", "and", "while", "comparing", ",", "I", "took", "it", "for", "granted", "that", "these", "features", "were", "standard", "."], "record": "<extra_id_0> <extra_id_0> aspect <extra_id_5> features <extra_id_0> neutral <extra_id_5> standard <extra_id_1> <extra_id_1> <extra_id_0> opinion <extra_id_5> standard <extra_id_1> <extra_id_1>", "entity": [{"type": "aspect", "offset": [21], "text": "features"}, {"type": "opinion", "offset": [23], "text": "standard"}], "relation": [{"type": "neutral", "args": [{"type": "aspect", "offset": [21], "text": "features"}, {"type": "opinion", "offset": [23], "text": "standard"}]}], "event": [], "spot": ["aspect", "opinion"], "asoc": ["neutral"], "spot_asoc": [{"span": "features", "label": "aspect", "asoc": [["neutral", "standard"]]}, {"span": "standard", "label": "opinion", "asoc": []}]}
{"text": "I used to build my own desktops from the component parts , and recently my 7 year old Pentium 4 with HT 1 GB ram SATA desktop stopped working ( this was a rock star 7 years ago ) .", "tokens": ["I", "used", "to", "build", "my", "own", "desktops", "from", "the", "component", "parts", ",", "and", "recently", "my", "7", "year", "old", "Pentium", "4", "with", "HT", "1", "GB", "ram", "SATA", "desktop", "stopped", "working", "(", "this", "was", "a", "rock", "star", "7", "years", "ago", ")", "."], "record": "<extra_id_0> <extra_id_0> aspect <extra_id_5> Pentium 4 <extra_id_0> neutral <extra_id_5> stopped working <extra_id_1> <extra_id_1> <extra_id_0> aspect <extra_id_5> 1 GB ram <extra_id_0> neutral <extra_id_5> stopped working <extra_id_1> <extra_id_1> <extra_id_0> opinion <extra_id_5> stopped working <extra_id_1> <extra_id_1>", "entity": [{"type": "aspect", "offset": [18, 19], "text": "Pentium 4"}, {"type": "aspect", "offset": [22, 23, 24], "text": "1 GB ram"}, {"type": "opinion", "offset": [27, 28], "text": "stopped working"}], "relation": [{"type": "neutral", "args": [{"type": "aspect", "offset": [18, 19], "text": "Pentium 4"}, {"type": "opinion", "offset": [27, 28], "text": "stopped working"}]}, {"type": "neutral", "args": [{"type": "aspect", "offset": [22, 23, 24], "text": "1 GB ram"}, {"type": "opinion", "offset": [27, 28], "text": "stopped working"}]}], "event": [], "spot": ["aspect", "opinion"], "asoc": ["neutral"], "spot_asoc": [{"span": "Pentium 4", "label": "aspect", "asoc": [["neutral", "stopped working"]]}, {"span": "1 GB ram", "label": "aspect", "asoc": [["neutral", "stopped working"]]}, {"span": "stopped working", "label": "opinion", "asoc": []}]}
{"text": "In all honesty , if someone is looking for a quality laptop and willing to pay a little more money for a normal sized laptop than a cheaper and less impressive laptop , then do not buy this computer .", "tokens": ["In", "all", "honesty", ",", "if", "someone", "is", "looking", "for", "a", "quality", "laptop", "and", "willing", "to", "pay", "a", "little", "more", "money", "for", "a", "normal", "sized", "laptop", "than", "a", "cheaper", "and", "less", "impressive", "laptop", ",", "then", "do", "not", "buy", "this", "computer", "."], "record": "<extra_id_0> <extra_id_0> opinion <extra_id_5> normal <extra_id_1> <extra_id_0> aspect <extra_id_5> sized <extra_id_0> neutral <extra_id_5> normal <extra_id_1> <extra_id_1> <extra_id_1>", "entity": [{"type": "aspect", "offset": [23], "text": "sized"}, {"type": "opinion", "offset": [22], "text": "normal"}], "relation": [{"type": "neutral", "args": [{"type": "aspect", "offset": [23], "text": "sized"}, {"type": "opinion", "offset": [22], "text": "normal"}]}], "event": [], "spot": ["aspect", "opinion"], "asoc": ["neutral"], "spot_asoc": [{"span": "normal", "label": "opinion", "asoc": []}, {"span": "sized", "label": "aspect", "asoc": [["neutral", "normal"]]}]}
{"text": "I also enjoy the fact that my MacBook Pro laptop allows me to run Windows 7 on it by using the VMWare program .", "tokens": ["I", "also", "enjoy", "the", "fact", "that", "my", "MacBook", "Pro", "laptop", "allows", "me", "to", "run", "Windows", "7", "on", "it", "by", "using", "the", "VMWare", "program", "."], "record": "<extra_id_0> <extra_id_0> opinion <extra_id_5> enjoy <extra_id_1> <extra_id_0> aspect <extra_id_5> Windows 7 <extra_id_0> positive <extra_id_5> enjoy <extra_id_1> <extra_id_1> <extra_id_0> aspect <extra_id_5> VMWare program <extra_id_0> neutral <extra_id_5> enjoy <extra_id_1> <extra_id_1> <extra_id_1>", "entity": [{"type": "aspect", "offset": [14, 15], "text": "Windows 7"}, {"type": "aspect", "offset": [21, 22], "text": "VMWare program"}, {"type": "opinion", "offset": [2], "text": "enjoy"}], "relation": [{"type": "positive", "args": [{"type": "aspect", "offset": [14, 15], "text": "Windows 7"}, {"type": "opinion", "offset": [2], "text": "enjoy"}]}, {"type": "neutral", "args": [{"type": "aspect", "offset": [21, 22], "text": "VMWare program"}, {"type": "opinion", "offset": [2], "text": "enjoy"}]}], "event": [], "spot": ["aspect", "opinion"], "asoc": ["positive", "neutral"], "spot_asoc": [{"span": "enjoy", "label": "opinion", "asoc": []}, {"span": "Windows 7", "label": "aspect", "asoc": [["positive", "enjoy"]]}, {"span": "VMWare program", "label": "aspect", "asoc": [["neutral", "enjoy"]]}]}
{"text": "Its very nice and once you learn the features you will be so happy to have such a sophisticated computer .", "tokens": ["Its", "very", "nice", "and", "once", "you", "learn", "the", "features", "you", "will", "be", "so", "happy", "to", "have", "such", "a", "sophisticated", "computer", "."], "record": "<extra_id_0> <extra_id_0> aspect <extra_id_5> features <extra_id_0> neutral <extra_id_5> happy <extra_id_1> <extra_id_1> <extra_id_0> opinion <extra_id_5> happy <extra_id_1> <extra_id_1>", "entity": [{"type": "aspect", "offset": [8], "text": "features"}, {"type": "opinion", "offset": [13], "text": "happy"}], "relation": [{"type": "neutral", "args": [{"type": "aspect", "offset": [8], "text": "features"}, {"type": "opinion", "offset": [13], "text": "happy"}]}], "event": [], "spot": ["aspect", "opinion"], "asoc": ["neutral"], "spot_asoc": [{"span": "features", "label": "aspect", "asoc": [["neutral", "happy"]]}, {"span": "happy", "label": "opinion", "asoc": []}]}
{"text": "I upgraded the memory and replaced the base Windows 7 Starter to Win 7 Home , and it runs just fine .", "tokens": ["I", "upgraded", "the", "memory", "and", "replaced", "the", "base", "Windows", "7", "Starter", "to", "Win", "7", "Home", ",", "and", "it", "runs", "just", "fine", "."], "record": "<extra_id_0> <extra_id_0> opinion <extra_id_5> upgraded <extra_id_1> <extra_id_0> aspect <extra_id_5> memory <extra_id_0> neutral <extra_id_5> upgraded <extra_id_1> <extra_id_0> neutral <extra_id_5> fine <extra_id_1> <extra_id_1> <extra_id_0> opinion <extra_id_5> replaced <extra_id_1> <extra_id_0> aspect <extra_id_5> Windows 7 Starter <extra_id_0> neutral <extra_id_5> replaced <extra_id_1> <extra_id_1> <extra_id_0> aspect <extra_id_5> Win 7 Home <extra_id_0> neutral <extra_id_5> fine <extra_id_1> <extra_id_1> <extra_id_0> aspect <extra_id_5> runs <extra_id_0> positive <extra_id_5> fine <extra_id_1> <extra_id_1> <extra_id_0> opinion <extra_id_5> fine <extra_id_1> <extra_id_1>", "entity": [{"type": "aspect", "offset": [3], "text": "memory"}, {"type": "aspect", "offset": [8, 9, 10], "text": "Windows 7 Starter"}, {"type": "aspect", "offset": [12, 13, 14], "text": "Win 7 Home"}, {"type": "aspect", "offset": [18], "text": "runs"}, {"type": "opinion", "offset": [1], "text": "upgraded"}, {"type": "opinion", "offset": [20], "text": "fine"}, {"type": "opinion", "offset": [5], "text": "replaced"}], "relation": [{"type": "neutral", "args": [{"type": "aspect", "offset": [3], "text": "memory"}, {"type": "opinion", "offset": [1], "text": "upgraded"}]}, {"type": "neutral", "args": [{"type": "aspect", "offset": [3], "text": "memory"}, {"type": "opinion", "offset": [20], "text": "fine"}]}, {"type": "neutral", "args": [{"type": "aspect", "offset": [8, 9, 10], "text": "Windows 7 Starter"}, {"type": "opinion", "offset": [5], "text": "replaced"}]}, {"type": "neutral", "args": [{"type": "aspect", "offset": [12, 13, 14], "text": "Win 7 Home"}, {"type": "opinion", "offset": [20], "text": "fine"}]}, {"type": "positive", "args": [{"type": "aspect", "offset": [18], "text": "runs"}, {"type": "opinion", "offset": [20], "text": "fine"}]}], "event": [], "spot": ["aspect", "opinion"], "asoc": ["positive", "neutral"], "spot_asoc": [{"span": "upgraded", "label": "opinion", "asoc": []}, {"span": "memory", "label": "aspect", "asoc": [["neutral", "upgraded"], ["neutral", "fine"]]}, {"span": "replaced", "label": "opinion", "asoc": []}, {"span": "Windows 7 Starter", "label": "aspect", "asoc": [["neutral", "replaced"]]}, {"span": "Win 7 Home", "label": "aspect", "asoc": [["neutral", "fine"]]}, {"span": "runs", "label": "aspect", "asoc": [["positive", "fine"]]}, {"span": "fine", "label": "opinion", "asoc": []}]}
{"text": "I was loving this Netbook because it had an amazing screen and display and was small and light , but after 1 week it stopped openning web pages for me ( even after installing new browsers ) then eventually it just started giving me a blue screen and crashing everytime I booted it .", "tokens": ["I", "was", "loving", "this", "Netbook", "because", "it", "had", "an", "amazing", "screen", "and", "display", "and", "was", "small", "and", "light", ",", "but", "after", "1", "week", "it", "stopped", "openning", "web", "pages", "for", "me", "(", "even", "after", "installing", "new", "browsers", ")", "then", "eventually", "it", "just", "started", "giving", "me", "a", "blue", "screen", "and", "crashing", "everytime", "I", "booted", "it", "."], "record": "<extra_id_0> <extra_id_0> opinion <extra_id_5> amazing <extra_id_1> <extra_id_0> aspect <extra_id_5> screen <extra_id_0> positive <extra_id_5> amazing <extra_id_1> <extra_id_1> <extra_id_0> aspect <extra_id_5> display <extra_id_0> positive <extra_id_5> small <extra_id_1> <extra_id_0> positive <extra_id_5> light <extra_id_1> <extra_id_1> <extra_id_0> opinion <extra_id_5> small <extra_id_1> <extra_id_0> opinion <extra_id_5> light <extra_id_1> <extra_id_0> opinion <extra_id_5> new <extra_id_1> <extra_id_0> aspect <extra_id_5> browsers <extra_id_0> neutral <extra_id_5> new <extra_id_1> <extra_id_1> <extra_id_1>", "entity": [{"type": "aspect", "offset": [10], "text": "screen"}, {"type": "aspect", "offset": [12], "text": "display"}, {"type": "aspect", "offset": [35], "text": "browsers"}, {"type": "opinion", "offset": [9], "text": "amazing"}, {"type": "opinion", "offset": [15], "text": "small"}, {"type": "opinion", "offset": [17], "text": "light"}, {"type": "opinion", "offset": [34], "text": "new"}], "relation": [{"type": "positive", "args": [{"type": "aspect", "offset": [10], "text": "screen"}, {"type": "opinion", "offset": [9], "text": "amazing"}]}, {"type": "positive", "args": [{"type": "aspect", "offset": [12], "text": "display"}, {"type": "opinion", "offset": [15], "text": "small"}]}, {"type": "positive", "args": [{"type": "aspect", "offset": [12], "text": "display"}, {"type": "opinion", "offset": [17], "text": "light"}]}, {"type": "neutral", "args": [{"type": "aspect", "offset": [35], "text": "browsers"}, {"type": "opinion", "offset": [34], "text": "new"}]}], "event": [], "spot": ["aspect", "opinion"], "asoc": ["positive", "neutral"], "spot_asoc": [{"span": "amazing", "label": "opinion", "asoc": []}, {"span": "screen", "label": "aspect", "asoc": [["positive", "amazing"]]}, {"span": "display", "label": "aspect", "asoc": [["positive", "small"], ["positive", "light"]]}, {"span": "small", "label": "opinion", "asoc": []}, {"span": "light", "label": "opinion", "asoc": []}, {"span": "new", "label": "opinion", "asoc": []}, {"span": "browsers", "label": "aspect", "asoc": [["neutral", "new"]]}]}
{"text": "Battery is lasting about 6 hours as I am surfing the web on Sundays while checking football scores and watching funny Youtube videos .", "tokens": ["Battery", "is", "lasting", "about", "6", "hours", "as", "I", "am", "surfing", "the", "web", "on", "Sundays", "while", "checking", "football", "scores", "and", "watching", "funny", "Youtube", "videos", "."], "record": "<extra_id_0> <extra_id_0> aspect <extra_id_5> Battery <extra_id_0> neutral <extra_id_5> lasting <extra_id_1> <extra_id_1> <extra_id_0> opinion <extra_id_5> lasting <extra_id_1> <extra_id_1>", "entity": [{"type": "aspect", "offset": [0], "text": "Battery"}, {"type": "opinion", "offset": [2], "text": "lasting"}], "relation": [{"type": "neutral", "args": [{"type": "aspect", "offset": [0], "text": "Battery"}, {"type": "opinion", "offset": [2], "text": "lasting"}]}], "event": [], "spot": ["aspect", "opinion"], "asoc": ["neutral"], "spot_asoc": [{"span": "Battery", "label": "aspect", "asoc": [["neutral", "lasting"]]}, {"span": "lasting", "label": "opinion", "asoc": []}]}
{"text": "So , I took it back to the apple store and they narcissist genius bar staff ) fixed it by resetting the fan at boot up .", "tokens": ["So", ",", "I", "took", "it", "back", "to", "the", "apple", "store", "and", "they", "narcissist", "genius", "bar", "staff", ")", "fixed", "it", "by", "resetting", "the", "fan", "at", "boot", "up", "."], "record": "<extra_id_0> <extra_id_0> opinion <extra_id_5> fixed <extra_id_1> <extra_id_0> aspect <extra_id_5> fan <extra_id_0> neutral <extra_id_5> fixed <extra_id_1> <extra_id_1> <extra_id_1>", "entity": [{"type": "aspect", "offset": [22], "text": "fan"}, {"type": "opinion", "offset": [17], "text": "fixed"}], "relation": [{"type": "neutral", "args": [{"type": "aspect", "offset": [22], "text": "fan"}, {"type": "opinion", "offset": [17], "text": "fixed"}]}], "event": [], "spot": ["aspect", "opinion"], "asoc": ["neutral"], "spot_asoc": [{"span": "fixed", "label": "opinion", "asoc": []}, {"span": "fan", "label": "aspect", "asoc": [["neutral", "fixed"]]}]}
