{"text": "oh yeah , and if the fancy webcam breaks guess who you have to send it to to get it fixed ?", "tokens": ["oh", "yeah", ",", "and", "if", "the", "fancy", "webcam", "breaks", "guess", "who", "you", "have", "to", "send", "it", "to", "to", "get", "it", "fixed", "?"], "record": "<extra_id_0> <extra_id_0> opinion <extra_id_5> fancy <extra_id_1> <extra_id_0> aspect <extra_id_5> webcam <extra_id_0> negative <extra_id_5> fancy <extra_id_1> <extra_id_1> <extra_id_1>", "entity": [{"type": "aspect", "offset": [7], "text": "webcam"}, {"type": "opinion", "offset": [6], "text": "fancy"}], "relation": [{"type": "negative", "args": [{"type": "aspect", "offset": [7], "text": "webcam"}, {"type": "opinion", "offset": [6], "text": "fancy"}]}], "event": [], "spot": ["aspect", "opinion"], "asoc": ["negative"], "spot_asoc": [{"span": "fancy", "label": "opinion", "asoc": []}, {"span": "webcam", "label": "aspect", "asoc": [["negative", "fancy"]]}]}
{"text": "I know that everyone thinks Macs are overpriced and overrated , but once you get past the initial expense you 'll find that they 're worth every penny ( besides , there 's always the financing plan that Best Buy offers ) .", "tokens": ["I", "know", "that", "everyone", "thinks", "Macs", "are", "overpriced", "and", "overrated", ",", "but", "once", "you", "get", "past", "the", "initial", "expense", "you", "'ll", "find", "that", "they", "'re", "worth", "every", "penny", "(", "besides", ",", "there", "'s", "always", "the", "financing", "plan", "that", "Best", "Buy", "offers", ")", "."], "record": "<extra_id_0> <extra_id_0> aspect <extra_id_5> expense <extra_id_0> negative <extra_id_5> worth <extra_id_1> <extra_id_1> <extra_id_0> opinion <extra_id_5> worth <extra_id_1> <extra_id_1>", "entity": [{"type": "aspect", "offset": [18], "text": "expense"}, {"type": "opinion", "offset": [25], "text": "worth"}], "relation": [{"type": "negative", "args": [{"type": "aspect", "offset": [18], "text": "expense"}, {"type": "opinion", "offset": [25], "text": "worth"}]}], "event": [], "spot": ["aspect", "opinion"], "asoc": ["negative"], "spot_asoc": [{"span": "expense", "label": "aspect", "asoc": [["negative", "worth"]]}, {"span": "worth", "label": "opinion", "asoc": []}]}
{"text": "YOU WILL NOT BE ABLE TO TALK TO AN AMERICAN WARRANTY SERVICE IS OUT OF COUNTRY .", "tokens": ["YOU", "WILL", "NOT", "BE", "ABLE", "TO", "TALK", "TO", "AN", "AMERICAN", "WARRANTY", "SERVICE", "IS", "OUT", "OF", "COUNTRY", "."], "record": "<extra_id_0> <extra_id_0> opinion <extra_id_5> NOT BE ABLE <extra_id_1> <extra_id_0> aspect <extra_id_5> WARRANTY SERVICE <extra_id_0> negative <extra_id_5> NOT BE ABLE <extra_id_1> <extra_id_1> <extra_id_1>", "entity": [{"type": "aspect", "offset": [10, 11], "text": "WARRANTY SERVICE"}, {"type": "opinion", "offset": [2, 3, 4], "text": "NOT BE ABLE"}], "relation": [{"type": "negative", "args": [{"type": "aspect", "offset": [10, 11], "text": "WARRANTY SERVICE"}, {"type": "opinion", "offset": [2, 3, 4], "text": "NOT BE ABLE"}]}], "event": [], "spot": ["aspect", "opinion"], "asoc": ["negative"], "spot_asoc": [{"span": "NOT BE ABLE", "label": "opinion", "asoc": []}, {"span": "WARRANTY SERVICE", "label": "aspect", "asoc": [["negative", "NOT BE ABLE"]]}]}
{"text": "Now I had not tried to use this since the disc drive had been replaced and after taking it back to the Geek Squad I found out they had accidently not used the right drive when they replaced the first one , so back it went to get the correct drive .", "tokens": ["Now", "I", "had", "not", "tried", "to", "use", "this", "since", "the", "disc", "drive", "had", "been", "replaced", "and", "after", "taking", "it", "back", "to", "the", "Geek", "Squad", "I", "found", "out", "they", "had", "accidently", "not", "used", "the", "right", "drive", "when", "they", "replaced", "the", "first", "one", ",", "so", "back", "it", "went", "to", "get", "the", "correct", "drive", "."], "record": "<extra_id_0> <extra_id_0> aspect <extra_id_5> disc drive <extra_id_0> negative <extra_id_5> replaced <extra_id_1> <extra_id_1> <extra_id_0> opinion <extra_id_5> replaced <extra_id_1> <extra_id_1>", "entity": [{"type": "aspect", "offset": [10, 11], "text": "disc drive"}, {"type": "opinion", "offset": [14], "text": "replaced"}], "relation": [{"type": "negative", "args": [{"type": "aspect", "offset": [10, 11], "text": "disc drive"}, {"type": "opinion", "offset": [14], "text": "replaced"}]}], "event": [], "spot": ["aspect", "opinion"], "asoc": ["negative"], "spot_asoc": [{"span": "disc drive", "label": "aspect", "asoc": [["negative", "replaced"]]}, {"span": "replaced", "label": "opinion", "asoc": []}]}
{"text": "It was hard to handle and operate at school .", "tokens": ["It", "was", "hard", "to", "handle", "and", "operate", "at", "school", "."], "record": "<extra_id_0> <extra_id_0> opinion <extra_id_5> hard <extra_id_1> <extra_id_0> aspect <extra_id_5> handle <extra_id_0> negative <extra_id_5> hard <extra_id_1> <extra_id_1> <extra_id_0> aspect <extra_id_5> operate <extra_id_0> negative <extra_id_5> hard <extra_id_1> <extra_id_1> <extra_id_1>", "entity": [{"type": "aspect", "offset": [4], "text": "handle"}, {"type": "aspect", "offset": [6], "text": "operate"}, {"type": "opinion", "offset": [2], "text": "hard"}], "relation": [{"type": "negative", "args": [{"type": "aspect", "offset": [4], "text": "handle"}, {"type": "opinion", "offset": [2], "text": "hard"}]}, {"type": "negative", "args": [{"type": "aspect", "offset": [6], "text": "operate"}, {"type": "opinion", "offset": [2], "text": "hard"}]}], "event": [], "spot": ["aspect", "opinion"], "asoc": ["negative"], "spot_asoc": [{"span": "hard", "label": "opinion", "asoc": []}, {"span": "handle", "label": "aspect", "asoc": [["negative", "hard"]]}, {"span": "operate", "label": "aspect", "asoc": [["negative", "hard"]]}]}
{"text": "After the warrenty expired the hard drive went bad and it would have cost more to fix then to replace .", "tokens": ["After", "the", "warrenty", "expired", "the", "hard", "drive", "went", "bad", "and", "it", "would", "have", "cost", "more", "to", "fix", "then", "to", "replace", "."], "record": "<extra_id_0> <extra_id_0> aspect <extra_id_5> hard drive <extra_id_0> negative <extra_id_5> bad <extra_id_1> <extra_id_1> <extra_id_0> opinion <extra_id_5> bad <extra_id_1> <extra_id_1>", "entity": [{"type": "aspect", "offset": [5, 6], "text": "hard drive"}, {"type": "opinion", "offset": [8], "text": "bad"}], "relation": [{"type": "negative", "args": [{"type": "aspect", "offset": [5, 6], "text": "hard drive"}, {"type": "opinion", "offset": [8], "text": "bad"}]}], "event": [], "spot": ["aspect", "opinion"], "asoc": ["negative"], "spot_asoc": [{"span": "hard drive", "label": "aspect", "asoc": [["negative", "bad"]]}, {"span": "bad", "label": "opinion", "asoc": []}]}
{"text": "There are no gold key numbers too intall programs , you must use the serial numbers that it does not accept and then things are limited as far a working because they are only good for a short time .", "tokens": ["There", "are", "no", "gold", "key", "numbers", "too", "intall", "programs", ",", "you", "must", "use", "the", "serial", "numbers", "that", "it", "does", "not", "accept", "and", "then", "things", "are", "limited", "as", "far", "a", "working", "because", "they", "are", "only", "good", "for", "a", "short", "time", "."], "record": "<extra_id_0> <extra_id_0> aspect <extra_id_5> programs <extra_id_0> negative <extra_id_5> limited <extra_id_1> <extra_id_1> <extra_id_0> opinion <extra_id_5> limited <extra_id_1> <extra_id_1>", "entity": [{"type": "aspect", "offset": [8], "text": "programs"}, {"type": "opinion", "offset": [25], "text": "limited"}], "relation": [{"type": "negative", "args": [{"type": "aspect", "offset": [8], "text": "programs"}, {"type": "opinion", "offset": [25], "text": "limited"}]}], "event": [], "spot": ["aspect", "opinion"], "asoc": ["negative"], "spot_asoc": [{"span": "programs", "label": "aspect", "asoc": [["negative", "limited"]]}, {"span": "limited", "label": "opinion", "asoc": []}]}
{"text": "I had to re-install Windows within two weeks of the purchase and soon discovered cracks in the screen hinges .", "tokens": ["I", "had", "to", "re-install", "Windows", "within", "two", "weeks", "of", "the", "purchase", "and", "soon", "discovered", "cracks", "in", "the", "screen", "hinges", "."], "record": "<extra_id_0> <extra_id_0> opinion <extra_id_5> cracks <extra_id_1> <extra_id_0> aspect <extra_id_5> screen hinges <extra_id_0> negative <extra_id_5> cracks <extra_id_1> <extra_id_1> <extra_id_1>", "entity": [{"type": "aspect", "offset": [17, 18], "text": "screen hinges"}, {"type": "opinion", "offset": [14], "text": "cracks"}], "relation": [{"type": "negative", "args": [{"type": "aspect", "offset": [17, 18], "text": "screen hinges"}, {"type": "opinion", "offset": [14], "text": "cracks"}]}], "event": [], "spot": ["aspect", "opinion"], "asoc": ["negative"], "spot_asoc": [{"span": "cracks", "label": "opinion", "asoc": []}, {"span": "screen hinges", "label": "aspect", "asoc": [["negative", "cracks"]]}]}
{"text": "It was heavy , bulky , and hard to carry because of the size .", "tokens": ["It", "was", "heavy", ",", "bulky", ",", "and", "hard", "to", "carry", "because", "of", "the", "size", "."], "record": "<extra_id_0> <extra_id_0> opinion <extra_id_5> heavy <extra_id_1> <extra_id_0> opinion <extra_id_5> bulky <extra_id_1> <extra_id_0> opinion <extra_id_5> hard <extra_id_1> <extra_id_0> aspect <extra_id_5> size <extra_id_0> negative <extra_id_5> heavy <extra_id_1> <extra_id_0> negative <extra_id_5> bulky <extra_id_1> <extra_id_0> negative <extra_id_5> hard <extra_id_1> <extra_id_1> <extra_id_1>", "entity": [{"type": "aspect", "offset": [13], "text": "size"}, {"type": "opinion", "offset": [2], "text": "heavy"}, {"type": "opinion", "offset": [4], "text": "bulky"}, {"type": "opinion", "offset": [7], "text": "hard"}], "relation": [{"type": "negative", "args": [{"type": "aspect", "offset": [13], "text": "size"}, {"type": "opinion", "offset": [2], "text": "heavy"}]}, {"type": "negative", "args": [{"type": "aspect", "offset": [13], "text": "size"}, {"type": "opinion", "offset": [4], "text": "bulky"}]}, {"type": "negative", "args": [{"type": "aspect", "offset": [13], "text": "size"}, {"type": "opinion", "offset": [7], "text": "hard"}]}], "event": [], "spot": ["aspect", "opinion"], "asoc": ["negative"], "spot_asoc": [{"span": "heavy", "label": "opinion", "asoc": []}, {"span": "bulky", "label": "opinion", "asoc": []}, {"span": "hard", "label": "opinion", "asoc": []}, {"span": "size", "label": "aspect", "asoc": [["negative", "heavy"], ["negative", "bulky"], ["negative", "hard"]]}]}
{"text": "Even though it is running Snow Leopard , 2.4 GHz C2D is a bit of an antiquated CPU and thus the occasional spinning wheel would appear when running Office Mac applications such as Word or Excel .", "tokens": ["Even", "though", "it", "is", "running", "Snow", "Leopard", ",", "2.4", "GHz", "C2D", "is", "a", "bit", "of", "an", "antiquated", "CPU", "and", "thus", "the", "occasional", "spinning", "wheel", "would", "appear", "when", "running", "Office", "Mac", "applications", "such", "as", "Word", "or", "Excel", "."], "record": "<extra_id_0> <extra_id_0> opinion <extra_id_5> antiquated <extra_id_1> <extra_id_0> aspect <extra_id_5> CPU <extra_id_0> negative <extra_id_5> antiquated <extra_id_1> <extra_id_1> <extra_id_0> opinion <extra_id_5> occasional <extra_id_1> <extra_id_0> aspect <extra_id_5> spinning wheel <extra_id_0> negative <extra_id_5> occasional <extra_id_1> <extra_id_1> <extra_id_1>", "entity": [{"type": "aspect", "offset": [17], "text": "CPU"}, {"type": "aspect", "offset": [22, 23], "text": "spinning wheel"}, {"type": "opinion", "offset": [16], "text": "antiquated"}, {"type": "opinion", "offset": [21], "text": "occasional"}], "relation": [{"type": "negative", "args": [{"type": "aspect", "offset": [17], "text": "CPU"}, {"type": "opinion", "offset": [16], "text": "antiquated"}]}, {"type": "negative", "args": [{"type": "aspect", "offset": [22, 23], "text": "spinning wheel"}, {"type": "opinion", "offset": [21], "text": "occasional"}]}], "event": [], "spot": ["aspect", "opinion"], "asoc": ["negative"], "spot_asoc": [{"span": "antiquated", "label": "opinion", "asoc": []}, {"span": "CPU", "label": "aspect", "asoc": [["negative", "antiquated"]]}, {"span": "occasional", "label": "opinion", "asoc": []}, {"span": "spinning wheel", "label": "aspect", "asoc": [["negative", "occasional"]]}]}
{"text": "However , the multi-touch gestures and large tracking area make having an external mouse unnecessary ( unless you 're gaming ) .", "tokens": ["However", ",", "the", "multi-touch", "gestures", "and", "large", "tracking", "area", "make", "having", "an", "external", "mouse", "unnecessary", "(", "unless", "you", "'re", "gaming", ")", "."], "record": "<extra_id_0> <extra_id_0> aspect <extra_id_5> external mouse <extra_id_0> neutral <extra_id_5> unnecessary <extra_id_1> <extra_id_1> <extra_id_0> opinion <extra_id_5> unnecessary <extra_id_1> <extra_id_1>", "entity": [{"type": "aspect", "offset": [12, 13], "text": "external mouse"}, {"type": "opinion", "offset": [14], "text": "unnecessary"}], "relation": [{"type": "neutral", "args": [{"type": "aspect", "offset": [12, 13], "text": "external mouse"}, {"type": "opinion", "offset": [14], "text": "unnecessary"}]}], "event": [], "spot": ["aspect", "opinion"], "asoc": ["neutral"], "spot_asoc": [{"span": "external mouse", "label": "aspect", "asoc": [["neutral", "unnecessary"]]}, {"span": "unnecessary", "label": "opinion", "asoc": []}]}
{"text": "I connect a LaCie 2Big external drive via the firewire 800 interface , which is useful for Time Machine .", "tokens": ["I", "connect", "a", "LaCie", "2Big", "external", "drive", "via", "the", "firewire", "800", "interface", ",", "which", "is", "useful", "for", "Time", "Machine", "."], "record": "<extra_id_0> <extra_id_0> aspect <extra_id_5> LaCie 2Big external drive <extra_id_0> neutral <extra_id_5> useful <extra_id_1> <extra_id_1> <extra_id_0> aspect <extra_id_5> firewire 800 interface <extra_id_0> positive <extra_id_5> useful <extra_id_1> <extra_id_1> <extra_id_0> opinion <extra_id_5> useful <extra_id_1> <extra_id_0> aspect <extra_id_5> Time Machine <extra_id_0> neutral <extra_id_5> useful <extra_id_1> <extra_id_1> <extra_id_1>", "entity": [{"type": "aspect", "offset": [3, 4, 5, 6], "text": "LaCie 2Big external drive"}, {"type": "aspect", "offset": [9, 10, 11], "text": "firewire 800 interface"}, {"type": "aspect", "offset": [17, 18], "text": "Time Machine"}, {"type": "opinion", "offset": [15], "text": "useful"}], "relation": [{"type": "neutral", "args": [{"type": "aspect", "offset": [3, 4, 5, 6], "text": "LaCie 2Big external drive"}, {"type": "opinion", "offset": [15], "text": "useful"}]}, {"type": "positive", "args": [{"type": "aspect", "offset": [9, 10, 11], "text": "firewire 800 interface"}, {"type": "opinion", "offset": [15], "text": "useful"}]}, {"type": "neutral", "args": [{"type": "aspect", "offset": [17, 18], "text": "Time Machine"}, {"type": "opinion", "offset": [15], "text": "useful"}]}], "event": [], "spot": ["aspect", "opinion"], "asoc": ["positive", "neutral"], "spot_asoc": [{"span": "LaCie 2Big external drive", "label": "aspect", "asoc": [["neutral", "useful"]]}, {"span": "firewire 800 interface", "label": "aspect", "asoc": [["positive", "useful"]]}, {"span": "useful", "label": "opinion", "asoc": []}, {"span": "Time Machine", "label": "aspect", "asoc": [["neutral", "useful"]]}]}
{"text": "If you check you will find the same notebook with the above missing ports and a dual core AMD or Intel processor .", "tokens": ["If", "you", "check", "you", "will", "find", "the", "same", "notebook", "with", "the", "above", "missing", "ports", "and", "a", "dual", "core", "AMD", "or", "Intel", "processor", "."], "record": "<extra_id_0> <extra_id_0> opinion <extra_id_5> missing <extra_id_1> <extra_id_0> aspect <extra_id_5> ports <extra_id_0> neutral <extra_id_5> missing <extra_id_1> <extra_id_1> <extra_id_1>", "entity": [{"type": "aspect", "offset": [13], "text": "ports"}, {"type": "opinion", "offset": [12], "text": "missing"}], "relation": [{"type": "neutral", "args": [{"type": "aspect", "offset": [13], "text": "ports"}, {"type": "opinion", "offset": [12], "text": "missing"}]}], "event": [], "spot": ["aspect", "opinion"], "asoc": ["neutral"], "spot_asoc": [{"span": "missing", "label": "opinion", "asoc": []}, {"span": "ports", "label": "aspect", "asoc": [["neutral", "missing"]]}]}
{"text": "Again I sent it back and they replaced the motherboard and some fan inside .", "tokens": ["Again", "I", "sent", "it", "back", "and", "they", "replaced", "the", "motherboard", "and", "some", "fan", "inside", "."], "record": "<extra_id_0> <extra_id_0> opinion <extra_id_5> replaced <extra_id_1> <extra_id_0> aspect <extra_id_5> motherboard <extra_id_0> neutral <extra_id_5> replaced <extra_id_1> <extra_id_1> <extra_id_0> aspect <extra_id_5> fan <extra_id_0> neutral <extra_id_5> replaced <extra_id_1> <extra_id_1> <extra_id_1>", "entity": [{"type": "aspect", "offset": [9], "text": "motherboard"}, {"type": "aspect", "offset": [12], "text": "fan"}, {"type": "opinion", "offset": [7], "text": "replaced"}], "relation": [{"type": "neutral", "args": [{"type": "aspect", "offset": [9], "text": "motherboard"}, {"type": "opinion", "offset": [7], "text": "replaced"}]}, {"type": "neutral", "args": [{"type": "aspect", "offset": [12], "text": "fan"}, {"type": "opinion", "offset": [7], "text": "replaced"}]}], "event": [], "spot": ["aspect", "opinion"], "asoc": ["neutral"], "spot_asoc": [{"span": "replaced", "label": "opinion", "asoc": []}, {"span": "motherboard", "label": "aspect", "asoc": [["neutral", "replaced"]]}, {"span": "fan", "label": "aspect", "asoc": [["neutral", "replaced"]]}]}
{"text": "It is much faster than my desktop which is a Core2 Quad running at 2.83 GHz .", "tokens": ["It", "is", "much", "faster", "than", "my", "desktop", "which", "is", "a", "Core2", "Quad", "running", "at", "2.83", "GHz", "."], "record": "<extra_id_0> <extra_id_0> opinion <extra_id_5> faster <extra_id_1> <extra_id_0> aspect <extra_id_5> Core2 Quad <extra_id_0> neutral <extra_id_5> faster <extra_id_1> <extra_id_1> <extra_id_1>", "entity": [{"type": "aspect", "offset": [10, 11], "text": "Core2 Quad"}, {"type": "opinion", "offset": [3], "text": "faster"}], "relation": [{"type": "neutral", "args": [{"type": "aspect", "offset": [10, 11], "text": "Core2 Quad"}, {"type": "opinion", "offset": [3], "text": "faster"}]}], "event": [], "spot": ["aspect", "opinion"], "asoc": ["neutral"], "spot_asoc": [{"span": "faster", "label": "opinion", "asoc": []}, {"span": "Core2 Quad", "label": "aspect", "asoc": [["neutral", "faster"]]}]}
{"text": "The shop will definitely push the problem to the service center .", "tokens": ["The", "shop", "will", "definitely", "push", "the", "problem", "to", "the", "service", "center", "."], "record": "<extra_id_0> <extra_id_0> opinion <extra_id_5> problem <extra_id_1> <extra_id_0> aspect <extra_id_5> service center <extra_id_0> neutral <extra_id_5> problem <extra_id_1> <extra_id_1> <extra_id_1>", "entity": [{"type": "aspect", "offset": [9, 10], "text": "service center"}, {"type": "opinion", "offset": [6], "text": "problem"}], "relation": [{"type": "neutral", "args": [{"type": "aspect", "offset": [9, 10], "text": "service center"}, {"type": "opinion", "offset": [6], "text": "problem"}]}], "event": [], "spot": ["aspect", "opinion"], "asoc": ["neutral"], "spot_asoc": [{"span": "problem", "label": "opinion", "asoc": []}, {"span": "service center", "label": "aspect", "asoc": [["neutral", "problem"]]}]}
{"text": "When it come time for warranty service to Toshiba you do n't matter .", "tokens": ["When", "it", "come", "time", "for", "warranty", "service", "to", "Toshiba", "you", "do", "n't", "matter", "."], "record": "<extra_id_0> <extra_id_0> aspect <extra_id_5> warranty service to Toshiba <extra_id_0> neutral <extra_id_5> do n't matter <extra_id_1> <extra_id_1> <extra_id_0> opinion <extra_id_5> do n't matter <extra_id_1> <extra_id_1>", "entity": [{"type": "aspect", "offset": [5, 6, 7, 8], "text": "warranty service to Toshiba"}, {"type": "opinion", "offset": [10, 11, 12], "text": "do n't matter"}], "relation": [{"type": "neutral", "args": [{"type": "aspect", "offset": [5, 6, 7, 8], "text": "warranty service to Toshiba"}, {"type": "opinion", "offset": [10, 11, 12], "text": "do n't matter"}]}], "event": [], "spot": ["aspect", "opinion"], "asoc": ["neutral"], "spot_asoc": [{"span": "warranty service to Toshiba", "label": "aspect", "asoc": [["neutral", "do n't matter"]]}, {"span": "do n't matter", "label": "opinion", "asoc": []}]}
{"text": "I was loving this Netbook because it had an amazing screen and display and was small and light , but after 1 week it stopped openning web pages for me ( even after installing new browsers ) then eventually it just started giving me a blue screen and crashing everytime I booted it .", "tokens": ["I", "was", "loving", "this", "Netbook", "because", "it", "had", "an", "amazing", "screen", "and", "display", "and", "was", "small", "and", "light", ",", "but", "after", "1", "week", "it", "stopped", "openning", "web", "pages", "for", "me", "(", "even", "after", "installing", "new", "browsers", ")", "then", "eventually", "it", "just", "started", "giving", "me", "a", "blue", "screen", "and", "crashing", "everytime", "I", "booted", "it", "."], "record": "<extra_id_0> <extra_id_0> opinion <extra_id_5> amazing <extra_id_1> <extra_id_0> aspect <extra_id_5> screen <extra_id_0> positive <extra_id_5> amazing <extra_id_1> <extra_id_1> <extra_id_0> aspect <extra_id_5> display <extra_id_0> positive <extra_id_5> small <extra_id_1> <extra_id_0> positive <extra_id_5> light <extra_id_1> <extra_id_1> <extra_id_0> opinion <extra_id_5> small <extra_id_1> <extra_id_0> opinion <extra_id_5> light <extra_id_1> <extra_id_0> opinion <extra_id_5> new <extra_id_1> <extra_id_0> aspect <extra_id_5> browsers <extra_id_0> neutral <extra_id_5> new <extra_id_1> <extra_id_1> <extra_id_1>", "entity": [{"type": "aspect", "offset": [10], "text": "screen"}, {"type": "aspect", "offset": [12], "text": "display"}, {"type": "aspect", "offset": [35], "text": "browsers"}, {"type": "opinion", "offset": [9], "text": "amazing"}, {"type": "opinion", "offset": [15], "text": "small"}, {"type": "opinion", "offset": [17], "text": "light"}, {"type": "opinion", "offset": [34], "text": "new"}], "relation": [{"type": "positive", "args": [{"type": "aspect", "offset": [10], "text": "screen"}, {"type": "opinion", "offset": [9], "text": "amazing"}]}, {"type": "positive", "args": [{"type": "aspect", "offset": [12], "text": "display"}, {"type": "opinion", "offset": [15], "text": "small"}]}, {"type": "positive", "args": [{"type": "aspect", "offset": [12], "text": "display"}, {"type": "opinion", "offset": [17], "text": "light"}]}, {"type": "neutral", "args": [{"type": "aspect", "offset": [35], "text": "browsers"}, {"type": "opinion", "offset": [34], "text": "new"}]}], "event": [], "spot": ["aspect", "opinion"], "asoc": ["positive", "neutral"], "spot_asoc": [{"span": "amazing", "label": "opinion", "asoc": []}, {"span": "screen", "label": "aspect", "asoc": [["positive", "amazing"]]}, {"span": "display", "label": "aspect", "asoc": [["positive", "small"], ["positive", "light"]]}, {"span": "small", "label": "opinion", "asoc": []}, {"span": "light", "label": "opinion", "asoc": []}, {"span": "new", "label": "opinion", "asoc": []}, {"span": "browsers", "label": "aspect", "asoc": [["neutral", "new"]]}]}
{"text": "Supplied software : The software that comes with this machine is greatly welcomed compared to what Windows comes with .", "tokens": ["Supplied", "software", ":", "The", "software", "that", "comes", "with", "this", "machine", "is", "greatly", "welcomed", "compared", "to", "what", "Windows", "comes", "with", "."], "record": "<extra_id_0> <extra_id_0> aspect <extra_id_5> Supplied software <extra_id_0> neutral <extra_id_5> greatly welcomed <extra_id_1> <extra_id_1> <extra_id_0> aspect <extra_id_5> software <extra_id_0> positive <extra_id_5> greatly welcomed <extra_id_1> <extra_id_1> <extra_id_0> opinion <extra_id_5> greatly welcomed <extra_id_1> <extra_id_1>", "entity": [{"type": "aspect", "offset": [0, 1], "text": "Supplied software"}, {"type": "aspect", "offset": [4], "text": "software"}, {"type": "opinion", "offset": [11, 12], "text": "greatly welcomed"}], "relation": [{"type": "neutral", "args": [{"type": "aspect", "offset": [0, 1], "text": "Supplied software"}, {"type": "opinion", "offset": [11, 12], "text": "greatly welcomed"}]}, {"type": "positive", "args": [{"type": "aspect", "offset": [4], "text": "software"}, {"type": "opinion", "offset": [11, 12], "text": "greatly welcomed"}]}], "event": [], "spot": ["aspect", "opinion"], "asoc": ["positive", "neutral"], "spot_asoc": [{"span": "Supplied software", "label": "aspect", "asoc": [["neutral", "greatly welcomed"]]}, {"span": "software", "label": "aspect", "asoc": [["positive", "greatly welcomed"]]}, {"span": "greatly welcomed", "label": "opinion", "asoc": []}]}
{"text": "Hard disk - The new editions gives you more hard disk space ( 500GB instead of 320GB ) but time has taught me never to trust an internal hard disk .", "tokens": ["Hard", "disk", "-", "The", "new", "editions", "gives", "you", "more", "hard", "disk", "space", "(", "500GB", "instead", "of", "320GB", ")", "but", "time", "has", "taught", "me", "never", "to", "trust", "an", "internal", "hard", "disk", "."], "record": "<extra_id_0> <extra_id_0> opinion <extra_id_5> more <extra_id_1> <extra_id_0> aspect <extra_id_5> hard disk space <extra_id_0> positive <extra_id_5> more <extra_id_1> <extra_id_1> <extra_id_0> opinion <extra_id_5> never to trust <extra_id_1> <extra_id_0> aspect <extra_id_5> internal hard disk <extra_id_0> neutral <extra_id_5> never to trust <extra_id_1> <extra_id_1> <extra_id_1>", "entity": [{"type": "aspect", "offset": [9, 10, 11], "text": "hard disk space"}, {"type": "aspect", "offset": [27, 28, 29], "text": "internal hard disk"}, {"type": "opinion", "offset": [8], "text": "more"}, {"type": "opinion", "offset": [23, 24, 25], "text": "never to trust"}], "relation": [{"type": "positive", "args": [{"type": "aspect", "offset": [9, 10, 11], "text": "hard disk space"}, {"type": "opinion", "offset": [8], "text": "more"}]}, {"type": "neutral", "args": [{"type": "aspect", "offset": [27, 28, 29], "text": "internal hard disk"}, {"type": "opinion", "offset": [23, 24, 25], "text": "never to trust"}]}], "event": [], "spot": ["aspect", "opinion"], "asoc": ["positive", "neutral"], "spot_asoc": [{"span": "more", "label": "opinion", "asoc": []}, {"span": "hard disk space", "label": "aspect", "asoc": [["positive", "more"]]}, {"span": "never to trust", "label": "opinion", "asoc": []}, {"span": "internal hard disk", "label": "aspect", "asoc": [["neutral", "never to trust"]]}]}
{"text": "The Mac version of Microsoft Office is cheaper than buying the actual and works just as well .", "tokens": ["The", "Mac", "version", "of", "Microsoft", "Office", "is", "cheaper", "than", "buying", "the", "actual", "and", "works", "just", "as", "well", "."], "record": "<extra_id_0> <extra_id_0> aspect <extra_id_5> Mac version of Microsoft Office <extra_id_0> positive <extra_id_5> cheaper <extra_id_1> <extra_id_0> positive <extra_id_5> as well <extra_id_1> <extra_id_1> <extra_id_0> opinion <extra_id_5> cheaper <extra_id_1> <extra_id_0> opinion <extra_id_5> as well <extra_id_1> <extra_id_1>", "entity": [{"type": "aspect", "offset": [1, 2, 3, 4, 5], "text": "Mac version of Microsoft Office"}, {"type": "opinion", "offset": [7], "text": "cheaper"}, {"type": "opinion", "offset": [15, 16], "text": "as well"}], "relation": [{"type": "positive", "args": [{"type": "aspect", "offset": [1, 2, 3, 4, 5], "text": "Mac version of Microsoft Office"}, {"type": "opinion", "offset": [7], "text": "cheaper"}]}, {"type": "positive", "args": [{"type": "aspect", "offset": [1, 2, 3, 4, 5], "text": "Mac version of Microsoft Office"}, {"type": "opinion", "offset": [15, 16], "text": "as well"}]}], "event": [], "spot": ["aspect", "opinion"], "asoc": ["positive"], "spot_asoc": [{"span": "Mac version of Microsoft Office", "label": "aspect", "asoc": [["positive", "cheaper"], ["positive", "as well"]]}, {"span": "cheaper", "label": "opinion", "asoc": []}, {"span": "as well", "label": "opinion", "asoc": []}]}
{"text": "It has a lot of memory and a great battery life .", "tokens": ["It", "has", "a", "lot", "of", "memory", "and", "a", "great", "battery", "life", "."], "record": "<extra_id_0> <extra_id_0> opinion <extra_id_5> a lot of <extra_id_1> <extra_id_0> aspect <extra_id_5> memory <extra_id_0> positive <extra_id_5> a lot of <extra_id_1> <extra_id_1> <extra_id_0> opinion <extra_id_5> great <extra_id_1> <extra_id_0> aspect <extra_id_5> battery life <extra_id_0> positive <extra_id_5> great <extra_id_1> <extra_id_1> <extra_id_1>", "entity": [{"type": "aspect", "offset": [5], "text": "memory"}, {"type": "aspect", "offset": [9, 10], "text": "battery life"}, {"type": "opinion", "offset": [2, 3, 4], "text": "a lot of"}, {"type": "opinion", "offset": [8], "text": "great"}], "relation": [{"type": "positive", "args": [{"type": "aspect", "offset": [5], "text": "memory"}, {"type": "opinion", "offset": [2, 3, 4], "text": "a lot of"}]}, {"type": "positive", "args": [{"type": "aspect", "offset": [9, 10], "text": "battery life"}, {"type": "opinion", "offset": [8], "text": "great"}]}], "event": [], "spot": ["aspect", "opinion"], "asoc": ["positive"], "spot_asoc": [{"span": "a lot of", "label": "opinion", "asoc": []}, {"span": "memory", "label": "aspect", "asoc": [["positive", "a lot of"]]}, {"span": "great", "label": "opinion", "asoc": []}, {"span": "battery life", "label": "aspect", "asoc": [["positive", "great"]]}]}
{"text": "I connect a LaCie 2Big external drive via the firewire 800 interface , which is useful for Time Machine .", "tokens": ["I", "connect", "a", "LaCie", "2Big", "external", "drive", "via", "the", "firewire", "800", "interface", ",", "which", "is", "useful", "for", "Time", "Machine", "."], "record": "<extra_id_0> <extra_id_0> aspect <extra_id_5> LaCie 2Big external drive <extra_id_0> neutral <extra_id_5> useful <extra_id_1> <extra_id_1> <extra_id_0> aspect <extra_id_5> firewire 800 interface <extra_id_0> positive <extra_id_5> useful <extra_id_1> <extra_id_1> <extra_id_0> opinion <extra_id_5> useful <extra_id_1> <extra_id_0> aspect <extra_id_5> Time Machine <extra_id_0> neutral <extra_id_5> useful <extra_id_1> <extra_id_1> <extra_id_1>", "entity": [{"type": "aspect", "offset": [3, 4, 5, 6], "text": "LaCie 2Big external drive"}, {"type": "aspect", "offset": [9, 10, 11], "text": "firewire 800 interface"}, {"type": "aspect", "offset": [17, 18], "text": "Time Machine"}, {"type": "opinion", "offset": [15], "text": "useful"}], "relation": [{"type": "neutral", "args": [{"type": "aspect", "offset": [3, 4, 5, 6], "text": "LaCie 2Big external drive"}, {"type": "opinion", "offset": [15], "text": "useful"}]}, {"type": "positive", "args": [{"type": "aspect", "offset": [9, 10, 11], "text": "firewire 800 interface"}, {"type": "opinion", "offset": [15], "text": "useful"}]}, {"type": "neutral", "args": [{"type": "aspect", "offset": [17, 18], "text": "Time Machine"}, {"type": "opinion", "offset": [15], "text": "useful"}]}], "event": [], "spot": ["aspect", "opinion"], "asoc": ["positive", "neutral"], "spot_asoc": [{"span": "LaCie 2Big external drive", "label": "aspect", "asoc": [["neutral", "useful"]]}, {"span": "firewire 800 interface", "label": "aspect", "asoc": [["positive", "useful"]]}, {"span": "useful", "label": "opinion", "asoc": []}, {"span": "Time Machine", "label": "aspect", "asoc": [["neutral", "useful"]]}]}
{"text": "Everything from the design to the OS is simple and to the point .", "tokens": ["Everything", "from", "the", "design", "to", "the", "OS", "is", "simple", "and", "to", "the", "point", "."], "record": "<extra_id_0> <extra_id_0> aspect <extra_id_5> design <extra_id_0> positive <extra_id_5> simple <extra_id_1> <extra_id_0> positive <extra_id_5> to the point <extra_id_1> <extra_id_1> <extra_id_0> aspect <extra_id_5> OS <extra_id_0> positive <extra_id_5> simple <extra_id_1> <extra_id_0> positive <extra_id_5> to the point <extra_id_1> <extra_id_1> <extra_id_0> opinion <extra_id_5> simple <extra_id_1> <extra_id_0> opinion <extra_id_5> to the point <extra_id_1> <extra_id_1>", "entity": [{"type": "aspect", "offset": [3], "text": "design"}, {"type": "aspect", "offset": [6], "text": "OS"}, {"type": "opinion", "offset": [8], "text": "simple"}, {"type": "opinion", "offset": [10, 11, 12], "text": "to the point"}], "relation": [{"type": "positive", "args": [{"type": "aspect", "offset": [3], "text": "design"}, {"type": "opinion", "offset": [8], "text": "simple"}]}, {"type": "positive", "args": [{"type": "aspect", "offset": [3], "text": "design"}, {"type": "opinion", "offset": [10, 11, 12], "text": "to the point"}]}, {"type": "positive", "args": [{"type": "aspect", "offset": [6], "text": "OS"}, {"type": "opinion", "offset": [8], "text": "simple"}]}, {"type": "positive", "args": [{"type": "aspect", "offset": [6], "text": "OS"}, {"type": "opinion", "offset": [10, 11, 12], "text": "to the point"}]}], "event": [], "spot": ["aspect", "opinion"], "asoc": ["positive"], "spot_asoc": [{"span": "design", "label": "aspect", "asoc": [["positive", "simple"], ["positive", "to the point"]]}, {"span": "OS", "label": "aspect", "asoc": [["positive", "simple"], ["positive", "to the point"]]}, {"span": "simple", "label": "opinion", "asoc": []}, {"span": "to the point", "label": "opinion", "asoc": []}]}
{"text": "Overall , this laptop is definitely a keeper with its simple yet stylish design and its array of fantastic colors to choose from .", "tokens": ["Overall", ",", "this", "laptop", "is", "definitely", "a", "keeper", "with", "its", "simple", "yet", "stylish", "design", "and", "its", "array", "of", "fantastic", "colors", "to", "choose", "from", "."], "record": "<extra_id_0> <extra_id_0> opinion <extra_id_5> stylish <extra_id_1> <extra_id_0> aspect <extra_id_5> design <extra_id_0> positive <extra_id_5> stylish <extra_id_1> <extra_id_1> <extra_id_0> opinion <extra_id_5> fantastic <extra_id_1> <extra_id_0> aspect <extra_id_5> colors <extra_id_0> positive <extra_id_5> fantastic <extra_id_1> <extra_id_1> <extra_id_1>", "entity": [{"type": "aspect", "offset": [13], "text": "design"}, {"type": "aspect", "offset": [19], "text": "colors"}, {"type": "opinion", "offset": [12], "text": "stylish"}, {"type": "opinion", "offset": [18], "text": "fantastic"}], "relation": [{"type": "positive", "args": [{"type": "aspect", "offset": [13], "text": "design"}, {"type": "opinion", "offset": [12], "text": "stylish"}]}, {"type": "positive", "args": [{"type": "aspect", "offset": [19], "text": "colors"}, {"type": "opinion", "offset": [18], "text": "fantastic"}]}], "event": [], "spot": ["aspect", "opinion"], "asoc": ["positive"], "spot_asoc": [{"span": "stylish", "label": "opinion", "asoc": []}, {"span": "design", "label": "aspect", "asoc": [["positive", "stylish"]]}, {"span": "fantastic", "label": "opinion", "asoc": []}, {"span": "colors", "label": "aspect", "asoc": [["positive", "fantastic"]]}]}
{"text": "The graphics on this computer are also stellar - very clear and vivid .", "tokens": ["The", "graphics", "on", "this", "computer", "are", "also", "stellar", "-", "very", "clear", "and", "vivid", "."], "record": "<extra_id_0> <extra_id_0> aspect <extra_id_5> graphics <extra_id_0> positive <extra_id_5> stellar <extra_id_1> <extra_id_0> positive <extra_id_5> clear <extra_id_1> <extra_id_0> positive <extra_id_5> vivid <extra_id_1> <extra_id_1> <extra_id_0> opinion <extra_id_5> stellar <extra_id_1> <extra_id_0> opinion <extra_id_5> clear <extra_id_1> <extra_id_0> opinion <extra_id_5> vivid <extra_id_1> <extra_id_1>", "entity": [{"type": "aspect", "offset": [1], "text": "graphics"}, {"type": "opinion", "offset": [7], "text": "stellar"}, {"type": "opinion", "offset": [10], "text": "clear"}, {"type": "opinion", "offset": [12], "text": "vivid"}], "relation": [{"type": "positive", "args": [{"type": "aspect", "offset": [1], "text": "graphics"}, {"type": "opinion", "offset": [7], "text": "stellar"}]}, {"type": "positive", "args": [{"type": "aspect", "offset": [1], "text": "graphics"}, {"type": "opinion", "offset": [10], "text": "clear"}]}, {"type": "positive", "args": [{"type": "aspect", "offset": [1], "text": "graphics"}, {"type": "opinion", "offset": [12], "text": "vivid"}]}], "event": [], "spot": ["aspect", "opinion"], "asoc": ["positive"], "spot_asoc": [{"span": "graphics", "label": "aspect", "asoc": [["positive", "stellar"], ["positive", "clear"], ["positive", "vivid"]]}, {"span": "stellar", "label": "opinion", "asoc": []}, {"span": "clear", "label": "opinion", "asoc": []}, {"span": "vivid", "label": "opinion", "asoc": []}]}
{"text": "He loves it and it is easy to use and well the schools start teaching the kids early about computers so it was easy for him to get started .", "tokens": ["He", "loves", "it", "and", "it", "is", "easy", "to", "use", "and", "well", "the", "schools", "start", "teaching", "the", "kids", "early", "about", "computers", "so", "it", "was", "easy", "for", "him", "to", "get", "started", "."], "record": "<extra_id_0> <extra_id_0> opinion <extra_id_5> easy <extra_id_1> <extra_id_0> aspect <extra_id_5> use <extra_id_0> positive <extra_id_5> easy <extra_id_1> <extra_id_1> <extra_id_1>", "entity": [{"type": "aspect", "offset": [8], "text": "use"}, {"type": "opinion", "offset": [6], "text": "easy"}], "relation": [{"type": "positive", "args": [{"type": "aspect", "offset": [8], "text": "use"}, {"type": "opinion", "offset": [6], "text": "easy"}]}], "event": [], "spot": ["aspect", "opinion"], "asoc": ["positive"], "spot_asoc": [{"span": "easy", "label": "opinion", "asoc": []}, {"span": "use", "label": "aspect", "asoc": [["positive", "easy"]]}]}
{"text": "I 'm really impressed with the quality and performance for the price of the computer .", "tokens": ["I", "'m", "really", "impressed", "with", "the", "quality", "and", "performance", "for", "the", "price", "of", "the", "computer", "."], "record": "<extra_id_0> <extra_id_0> opinion <extra_id_5> impressed <extra_id_1> <extra_id_0> aspect <extra_id_5> quality <extra_id_0> positive <extra_id_5> impressed <extra_id_1> <extra_id_1> <extra_id_0> aspect <extra_id_5> performance <extra_id_0> positive <extra_id_5> impressed <extra_id_1> <extra_id_1> <extra_id_0> aspect <extra_id_5> price <extra_id_0> positive <extra_id_5> impressed <extra_id_1> <extra_id_1> <extra_id_1>", "entity": [{"type": "aspect", "offset": [6], "text": "quality"}, {"type": "aspect", "offset": [8], "text": "performance"}, {"type": "aspect", "offset": [11], "text": "price"}, {"type": "opinion", "offset": [3], "text": "impressed"}], "relation": [{"type": "positive", "args": [{"type": "aspect", "offset": [6], "text": "quality"}, {"type": "opinion", "offset": [3], "text": "impressed"}]}, {"type": "positive", "args": [{"type": "aspect", "offset": [8], "text": "performance"}, {"type": "opinion", "offset": [3], "text": "impressed"}]}, {"type": "positive", "args": [{"type": "aspect", "offset": [11], "text": "price"}, {"type": "opinion", "offset": [3], "text": "impressed"}]}], "event": [], "spot": ["aspect", "opinion"], "asoc": ["positive"], "spot_asoc": [{"span": "impressed", "label": "opinion", "asoc": []}, {"span": "quality", "label": "aspect", "asoc": [["positive", "impressed"]]}, {"span": "performance", "label": "aspect", "asoc": [["positive", "impressed"]]}, {"span": "price", "label": "aspect", "asoc": [["positive", "impressed"]]}]}
{"text": "I love WIndows 7 which is a vast improvment over Vista .", "tokens": ["I", "love", "WIndows", "7", "which", "is", "a", "vast", "improvment", "over", "Vista", "."], "record": "<extra_id_0> <extra_id_0> opinion <extra_id_5> love <extra_id_1> <extra_id_0> aspect <extra_id_5> WIndows 7 <extra_id_0> positive <extra_id_5> love <extra_id_1> <extra_id_1> <extra_id_1>", "entity": [{"type": "aspect", "offset": [2, 3], "text": "WIndows 7"}, {"type": "opinion", "offset": [1], "text": "love"}], "relation": [{"type": "positive", "args": [{"type": "aspect", "offset": [2, 3], "text": "WIndows 7"}, {"type": "opinion", "offset": [1], "text": "love"}]}], "event": [], "spot": ["aspect", "opinion"], "asoc": ["positive"], "spot_asoc": [{"span": "love", "label": "opinion", "asoc": []}, {"span": "WIndows 7", "label": "aspect", "asoc": [["positive", "love"]]}]}
{"text": "I also like the acer arcade but these were reallythe only two things I liked about this laptop .", "tokens": ["I", "also", "like", "the", "acer", "arcade", "but", "these", "were", "reallythe", "only", "two", "things", "I", "liked", "about", "this", "laptop", "."], "record": "<extra_id_0> <extra_id_0> opinion <extra_id_5> like <extra_id_1> <extra_id_0> aspect <extra_id_5> acer arcade <extra_id_0> positive <extra_id_5> like <extra_id_1> <extra_id_1> <extra_id_1>", "entity": [{"type": "aspect", "offset": [4, 5], "text": "acer arcade"}, {"type": "opinion", "offset": [2], "text": "like"}], "relation": [{"type": "positive", "args": [{"type": "aspect", "offset": [4, 5], "text": "acer arcade"}, {"type": "opinion", "offset": [2], "text": "like"}]}], "event": [], "spot": ["aspect", "opinion"], "asoc": ["positive"], "spot_asoc": [{"span": "like", "label": "opinion", "asoc": []}, {"span": "acer arcade", "label": "aspect", "asoc": [["positive", "like"]]}]}
