{"text": "The only thing that is n't perfect about this netbook is the speakers , they are not loud at all but I expected that .", "tokens": ["The", "only", "thing", "that", "is", "n't", "perfect", "about", "this", "netbook", "is", "the", "speakers", ",", "they", "are", "not", "loud", "at", "all", "but", "I", "expected", "that", "."], "record": "<extra_id_0> <extra_id_0> opinion <extra_id_5> is n't perfect <extra_id_1> <extra_id_0> aspect <extra_id_5> speakers <extra_id_0> negative <extra_id_5> is n't perfect <extra_id_1> <extra_id_0> negative <extra_id_5> not loud <extra_id_1> <extra_id_1> <extra_id_0> opinion <extra_id_5> not loud <extra_id_1> <extra_id_1>", "entity": [{"type": "aspect", "offset": [12], "text": "speakers"}, {"type": "opinion", "offset": [4, 5, 6], "text": "is n't perfect"}, {"type": "opinion", "offset": [16, 17], "text": "not loud"}], "relation": [{"type": "negative", "args": [{"type": "aspect", "offset": [12], "text": "speakers"}, {"type": "opinion", "offset": [4, 5, 6], "text": "is n't perfect"}]}, {"type": "negative", "args": [{"type": "aspect", "offset": [12], "text": "speakers"}, {"type": "opinion", "offset": [16, 17], "text": "not loud"}]}], "event": [], "spot": ["aspect", "opinion"], "asoc": ["negative"], "spot_asoc": [{"span": "is n't perfect", "label": "opinion", "asoc": []}, {"span": "speakers", "label": "aspect", "asoc": [["negative", "is n't perfect"], ["negative", "not loud"]]}, {"span": "not loud", "label": "opinion", "asoc": []}]}
{"text": "Windows XP SP2 caused many problems on the computer , so I had to remove it .", "tokens": ["Windows", "XP", "SP2", "caused", "many", "problems", "on", "the", "computer", ",", "so", "I", "had", "to", "remove", "it", "."], "record": "<extra_id_0> <extra_id_0> aspect <extra_id_5> Windows XP SP2 <extra_id_0> negative <extra_id_5> problems <extra_id_1> <extra_id_1> <extra_id_0> opinion <extra_id_5> problems <extra_id_1> <extra_id_1>", "entity": [{"type": "aspect", "offset": [0, 1, 2], "text": "Windows XP SP2"}, {"type": "opinion", "offset": [5], "text": "problems"}], "relation": [{"type": "negative", "args": [{"type": "aspect", "offset": [0, 1, 2], "text": "Windows XP SP2"}, {"type": "opinion", "offset": [5], "text": "problems"}]}], "event": [], "spot": ["aspect", "opinion"], "asoc": ["negative"], "spot_asoc": [{"span": "Windows XP SP2", "label": "aspect", "asoc": [["negative", "problems"]]}, {"span": "problems", "label": "opinion", "asoc": []}]}
{"text": "The only bad part is the size / weight .", "tokens": ["The", "only", "bad", "part", "is", "the", "size", "/", "weight", "."], "record": "<extra_id_0> <extra_id_0> opinion <extra_id_5> bad <extra_id_1> <extra_id_0> aspect <extra_id_5> size <extra_id_0> negative <extra_id_5> bad <extra_id_1> <extra_id_1> <extra_id_0> aspect <extra_id_5> weight <extra_id_0> negative <extra_id_5> bad <extra_id_1> <extra_id_1> <extra_id_1>", "entity": [{"type": "aspect", "offset": [6], "text": "size"}, {"type": "aspect", "offset": [8], "text": "weight"}, {"type": "opinion", "offset": [2], "text": "bad"}], "relation": [{"type": "negative", "args": [{"type": "aspect", "offset": [6], "text": "size"}, {"type": "opinion", "offset": [2], "text": "bad"}]}, {"type": "negative", "args": [{"type": "aspect", "offset": [8], "text": "weight"}, {"type": "opinion", "offset": [2], "text": "bad"}]}], "event": [], "spot": ["aspect", "opinion"], "asoc": ["negative"], "spot_asoc": [{"span": "bad", "label": "opinion", "asoc": []}, {"span": "size", "label": "aspect", "asoc": [["negative", "bad"]]}, {"span": "weight", "label": "aspect", "asoc": [["negative", "bad"]]}]}
{"text": "The video chat is the only thing that is iffy about it but im sure once they unpdate the next version on the macbook book the quality of it will be better .", "tokens": ["The", "video", "chat", "is", "the", "only", "thing", "that", "is", "iffy", "about", "it", "but", "im", "sure", "once", "they", "unpdate", "the", "next", "version", "on", "the", "macbook", "book", "the", "quality", "of", "it", "will", "be", "better", "."], "record": "<extra_id_0> <extra_id_0> aspect <extra_id_5> video chat <extra_id_0> negative <extra_id_5> iffy <extra_id_1> <extra_id_1> <extra_id_0> opinion <extra_id_5> iffy <extra_id_1> <extra_id_1>", "entity": [{"type": "aspect", "offset": [1, 2], "text": "video chat"}, {"type": "opinion", "offset": [9], "text": "iffy"}], "relation": [{"type": "negative", "args": [{"type": "aspect", "offset": [1, 2], "text": "video chat"}, {"type": "opinion", "offset": [9], "text": "iffy"}]}], "event": [], "spot": ["aspect", "opinion"], "asoc": ["negative"], "spot_asoc": [{"span": "video chat", "label": "aspect", "asoc": [["negative", "iffy"]]}, {"span": "iffy", "label": "opinion", "asoc": []}]}
{"text": "I got it back and my built-in webcam and built-in mic were shorting out anytime I touched the lid , ( mind you this was my means of communication with my fiance who was deployed ) but I suffered thru it and would constandly have to reset the computer to be able to use my cam and mic anytime they went out .", "tokens": ["I", "got", "it", "back", "and", "my", "built-in", "webcam", "and", "built-in", "mic", "were", "shorting", "out", "anytime", "I", "touched", "the", "lid", ",", "(", "mind", "you", "this", "was", "my", "means", "of", "communication", "with", "my", "fiance", "who", "was", "deployed", ")", "but", "I", "suffered", "thru", "it", "and", "would", "constandly", "have", "to", "reset", "the", "computer", "to", "be", "able", "to", "use", "my", "cam", "and", "mic", "anytime", "they", "went", "out", "."], "record": "<extra_id_0> <extra_id_0> aspect <extra_id_5> built-in webcam <extra_id_0> negative <extra_id_5> shorting out <extra_id_1> <extra_id_1> <extra_id_0> aspect <extra_id_5> built-in mic <extra_id_0> negative <extra_id_5> shorting out <extra_id_1> <extra_id_1> <extra_id_0> aspect <extra_id_5> mic <extra_id_0> negative <extra_id_5> suffered <extra_id_1> <extra_id_1> <extra_id_0> opinion <extra_id_5> shorting out <extra_id_1> <extra_id_0> opinion <extra_id_5> suffered <extra_id_1> <extra_id_0> aspect <extra_id_5> cam <extra_id_0> negative <extra_id_5> suffered <extra_id_1> <extra_id_1> <extra_id_1>", "entity": [{"type": "aspect", "offset": [6, 7], "text": "built-in webcam"}, {"type": "aspect", "offset": [9, 10], "text": "built-in mic"}, {"type": "aspect", "offset": [55], "text": "cam"}, {"type": "aspect", "offset": [10], "text": "mic"}, {"type": "opinion", "offset": [12, 13], "text": "shorting out"}, {"type": "opinion", "offset": [38], "text": "suffered"}], "relation": [{"type": "negative", "args": [{"type": "aspect", "offset": [6, 7], "text": "built-in webcam"}, {"type": "opinion", "offset": [12, 13], "text": "shorting out"}]}, {"type": "negative", "args": [{"type": "aspect", "offset": [9, 10], "text": "built-in mic"}, {"type": "opinion", "offset": [12, 13], "text": "shorting out"}]}, {"type": "negative", "args": [{"type": "aspect", "offset": [55], "text": "cam"}, {"type": "opinion", "offset": [38], "text": "suffered"}]}, {"type": "negative", "args": [{"type": "aspect", "offset": [10], "text": "mic"}, {"type": "opinion", "offset": [38], "text": "suffered"}]}], "event": [], "spot": ["aspect", "opinion"], "asoc": ["negative"], "spot_asoc": [{"span": "built-in webcam", "label": "aspect", "asoc": [["negative", "shorting out"]]}, {"span": "built-in mic", "label": "aspect", "asoc": [["negative", "shorting out"]]}, {"span": "mic", "label": "aspect", "asoc": [["negative", "suffered"]]}, {"span": "shorting out", "label": "opinion", "asoc": []}, {"span": "suffered", "label": "opinion", "asoc": []}, {"span": "cam", "label": "aspect", "asoc": [["negative", "suffered"]]}]}
{"text": "It is also very lightweight , making transporting this computer very easy .", "tokens": ["It", "is", "also", "very", "lightweight", ",", "making", "transporting", "this", "computer", "very", "easy", "."], "record": "<extra_id_0> <extra_id_0> aspect <extra_id_5> transporting <extra_id_0> positive <extra_id_5> easy <extra_id_1> <extra_id_1> <extra_id_0> opinion <extra_id_5> easy <extra_id_1> <extra_id_1>", "entity": [{"type": "aspect", "offset": [7], "text": "transporting"}, {"type": "opinion", "offset": [11], "text": "easy"}], "relation": [{"type": "positive", "args": [{"type": "aspect", "offset": [7], "text": "transporting"}, {"type": "opinion", "offset": [11], "text": "easy"}]}], "event": [], "spot": ["aspect", "opinion"], "asoc": ["positive"], "spot_asoc": [{"span": "transporting", "label": "aspect", "asoc": [["positive", "easy"]]}, {"span": "easy", "label": "opinion", "asoc": []}]}
{"text": "Mac also has many apps and programs that are quite cheap or free .", "tokens": ["Mac", "also", "has", "many", "apps", "and", "programs", "that", "are", "quite", "cheap", "or", "free", "."], "record": "<extra_id_0> <extra_id_0> aspect <extra_id_5> apps <extra_id_0> positive <extra_id_5> cheap <extra_id_1> <extra_id_0> positive <extra_id_5> free <extra_id_1> <extra_id_1> <extra_id_0> aspect <extra_id_5> programs <extra_id_0> positive <extra_id_5> cheap <extra_id_1> <extra_id_0> positive <extra_id_5> free <extra_id_1> <extra_id_1> <extra_id_0> opinion <extra_id_5> cheap <extra_id_1> <extra_id_0> opinion <extra_id_5> free <extra_id_1> <extra_id_1>", "entity": [{"type": "aspect", "offset": [4], "text": "apps"}, {"type": "aspect", "offset": [6], "text": "programs"}, {"type": "opinion", "offset": [10], "text": "cheap"}, {"type": "opinion", "offset": [12], "text": "free"}], "relation": [{"type": "positive", "args": [{"type": "aspect", "offset": [4], "text": "apps"}, {"type": "opinion", "offset": [10], "text": "cheap"}]}, {"type": "positive", "args": [{"type": "aspect", "offset": [4], "text": "apps"}, {"type": "opinion", "offset": [12], "text": "free"}]}, {"type": "positive", "args": [{"type": "aspect", "offset": [6], "text": "programs"}, {"type": "opinion", "offset": [10], "text": "cheap"}]}, {"type": "positive", "args": [{"type": "aspect", "offset": [6], "text": "programs"}, {"type": "opinion", "offset": [12], "text": "free"}]}], "event": [], "spot": ["aspect", "opinion"], "asoc": ["positive"], "spot_asoc": [{"span": "apps", "label": "aspect", "asoc": [["positive", "cheap"], ["positive", "free"]]}, {"span": "programs", "label": "aspect", "asoc": [["positive", "cheap"], ["positive", "free"]]}, {"span": "cheap", "label": "opinion", "asoc": []}, {"span": "free", "label": "opinion", "asoc": []}]}
{"text": "Only other thing is that if you are using this for document creation Apple doesnt provide any kind of word processor ( such as works for windows ) , but iwork is cheap compared to office .", "tokens": ["Only", "other", "thing", "is", "that", "if", "you", "are", "using", "this", "for", "document", "creation", "Apple", "doesnt", "provide", "any", "kind", "of", "word", "processor", "(", "such", "as", "works", "for", "windows", ")", ",", "but", "iwork", "is", "cheap", "compared", "to", "office", "."], "record": "<extra_id_0> <extra_id_0> opinion <extra_id_5> doesnt provide <extra_id_1> <extra_id_0> aspect <extra_id_5> word processor <extra_id_0> negative <extra_id_5> doesnt provide <extra_id_1> <extra_id_1> <extra_id_0> aspect <extra_id_5> iwork <extra_id_0> positive <extra_id_5> cheap <extra_id_1> <extra_id_1> <extra_id_0> opinion <extra_id_5> cheap <extra_id_1> <extra_id_1>", "entity": [{"type": "aspect", "offset": [30], "text": "iwork"}, {"type": "aspect", "offset": [19, 20], "text": "word processor"}, {"type": "opinion", "offset": [32], "text": "cheap"}, {"type": "opinion", "offset": [14, 15], "text": "doesnt provide"}], "relation": [{"type": "positive", "args": [{"type": "aspect", "offset": [30], "text": "iwork"}, {"type": "opinion", "offset": [32], "text": "cheap"}]}, {"type": "negative", "args": [{"type": "aspect", "offset": [19, 20], "text": "word processor"}, {"type": "opinion", "offset": [14, 15], "text": "doesnt provide"}]}], "event": [], "spot": ["aspect", "opinion"], "asoc": ["positive", "negative"], "spot_asoc": [{"span": "doesnt provide", "label": "opinion", "asoc": []}, {"span": "word processor", "label": "aspect", "asoc": [["negative", "doesnt provide"]]}, {"span": "iwork", "label": "aspect", "asoc": [["positive", "cheap"]]}, {"span": "cheap", "label": "opinion", "asoc": []}]}
{"text": "I also like the acer arcade but these were reallythe only two things I liked about this laptop .", "tokens": ["I", "also", "like", "the", "acer", "arcade", "but", "these", "were", "reallythe", "only", "two", "things", "I", "liked", "about", "this", "laptop", "."], "record": "<extra_id_0> <extra_id_0> opinion <extra_id_5> like <extra_id_1> <extra_id_0> aspect <extra_id_5> acer arcade <extra_id_0> positive <extra_id_5> like <extra_id_1> <extra_id_1> <extra_id_1>", "entity": [{"type": "aspect", "offset": [4, 5], "text": "acer arcade"}, {"type": "opinion", "offset": [2], "text": "like"}], "relation": [{"type": "positive", "args": [{"type": "aspect", "offset": [4, 5], "text": "acer arcade"}, {"type": "opinion", "offset": [2], "text": "like"}]}], "event": [], "spot": ["aspect", "opinion"], "asoc": ["positive"], "spot_asoc": [{"span": "like", "label": "opinion", "asoc": []}, {"span": "acer arcade", "label": "aspect", "asoc": [["positive", "like"]]}]}
{"text": "The magnetic plug-in power charging power cord is great ( I even put it to the test by accident ) - excellent innovation !", "tokens": ["The", "magnetic", "plug-in", "power", "charging", "power", "cord", "is", "great", "(", "I", "even", "put", "it", "to", "the", "test", "by", "accident", ")", "-", "excellent", "innovation", "!"], "record": "<extra_id_0> <extra_id_0> aspect <extra_id_5> magnetic plug-in power charging power cord <extra_id_0> positive <extra_id_5> great <extra_id_1> <extra_id_0> positive <extra_id_5> excellent <extra_id_1> <extra_id_1> <extra_id_0> opinion <extra_id_5> great <extra_id_1> <extra_id_0> opinion <extra_id_5> excellent <extra_id_1> <extra_id_1>", "entity": [{"type": "aspect", "offset": [1, 2, 3, 4, 5, 6], "text": "magnetic plug-in power charging power cord"}, {"type": "opinion", "offset": [8], "text": "great"}, {"type": "opinion", "offset": [21], "text": "excellent"}], "relation": [{"type": "positive", "args": [{"type": "aspect", "offset": [1, 2, 3, 4, 5, 6], "text": "magnetic plug-in power charging power cord"}, {"type": "opinion", "offset": [8], "text": "great"}]}, {"type": "positive", "args": [{"type": "aspect", "offset": [1, 2, 3, 4, 5, 6], "text": "magnetic plug-in power charging power cord"}, {"type": "opinion", "offset": [21], "text": "excellent"}]}], "event": [], "spot": ["aspect", "opinion"], "asoc": ["positive"], "spot_asoc": [{"span": "magnetic plug-in power charging power cord", "label": "aspect", "asoc": [["positive", "great"], ["positive", "excellent"]]}, {"span": "great", "label": "opinion", "asoc": []}, {"span": "excellent", "label": "opinion", "asoc": []}]}
{"text": "I also enjoy the fact that my MacBook Pro laptop allows me to run Windows 7 on it by using the VMWare program .", "tokens": ["I", "also", "enjoy", "the", "fact", "that", "my", "MacBook", "Pro", "laptop", "allows", "me", "to", "run", "Windows", "7", "on", "it", "by", "using", "the", "VMWare", "program", "."], "record": "<extra_id_0> <extra_id_0> opinion <extra_id_5> enjoy <extra_id_1> <extra_id_0> aspect <extra_id_5> Windows 7 <extra_id_0> positive <extra_id_5> enjoy <extra_id_1> <extra_id_1> <extra_id_0> aspect <extra_id_5> VMWare program <extra_id_0> neutral <extra_id_5> enjoy <extra_id_1> <extra_id_1> <extra_id_1>", "entity": [{"type": "aspect", "offset": [14, 15], "text": "Windows 7"}, {"type": "aspect", "offset": [21, 22], "text": "VMWare program"}, {"type": "opinion", "offset": [2], "text": "enjoy"}], "relation": [{"type": "positive", "args": [{"type": "aspect", "offset": [14, 15], "text": "Windows 7"}, {"type": "opinion", "offset": [2], "text": "enjoy"}]}, {"type": "neutral", "args": [{"type": "aspect", "offset": [21, 22], "text": "VMWare program"}, {"type": "opinion", "offset": [2], "text": "enjoy"}]}], "event": [], "spot": ["aspect", "opinion"], "asoc": ["positive", "neutral"], "spot_asoc": [{"span": "enjoy", "label": "opinion", "asoc": []}, {"span": "Windows 7", "label": "aspect", "asoc": [["positive", "enjoy"]]}, {"span": "VMWare program", "label": "aspect", "asoc": [["neutral", "enjoy"]]}]}
{"text": "Take your time and go through the tutorials patiently .", "tokens": ["Take", "your", "time", "and", "go", "through", "the", "tutorials", "patiently", "."], "record": "<extra_id_0> <extra_id_0> aspect <extra_id_5> tutorials <extra_id_0> neutral <extra_id_5> patiently <extra_id_1> <extra_id_1> <extra_id_0> opinion <extra_id_5> patiently <extra_id_1> <extra_id_1>", "entity": [{"type": "aspect", "offset": [7], "text": "tutorials"}, {"type": "opinion", "offset": [8], "text": "patiently"}], "relation": [{"type": "neutral", "args": [{"type": "aspect", "offset": [7], "text": "tutorials"}, {"type": "opinion", "offset": [8], "text": "patiently"}]}], "event": [], "spot": ["aspect", "opinion"], "asoc": ["neutral"], "spot_asoc": [{"span": "tutorials", "label": "aspect", "asoc": [["neutral", "patiently"]]}, {"span": "patiently", "label": "opinion", "asoc": []}]}
{"text": "I bought it for my mom and she reports that the battery life lasts all day for her , it 's very lightweight , and the response for the computing she 's doing ( Internet focused activity : mail , research , etc . ) is excellent ;", "tokens": ["I", "bought", "it", "for", "my", "mom", "and", "she", "reports", "that", "the", "battery", "life", "lasts", "all", "day", "for", "her", ",", "it", "'s", "very", "lightweight", ",", "and", "the", "response", "for", "the", "computing", "she", "'s", "doing", "(", "Internet", "focused", "activity", ":", "mail", ",", "research", ",", "etc", ".", ")", "is", "excellent", ";"], "record": "<extra_id_0> <extra_id_0> aspect <extra_id_5> battery life <extra_id_0> positive <extra_id_5> lasts all day <extra_id_1> <extra_id_1> <extra_id_0> opinion <extra_id_5> lasts all day <extra_id_1> <extra_id_0> aspect <extra_id_5> response <extra_id_0> positive <extra_id_5> excellent <extra_id_1> <extra_id_1> <extra_id_0> aspect <extra_id_5> Internet focused activity <extra_id_0> neutral <extra_id_5> excellent <extra_id_1> <extra_id_1> <extra_id_0> opinion <extra_id_5> excellent <extra_id_1> <extra_id_1>", "entity": [{"type": "aspect", "offset": [11, 12], "text": "battery life"}, {"type": "aspect", "offset": [26], "text": "response"}, {"type": "aspect", "offset": [34, 35, 36], "text": "Internet focused activity"}, {"type": "opinion", "offset": [13, 14, 15], "text": "lasts all day"}, {"type": "opinion", "offset": [46], "text": "excellent"}], "relation": [{"type": "positive", "args": [{"type": "aspect", "offset": [11, 12], "text": "battery life"}, {"type": "opinion", "offset": [13, 14, 15], "text": "lasts all day"}]}, {"type": "positive", "args": [{"type": "aspect", "offset": [26], "text": "response"}, {"type": "opinion", "offset": [46], "text": "excellent"}]}, {"type": "neutral", "args": [{"type": "aspect", "offset": [34, 35, 36], "text": "Internet focused activity"}, {"type": "opinion", "offset": [46], "text": "excellent"}]}], "event": [], "spot": ["aspect", "opinion"], "asoc": ["positive", "neutral"], "spot_asoc": [{"span": "battery life", "label": "aspect", "asoc": [["positive", "lasts all day"]]}, {"span": "lasts all day", "label": "opinion", "asoc": []}, {"span": "response", "label": "aspect", "asoc": [["positive", "excellent"]]}, {"span": "Internet focused activity", "label": "aspect", "asoc": [["neutral", "excellent"]]}, {"span": "excellent", "label": "opinion", "asoc": []}]}
{"text": "It is easy to navigate and update programs .", "tokens": ["It", "is", "easy", "to", "navigate", "and", "update", "programs", "."], "record": "<extra_id_0> <extra_id_0> opinion <extra_id_5> easy <extra_id_1> <extra_id_0> aspect <extra_id_5> navigate <extra_id_0> positive <extra_id_5> easy <extra_id_1> <extra_id_1> <extra_id_0> aspect <extra_id_5> update programs <extra_id_0> neutral <extra_id_5> easy <extra_id_1> <extra_id_1> <extra_id_1>", "entity": [{"type": "aspect", "offset": [6, 7], "text": "update programs"}, {"type": "aspect", "offset": [4], "text": "navigate"}, {"type": "opinion", "offset": [2], "text": "easy"}], "relation": [{"type": "neutral", "args": [{"type": "aspect", "offset": [6, 7], "text": "update programs"}, {"type": "opinion", "offset": [2], "text": "easy"}]}, {"type": "positive", "args": [{"type": "aspect", "offset": [4], "text": "navigate"}, {"type": "opinion", "offset": [2], "text": "easy"}]}], "event": [], "spot": ["aspect", "opinion"], "asoc": ["positive", "neutral"], "spot_asoc": [{"span": "easy", "label": "opinion", "asoc": []}, {"span": "navigate", "label": "aspect", "asoc": [["positive", "easy"]]}, {"span": "update programs", "label": "aspect", "asoc": [["neutral", "easy"]]}]}
{"text": "While it was highly rated , would I like it ? I tried the keyboard at the store , and it seemed ok .", "tokens": ["While", "it", "was", "highly", "rated", ",", "would", "I", "like", "it", "?", "I", "tried", "the", "keyboard", "at", "the", "store", ",", "and", "it", "seemed", "ok", "."], "record": "<extra_id_0> <extra_id_0> aspect <extra_id_5> keyboard <extra_id_0> neutral <extra_id_5> ok <extra_id_1> <extra_id_1> <extra_id_0> opinion <extra_id_5> ok <extra_id_1> <extra_id_1>", "entity": [{"type": "aspect", "offset": [14], "text": "keyboard"}, {"type": "opinion", "offset": [22], "text": "ok"}], "relation": [{"type": "neutral", "args": [{"type": "aspect", "offset": [14], "text": "keyboard"}, {"type": "opinion", "offset": [22], "text": "ok"}]}], "event": [], "spot": ["aspect", "opinion"], "asoc": ["neutral"], "spot_asoc": [{"span": "keyboard", "label": "aspect", "asoc": [["neutral", "ok"]]}, {"span": "ok", "label": "opinion", "asoc": []}]}
