{"text": "Food was average and creme brulee was awful - the sugar was charred , not caramelized and smelled of kerosene .", "tokens": ["Food", "was", "average", "and", "creme", "brulee", "was", "awful", "-", "the", "sugar", "was", "charred", ",", "not", "caramelized", "and", "smelled", "of", "kerosene", "."], "record": "<extra_id_0> <extra_id_0> aspect <extra_id_5> Food <extra_id_0> neutral <extra_id_5> average <extra_id_1> <extra_id_1> <extra_id_0> opinion <extra_id_5> average <extra_id_1> <extra_id_0> aspect <extra_id_5> creme brulee <extra_id_0> negative <extra_id_5> awful <extra_id_1> <extra_id_1> <extra_id_0> opinion <extra_id_5> awful <extra_id_1> <extra_id_0> aspect <extra_id_5> sugar <extra_id_0> negative <extra_id_5> charred <extra_id_1> <extra_id_1> <extra_id_0> opinion <extra_id_5> charred <extra_id_1> <extra_id_1>", "entity": [{"type": "aspect", "offset": [0], "text": "Food"}, {"type": "aspect", "offset": [4, 5], "text": "creme brulee"}, {"type": "aspect", "offset": [10], "text": "sugar"}, {"type": "opinion", "offset": [2], "text": "average"}, {"type": "opinion", "offset": [7], "text": "awful"}, {"type": "opinion", "offset": [12], "text": "charred"}], "relation": [{"type": "neutral", "args": [{"type": "aspect", "offset": [0], "text": "Food"}, {"type": "opinion", "offset": [2], "text": "average"}]}, {"type": "negative", "args": [{"type": "aspect", "offset": [4, 5], "text": "creme brulee"}, {"type": "opinion", "offset": [7], "text": "awful"}]}, {"type": "negative", "args": [{"type": "aspect", "offset": [10], "text": "sugar"}, {"type": "opinion", "offset": [12], "text": "charred"}]}], "event": [], "spot": ["aspect", "opinion"], "asoc": ["negative", "neutral"], "spot_asoc": [{"span": "Food", "label": "aspect", "asoc": [["neutral", "average"]]}, {"span": "average", "label": "opinion", "asoc": []}, {"span": "creme brulee", "label": "aspect", "asoc": [["negative", "awful"]]}, {"span": "awful", "label": "opinion", "asoc": []}, {"span": "sugar", "label": "aspect", "asoc": [["negative", "charred"]]}, {"span": "charred", "label": "opinion", "asoc": []}]}
{"text": "The ambiance is minimal the food is not phenomenal , but some dishes are quite good , such as the eggplant parmesan , veal in carozza chicken saltimbocca .", "tokens": ["The", "ambiance", "is", "minimal", "the", "food", "is", "not", "phenomenal", ",", "but", "some", "dishes", "are", "quite", "good", ",", "such", "as", "the", "eggplant", "parmesan", ",", "veal", "in", "carozza", "chicken", "saltimbocca", "."], "record": "<extra_id_0> <extra_id_0> aspect <extra_id_5> ambiance <extra_id_0> positive <extra_id_5> minimal <extra_id_1> <extra_id_1> <extra_id_0> opinion <extra_id_5> minimal <extra_id_1> <extra_id_0> aspect <extra_id_5> food <extra_id_0> negative <extra_id_5> not phenomenal <extra_id_1> <extra_id_1> <extra_id_0> opinion <extra_id_5> not phenomenal <extra_id_1> <extra_id_0> aspect <extra_id_5> dishes <extra_id_0> positive <extra_id_5> good <extra_id_1> <extra_id_1> <extra_id_0> opinion <extra_id_5> good <extra_id_1> <extra_id_0> aspect <extra_id_5> eggplant parmesan <extra_id_0> positive <extra_id_5> good <extra_id_1> <extra_id_1> <extra_id_0> aspect <extra_id_5> veal in carozza chicken saltimbocca <extra_id_0> positive <extra_id_5> good <extra_id_1> <extra_id_1> <extra_id_1>", "entity": [{"type": "aspect", "offset": [1], "text": "ambiance"}, {"type": "aspect", "offset": [5], "text": "food"}, {"type": "aspect", "offset": [12], "text": "dishes"}, {"type": "aspect", "offset": [20, 21], "text": "eggplant parmesan"}, {"type": "aspect", "offset": [23, 24, 25, 26, 27], "text": "veal in carozza chicken saltimbocca"}, {"type": "opinion", "offset": [3], "text": "minimal"}, {"type": "opinion", "offset": [7, 8], "text": "not phenomenal"}, {"type": "opinion", "offset": [15], "text": "good"}], "relation": [{"type": "positive", "args": [{"type": "aspect", "offset": [1], "text": "ambiance"}, {"type": "opinion", "offset": [3], "text": "minimal"}]}, {"type": "negative", "args": [{"type": "aspect", "offset": [5], "text": "food"}, {"type": "opinion", "offset": [7, 8], "text": "not phenomenal"}]}, {"type": "positive", "args": [{"type": "aspect", "offset": [12], "text": "dishes"}, {"type": "opinion", "offset": [15], "text": "good"}]}, {"type": "positive", "args": [{"type": "aspect", "offset": [20, 21], "text": "eggplant parmesan"}, {"type": "opinion", "offset": [15], "text": "good"}]}, {"type": "positive", "args": [{"type": "aspect", "offset": [23, 24, 25, 26, 27], "text": "veal in carozza chicken saltimbocca"}, {"type": "opinion", "offset": [15], "text": "good"}]}], "event": [], "spot": ["aspect", "opinion"], "asoc": ["positive", "negative"], "spot_asoc": [{"span": "ambiance", "label": "aspect", "asoc": [["positive", "minimal"]]}, {"span": "minimal", "label": "opinion", "asoc": []}, {"span": "food", "label": "aspect", "asoc": [["negative", "not phenomenal"]]}, {"span": "not phenomenal", "label": "opinion", "asoc": []}, {"span": "dishes", "label": "aspect", "asoc": [["positive", "good"]]}, {"span": "good", "label": "opinion", "asoc": []}, {"span": "eggplant parmesan", "label": "aspect", "asoc": [["positive", "good"]]}, {"span": "veal in carozza chicken saltimbocca", "label": "aspect", "asoc": [["positive", "good"]]}]}
{"text": "Barbecued codfish was gorgeously moist - as if poached - yet the fabulous texture was let down by curiously bland seasoning - a spice rub might have overwhelmed , however herb mix or other sauce would have done much to enhance .", "tokens": ["Barbecued", "codfish", "was", "gorgeously", "moist", "-", "as", "if", "poached", "-", "yet", "the", "fabulous", "texture", "was", "let", "down", "by", "curiously", "bland", "seasoning", "-", "a", "spice", "rub", "might", "have", "overwhelmed", ",", "however", "herb", "mix", "or", "other", "sauce", "would", "have", "done", "much", "to", "enhance", "."], "record": "<extra_id_0> <extra_id_0> aspect <extra_id_5> Barbecued codfish <extra_id_0> positive <extra_id_5> moist <extra_id_1> <extra_id_1> <extra_id_0> opinion <extra_id_5> moist <extra_id_1> <extra_id_0> opinion <extra_id_5> bland <extra_id_1> <extra_id_0> aspect <extra_id_5> seasoning <extra_id_0> negative <extra_id_5> bland <extra_id_1> <extra_id_1> <extra_id_0> aspect <extra_id_5> spice rub <extra_id_0> negative <extra_id_5> overwhelmed <extra_id_1> <extra_id_1> <extra_id_0> opinion <extra_id_5> overwhelmed <extra_id_1> <extra_id_0> aspect <extra_id_5> herb mix <extra_id_0> negative <extra_id_5> to enhance <extra_id_1> <extra_id_1> <extra_id_0> aspect <extra_id_5> sauce <extra_id_0> negative <extra_id_5> to enhance <extra_id_1> <extra_id_1> <extra_id_0> opinion <extra_id_5> to enhance <extra_id_1> <extra_id_1>", "entity": [{"type": "aspect", "offset": [0, 1], "text": "Barbecued codfish"}, {"type": "aspect", "offset": [20], "text": "seasoning"}, {"type": "aspect", "offset": [23, 24], "text": "spice rub"}, {"type": "aspect", "offset": [30, 31], "text": "herb mix"}, {"type": "aspect", "offset": [34], "text": "sauce"}, {"type": "opinion", "offset": [4], "text": "moist"}, {"type": "opinion", "offset": [19], "text": "bland"}, {"type": "opinion", "offset": [27], "text": "overwhelmed"}, {"type": "opinion", "offset": [39, 40], "text": "to enhance"}], "relation": [{"type": "positive", "args": [{"type": "aspect", "offset": [0, 1], "text": "Barbecued codfish"}, {"type": "opinion", "offset": [4], "text": "moist"}]}, {"type": "negative", "args": [{"type": "aspect", "offset": [20], "text": "seasoning"}, {"type": "opinion", "offset": [19], "text": "bland"}]}, {"type": "negative", "args": [{"type": "aspect", "offset": [23, 24], "text": "spice rub"}, {"type": "opinion", "offset": [27], "text": "overwhelmed"}]}, {"type": "negative", "args": [{"type": "aspect", "offset": [30, 31], "text": "herb mix"}, {"type": "opinion", "offset": [39, 40], "text": "to enhance"}]}, {"type": "negative", "args": [{"type": "aspect", "offset": [34], "text": "sauce"}, {"type": "opinion", "offset": [39, 40], "text": "to enhance"}]}], "event": [], "spot": ["aspect", "opinion"], "asoc": ["positive", "negative"], "spot_asoc": [{"span": "Barbecued codfish", "label": "aspect", "asoc": [["positive", "moist"]]}, {"span": "moist", "label": "opinion", "asoc": []}, {"span": "bland", "label": "opinion", "asoc": []}, {"span": "seasoning", "label": "aspect", "asoc": [["negative", "bland"]]}, {"span": "spice rub", "label": "aspect", "asoc": [["negative", "overwhelmed"]]}, {"span": "overwhelmed", "label": "opinion", "asoc": []}, {"span": "herb mix", "label": "aspect", "asoc": [["negative", "to enhance"]]}, {"span": "sauce", "label": "aspect", "asoc": [["negative", "to enhance"]]}, {"span": "to enhance", "label": "opinion", "asoc": []}]}
{"text": "I would n't even have complained at all if the food at least tasted good but the quality of food was crappy , too .", "tokens": ["I", "would", "n't", "even", "have", "complained", "at", "all", "if", "the", "food", "at", "least", "tasted", "good", "but", "the", "quality", "of", "food", "was", "crappy", ",", "too", "."], "record": "<extra_id_0> <extra_id_0> aspect <extra_id_5> quality of food <extra_id_0> negative <extra_id_5> crappy <extra_id_1> <extra_id_1> <extra_id_0> opinion <extra_id_5> crappy <extra_id_1> <extra_id_1>", "entity": [{"type": "aspect", "offset": [17, 18, 19], "text": "quality of food"}, {"type": "opinion", "offset": [21], "text": "crappy"}], "relation": [{"type": "negative", "args": [{"type": "aspect", "offset": [17, 18, 19], "text": "quality of food"}, {"type": "opinion", "offset": [21], "text": "crappy"}]}], "event": [], "spot": ["aspect", "opinion"], "asoc": ["negative"], "spot_asoc": [{"span": "quality of food", "label": "aspect", "asoc": [["negative", "crappy"]]}, {"span": "crappy", "label": "opinion", "asoc": []}]}
{"text": "The noise level was unbearable , conversation impossible .", "tokens": ["The", "noise", "level", "was", "unbearable", ",", "conversation", "impossible", "."], "record": "<extra_id_0> <extra_id_0> aspect <extra_id_5> noise level <extra_id_0> negative <extra_id_5> unbearable <extra_id_1> <extra_id_1> <extra_id_0> opinion <extra_id_5> unbearable <extra_id_1> <extra_id_1>", "entity": [{"type": "aspect", "offset": [1, 2], "text": "noise level"}, {"type": "opinion", "offset": [4], "text": "unbearable"}], "relation": [{"type": "negative", "args": [{"type": "aspect", "offset": [1, 2], "text": "noise level"}, {"type": "opinion", "offset": [4], "text": "unbearable"}]}], "event": [], "spot": ["aspect", "opinion"], "asoc": ["negative"], "spot_asoc": [{"span": "noise level", "label": "aspect", "asoc": [["negative", "unbearable"]]}, {"span": "unbearable", "label": "opinion", "asoc": []}]}
{"text": "Definite go if you 're used to good Indian restaurant food from abroad .", "tokens": ["Definite", "go", "if", "you", "'re", "used", "to", "good", "Indian", "restaurant", "food", "from", "abroad", "."], "record": "<extra_id_0> <extra_id_0> opinion <extra_id_5> good <extra_id_1> <extra_id_0> aspect <extra_id_5> Indian restaurant food <extra_id_0> positive <extra_id_5> good <extra_id_1> <extra_id_1> <extra_id_1>", "entity": [{"type": "aspect", "offset": [8, 9, 10], "text": "Indian restaurant food"}, {"type": "opinion", "offset": [7], "text": "good"}], "relation": [{"type": "positive", "args": [{"type": "aspect", "offset": [8, 9, 10], "text": "Indian restaurant food"}, {"type": "opinion", "offset": [7], "text": "good"}]}], "event": [], "spot": ["aspect", "opinion"], "asoc": ["positive"], "spot_asoc": [{"span": "good", "label": "opinion", "asoc": []}, {"span": "Indian restaurant food", "label": "aspect", "asoc": [["positive", "good"]]}]}
{"text": "The service was the only thing good about this restaurant .", "tokens": ["The", "service", "was", "the", "only", "thing", "good", "about", "this", "restaurant", "."], "record": "<extra_id_0> <extra_id_0> aspect <extra_id_5> service <extra_id_0> positive <extra_id_5> good <extra_id_1> <extra_id_1> <extra_id_0> opinion <extra_id_5> good <extra_id_1> <extra_id_1>", "entity": [{"type": "aspect", "offset": [1], "text": "service"}, {"type": "opinion", "offset": [6], "text": "good"}], "relation": [{"type": "positive", "args": [{"type": "aspect", "offset": [1], "text": "service"}, {"type": "opinion", "offset": [6], "text": "good"}]}], "event": [], "spot": ["aspect", "opinion"], "asoc": ["positive"], "spot_asoc": [{"span": "service", "label": "aspect", "asoc": [["positive", "good"]]}, {"span": "good", "label": "opinion", "asoc": []}]}
{"text": "Guacamole+shrimp appetizer was really great , we both had the filet , very good , did n't much like the frites that came with , but the filet was so good , neither of us cared .", "tokens": ["Guacamole+shrimp", "appetizer", "was", "really", "great", ",", "we", "both", "had", "the", "filet", ",", "very", "good", ",", "did", "n't", "much", "like", "the", "frites", "that", "came", "with", ",", "but", "the", "filet", "was", "so", "good", ",", "neither", "of", "us", "cared", "."], "record": "<extra_id_0> <extra_id_0> aspect <extra_id_5> Guacamole+shrimp appetizer <extra_id_0> positive <extra_id_5> great <extra_id_1> <extra_id_1> <extra_id_0> opinion <extra_id_5> great <extra_id_1> <extra_id_0> aspect <extra_id_5> filet <extra_id_0> positive <extra_id_5> good <extra_id_1> <extra_id_1> <extra_id_0> opinion <extra_id_5> good <extra_id_1> <extra_id_0> aspect <extra_id_5> filet <extra_id_0> positive <extra_id_5> good <extra_id_1> <extra_id_1> <extra_id_0> opinion <extra_id_5> good <extra_id_1> <extra_id_1>", "entity": [{"type": "aspect", "offset": [0, 1], "text": "Guacamole+shrimp appetizer"}, {"type": "aspect", "offset": [10], "text": "filet"}, {"type": "aspect", "offset": [27], "text": "filet"}, {"type": "opinion", "offset": [4], "text": "great"}, {"type": "opinion", "offset": [13], "text": "good"}, {"type": "opinion", "offset": [30], "text": "good"}], "relation": [{"type": "positive", "args": [{"type": "aspect", "offset": [0, 1], "text": "Guacamole+shrimp appetizer"}, {"type": "opinion", "offset": [4], "text": "great"}]}, {"type": "positive", "args": [{"type": "aspect", "offset": [10], "text": "filet"}, {"type": "opinion", "offset": [13], "text": "good"}]}, {"type": "positive", "args": [{"type": "aspect", "offset": [27], "text": "filet"}, {"type": "opinion", "offset": [30], "text": "good"}]}], "event": [], "spot": ["aspect", "opinion"], "asoc": ["positive"], "spot_asoc": [{"span": "Guacamole+shrimp appetizer", "label": "aspect", "asoc": [["positive", "great"]]}, {"span": "great", "label": "opinion", "asoc": []}, {"span": "filet", "label": "aspect", "asoc": [["positive", "good"]]}, {"span": "good", "label": "opinion", "asoc": []}, {"span": "filet", "label": "aspect", "asoc": [["positive", "good"]]}, {"span": "good", "label": "opinion", "asoc": []}]}
{"text": "The grilled cheese at home afterwards was better . ! !", "tokens": ["The", "grilled", "cheese", "at", "home", "afterwards", "was", "better", ".", "!", "!"], "record": "<extra_id_0> <extra_id_0> aspect <extra_id_5> grilled cheese <extra_id_0> positive <extra_id_5> better <extra_id_1> <extra_id_1> <extra_id_0> opinion <extra_id_5> better <extra_id_1> <extra_id_1>", "entity": [{"type": "aspect", "offset": [1, 2], "text": "grilled cheese"}, {"type": "opinion", "offset": [7], "text": "better"}], "relation": [{"type": "positive", "args": [{"type": "aspect", "offset": [1, 2], "text": "grilled cheese"}, {"type": "opinion", "offset": [7], "text": "better"}]}], "event": [], "spot": ["aspect", "opinion"], "asoc": ["positive"], "spot_asoc": [{"span": "grilled cheese", "label": "aspect", "asoc": [["positive", "better"]]}, {"span": "better", "label": "opinion", "asoc": []}]}
{"text": "The food is uniformly exceptional , with a very capable kitchen which will proudly whip up whatever you feel like eating , whether it 's on the menu or not .", "tokens": ["The", "food", "is", "uniformly", "exceptional", ",", "with", "a", "very", "capable", "kitchen", "which", "will", "proudly", "whip", "up", "whatever", "you", "feel", "like", "eating", ",", "whether", "it", "'s", "on", "the", "menu", "or", "not", "."], "record": "<extra_id_0> <extra_id_0> aspect <extra_id_5> food <extra_id_0> positive <extra_id_5> exceptional <extra_id_1> <extra_id_1> <extra_id_0> opinion <extra_id_5> exceptional <extra_id_1> <extra_id_0> opinion <extra_id_5> capable <extra_id_1> <extra_id_0> aspect <extra_id_5> kitchen <extra_id_0> positive <extra_id_5> capable <extra_id_1> <extra_id_1> <extra_id_1>", "entity": [{"type": "aspect", "offset": [1], "text": "food"}, {"type": "aspect", "offset": [10], "text": "kitchen"}, {"type": "opinion", "offset": [4], "text": "exceptional"}, {"type": "opinion", "offset": [9], "text": "capable"}], "relation": [{"type": "positive", "args": [{"type": "aspect", "offset": [1], "text": "food"}, {"type": "opinion", "offset": [4], "text": "exceptional"}]}, {"type": "positive", "args": [{"type": "aspect", "offset": [10], "text": "kitchen"}, {"type": "opinion", "offset": [9], "text": "capable"}]}], "event": [], "spot": ["aspect", "opinion"], "asoc": ["positive"], "spot_asoc": [{"span": "food", "label": "aspect", "asoc": [["positive", "exceptional"]]}, {"span": "exceptional", "label": "opinion", "asoc": []}, {"span": "capable", "label": "opinion", "asoc": []}, {"span": "kitchen", "label": "aspect", "asoc": [["positive", "capable"]]}]}
{"text": "The tables are crammed way too close , the menu is typical of any Italian restaurant , and the wine list is simply overpriced .", "tokens": ["The", "tables", "are", "crammed", "way", "too", "close", ",", "the", "menu", "is", "typical", "of", "any", "Italian", "restaurant", ",", "and", "the", "wine", "list", "is", "simply", "overpriced", "."], "record": "<extra_id_0> <extra_id_0> aspect <extra_id_5> tables <extra_id_0> negative <extra_id_5> crammed <extra_id_1> <extra_id_0> negative <extra_id_5> too close <extra_id_1> <extra_id_1> <extra_id_0> opinion <extra_id_5> crammed <extra_id_1> <extra_id_0> opinion <extra_id_5> too close <extra_id_1> <extra_id_0> aspect <extra_id_5> menu <extra_id_0> neutral <extra_id_5> typical <extra_id_1> <extra_id_1> <extra_id_0> opinion <extra_id_5> typical <extra_id_1> <extra_id_0> aspect <extra_id_5> wine list <extra_id_0> negative <extra_id_5> overpriced <extra_id_1> <extra_id_1> <extra_id_0> opinion <extra_id_5> overpriced <extra_id_1> <extra_id_1>", "entity": [{"type": "aspect", "offset": [1], "text": "tables"}, {"type": "aspect", "offset": [9], "text": "menu"}, {"type": "aspect", "offset": [19, 20], "text": "wine list"}, {"type": "opinion", "offset": [3], "text": "crammed"}, {"type": "opinion", "offset": [5, 6], "text": "too close"}, {"type": "opinion", "offset": [11], "text": "typical"}, {"type": "opinion", "offset": [23], "text": "overpriced"}], "relation": [{"type": "negative", "args": [{"type": "aspect", "offset": [1], "text": "tables"}, {"type": "opinion", "offset": [3], "text": "crammed"}]}, {"type": "negative", "args": [{"type": "aspect", "offset": [1], "text": "tables"}, {"type": "opinion", "offset": [5, 6], "text": "too close"}]}, {"type": "neutral", "args": [{"type": "aspect", "offset": [9], "text": "menu"}, {"type": "opinion", "offset": [11], "text": "typical"}]}, {"type": "negative", "args": [{"type": "aspect", "offset": [19, 20], "text": "wine list"}, {"type": "opinion", "offset": [23], "text": "overpriced"}]}], "event": [], "spot": ["aspect", "opinion"], "asoc": ["neutral", "negative"], "spot_asoc": [{"span": "tables", "label": "aspect", "asoc": [["negative", "crammed"], ["negative", "too close"]]}, {"span": "crammed", "label": "opinion", "asoc": []}, {"span": "too close", "label": "opinion", "asoc": []}, {"span": "menu", "label": "aspect", "asoc": [["neutral", "typical"]]}, {"span": "typical", "label": "opinion", "asoc": []}, {"span": "wine list", "label": "aspect", "asoc": [["negative", "overpriced"]]}, {"span": "overpriced", "label": "opinion", "asoc": []}]}
{"text": "For some reason , all the seafood on the menu was unavailable except for the Salmon .", "tokens": ["For", "some", "reason", ",", "all", "the", "seafood", "on", "the", "menu", "was", "unavailable", "except", "for", "the", "Salmon", "."], "record": "<extra_id_0> <extra_id_0> aspect <extra_id_5> seafood <extra_id_0> negative <extra_id_5> unavailable <extra_id_1> <extra_id_1> <extra_id_0> aspect <extra_id_5> menu <extra_id_0> negative <extra_id_5> unavailable <extra_id_1> <extra_id_1> <extra_id_0> opinion <extra_id_5> unavailable <extra_id_1> <extra_id_0> opinion <extra_id_5> except <extra_id_1> <extra_id_0> aspect <extra_id_5> Salmon <extra_id_0> neutral <extra_id_5> except <extra_id_1> <extra_id_1> <extra_id_1>", "entity": [{"type": "aspect", "offset": [6], "text": "seafood"}, {"type": "aspect", "offset": [9], "text": "menu"}, {"type": "aspect", "offset": [15], "text": "Salmon"}, {"type": "opinion", "offset": [11], "text": "unavailable"}, {"type": "opinion", "offset": [12], "text": "except"}], "relation": [{"type": "negative", "args": [{"type": "aspect", "offset": [6], "text": "seafood"}, {"type": "opinion", "offset": [11], "text": "unavailable"}]}, {"type": "negative", "args": [{"type": "aspect", "offset": [9], "text": "menu"}, {"type": "opinion", "offset": [11], "text": "unavailable"}]}, {"type": "neutral", "args": [{"type": "aspect", "offset": [15], "text": "Salmon"}, {"type": "opinion", "offset": [12], "text": "except"}]}], "event": [], "spot": ["aspect", "opinion"], "asoc": ["neutral", "negative"], "spot_asoc": [{"span": "seafood", "label": "aspect", "asoc": [["negative", "unavailable"]]}, {"span": "menu", "label": "aspect", "asoc": [["negative", "unavailable"]]}, {"span": "unavailable", "label": "opinion", "asoc": []}, {"span": "except", "label": "opinion", "asoc": []}, {"span": "Salmon", "label": "aspect", "asoc": [["neutral", "except"]]}]}
{"text": "What came to our table was burned beyond recognition and stringy .", "tokens": ["What", "came", "to", "our", "table", "was", "burned", "beyond", "recognition", "and", "stringy", "."], "record": "<extra_id_0> <extra_id_0> aspect <extra_id_5> table <extra_id_0> neutral <extra_id_5> burned <extra_id_1> <extra_id_1> <extra_id_0> opinion <extra_id_5> burned <extra_id_1> <extra_id_1>", "entity": [{"type": "aspect", "offset": [4], "text": "table"}, {"type": "opinion", "offset": [6], "text": "burned"}], "relation": [{"type": "neutral", "args": [{"type": "aspect", "offset": [4], "text": "table"}, {"type": "opinion", "offset": [6], "text": "burned"}]}], "event": [], "spot": ["aspect", "opinion"], "asoc": ["neutral"], "spot_asoc": [{"span": "table", "label": "aspect", "asoc": [["neutral", "burned"]]}, {"span": "burned", "label": "opinion", "asoc": []}]}
{"text": "No free drink .", "tokens": ["No", "free", "drink", "."], "record": "<extra_id_0> <extra_id_0> opinion <extra_id_5> No free <extra_id_1> <extra_id_0> aspect <extra_id_5> drink <extra_id_0> neutral <extra_id_5> No free <extra_id_1> <extra_id_1> <extra_id_1>", "entity": [{"type": "aspect", "offset": [2], "text": "drink"}, {"type": "opinion", "offset": [0, 1], "text": "No free"}], "relation": [{"type": "neutral", "args": [{"type": "aspect", "offset": [2], "text": "drink"}, {"type": "opinion", "offset": [0, 1], "text": "No free"}]}], "event": [], "spot": ["aspect", "opinion"], "asoc": ["neutral"], "spot_asoc": [{"span": "No free", "label": "opinion", "asoc": []}, {"span": "drink", "label": "aspect", "asoc": [["neutral", "No free"]]}]}
{"text": "The second you walk through the heavy vault like door , with people anticipating your arrival you get the sense that you are going to have the dining ride of a lifetime .", "tokens": ["The", "second", "you", "walk", "through", "the", "heavy", "vault", "like", "door", ",", "with", "people", "anticipating", "your", "arrival", "you", "get", "the", "sense", "that", "you", "are", "going", "to", "have", "the", "dining", "ride", "of", "a", "lifetime", "."], "record": "<extra_id_0> <extra_id_0> opinion <extra_id_5> heavy <extra_id_1> <extra_id_0> aspect <extra_id_5> door <extra_id_0> neutral <extra_id_5> heavy <extra_id_1> <extra_id_1> <extra_id_1>", "entity": [{"type": "aspect", "offset": [9], "text": "door"}, {"type": "opinion", "offset": [6], "text": "heavy"}], "relation": [{"type": "neutral", "args": [{"type": "aspect", "offset": [9], "text": "door"}, {"type": "opinion", "offset": [6], "text": "heavy"}]}], "event": [], "spot": ["aspect", "opinion"], "asoc": ["neutral"], "spot_asoc": [{"span": "heavy", "label": "opinion", "asoc": []}, {"span": "door", "label": "aspect", "asoc": [["neutral", "heavy"]]}]}
